timestamp,can_id,source,observed_rate,expected_rate,id_valid,dlc_valid,payload_valid,rate_anomaly,replay_detected,risk_score,risk_level,reasons,gateway_action
2026-10-07T01:43:46.928,0x100,BRAKE,2,100,True,True,True,False,True,30,MEDIUM,REPLAY_DETECTED,MONITOR
2026-10-07T01:43:46.948,0x100,BRAKE,4,100,True,True,True,False,True,30,MEDIUM,REPLAY_DETECTED,MONITOR
2026-10-07T01:43:46.961,0x100,BRAKE,5,100,True,True,True,False,True,30,MEDIUM,REPLAY_DETECTED,MONITOR
2026-10-07T01:43:46.968,0x100,BRAKE,6,100,True,True,True,False,True,30,MEDIUM,REPLAY_DETECTED,MONITOR
2026-10-07T01:43:46.980,0x100,BRAKE,7,100,True,True,True,False,True,30,MEDIUM,REPLAY_DETECTED,MONITOR
2026-10-07T01:43:46.986,0x100,BRAKE,8,100,True,True,True,False,True,30,MEDIUM,REPLAY_DETECTED,MONITOR
2026-10-07T01:43:46.999,0x100,BRAKE,9,100,True,True,True,False,True,30,MEDIUM,REPLAY_DETECTED,MONITOR
2026-10-07T01:43:47.006,0x100,BRAKE,10,100,True,True,True,False,True,30,MEDIUM,REPLAY_DETECTED,MONITOR
2026-10-07T01:43:47.019,0x100,BRAKE,11,100,True,True,True,False,True,30,MEDIUM,REPLAY_DETECTED,MONITOR
2026-10-07T01:43:47.032,0x100,BRAKE,12,100,True,True,True,False,True,30,MEDIUM,REPLAY_DETECTED,MONITOR
2026-10-07T01:43:47.038,0x100,BRAKE,13,100,True,True,True,False,True,30,MEDIUM,REPLAY_DETECTED,MONITOR
2026-10-07T01:43:47.038,0x200,SPEED,7,50,True,True,True,False,True,30,MEDIUM,REPLAY_DETECTED,MONITOR
2026-10-07T01:43:47.051,0x100,BRAKE,14,100,True,True,True,False,True,30,MEDIUM,REPLAY_DETECTED,MONITOR
2026-10-07T01:43:47.058,0x100,BRAKE,15,100,True,True,True,False,True,30,MEDIUM,REPLAY_DETECTED,MONITOR
2026-10-07T01:43:47.071,0x100,BRAKE,16,100,True,True,True,False,True,30,MEDIUM,REPLAY_DETECTED,MONITOR
2026-10-07T01:43:47.078,0x100,BRAKE,17,100,True,True,True,False,True,30,MEDIUM,REPLAY_DETECTED,MONITOR
2026-10-07T01:43:47.091,0x100,BRAKE,18,100,True,True,True,False,True,30,MEDIUM,REPLAY_DETECTED,MONITOR
2026-10-07T01:43:47.098,0x100,BRAKE,19,100,True,True,True,False,True,30,MEDIUM,REPLAY_DETECTED,MONITOR
2026-10-07T01:43:47.109,0x100,BRAKE,20,100,True,True,True,False,True,30,MEDIUM,REPLAY_DETECTED,MONITOR
2026-10-07T01:43:47.122,0x100,BRAKE,21,100,True,True,True,False,True,30,MEDIUM,REPLAY_DETECTED,MONITOR
2026-10-07T01:43:47.129,0x100,BRAKE,22,100,True,True,True,False,True,30,MEDIUM,REPLAY_DETECTED,MONITOR
2026-10-07T01:43:47.136,0x100,BRAKE,23,100,True,True,True,False,True,30,MEDIUM,REPLAY_DETECTED,MONITOR
2026-10-07T01:43:47.137,0x200,SPEED,12,50,True,True,True,False,True,30,MEDIUM,REPLAY_DETECTED,MONITOR
2026-10-07T01:43:47.150,0x100,BRAKE,24,100,True,True,True,False,True,30,MEDIUM,REPLAY_DETECTED,MONITOR
2026-10-07T01:43:47.157,0x100,BRAKE,25,100,True,True,True,False,True,30,MEDIUM,REPLAY_DETECTED,MONITOR
2026-10-07T01:43:47.170,0x100,BRAKE,26,100,True,True,True,False,True,30,MEDIUM,REPLAY_DETECTED,MONITOR
2026-10-07T01:43:47.177,0x100,BRAKE,27,100,True,True,True,False,True,30,MEDIUM,REPLAY_DETECTED,MONITOR
2026-10-07T01:43:47.191,0x100,BRAKE,28,100,True,True,True,False,True,30,MEDIUM,REPLAY_DETECTED,MONITOR
2026-10-07T01:43:47.199,0x100,BRAKE,29,100,True,True,True,False,True,30,MEDIUM,REPLAY_DETECTED,MONITOR
2026-10-07T01:43:47.208,0x100,BRAKE,30,100,True,True,True,False,True,30,MEDIUM,REPLAY_DETECTED,MONITOR
2026-10-07T01:43:47.222,0x100,BRAKE,31,100,True,True,True,False,True,30,MEDIUM,REPLAY_DETECTED,MONITOR
2026-10-07T01:43:47.232,0x100,BRAKE,32,100,True,True,True,False,True,30,MEDIUM,REPLAY_DETECTED,MONITOR
2026-10-07T01:43:47.239,0x100,BRAKE,33,100,True,True,True,False,True,30,MEDIUM,REPLAY_DETECTED,MONITOR
2026-10-07T01:43:47.248,0x100,BRAKE,34,100,True,True,True,False,True,30,MEDIUM,REPLAY_DETECTED,MONITOR
2026-10-07T01:43:47.262,0x100,BRAKE,35,100,True,True,True,False,True,30,MEDIUM,REPLAY_DETECTED,MONITOR
2026-10-07T01:43:47.270,0x100,BRAKE,36,100,True,True,True,False,True,30,MEDIUM,REPLAY_DETECTED,MONITOR
2026-10-07T01:43:47.277,0x100,BRAKE,37,100,True,True,True,False,True,30,MEDIUM,REPLAY_DETECTED,MONITOR
2026-10-07T01:43:47.293,0x100,BRAKE,38,100,True,True,True,False,True,30,MEDIUM,REPLAY_DETECTED,MONITOR
2026-10-07T01:43:47.299,0x100,BRAKE,39,100,True,True,True,False,True,30,MEDIUM,REPLAY_DETECTED,MONITOR
2026-10-07T01:43:47.308,0x100,BRAKE,40,100,True,True,True,False,True,30,MEDIUM,REPLAY_DETECTED,MONITOR
2026-10-07T01:43:47.317,0x100,BRAKE,41,100,True,True,True,False,True,30,MEDIUM,REPLAY_DETECTED,MONITOR
2026-10-07T01:43:47.331,0x100,BRAKE,42,100,True,True,True,False,True,30,MEDIUM,REPLAY_DETECTED,MONITOR
2026-10-07T01:43:47.338,0x100,BRAKE,43,100,True,True,True,False,True,30,MEDIUM,REPLAY_DETECTED,MONITOR
2026-10-07T01:43:47.339,0x200,SPEED,22,50,True,True,True,False,True,30,MEDIUM,REPLAY_DETECTED,MONITOR
2026-10-07T01:43:47.350,0x100,BRAKE,44,100,True,True,True,False,True,30,MEDIUM,REPLAY_DETECTED,MONITOR
2026-10-07T01:43:47.357,0x100,BRAKE,45,100,True,True,True,False,True,30,MEDIUM,REPLAY_DETECTED,MONITOR
2026-10-07T01:43:47.371,0x100,BRAKE,46,100,True,True,True,False,True,30,MEDIUM,REPLAY_DETECTED,MONITOR
2026-10-07T01:43:47.379,0x100,BRAKE,47,100,True,True,True,False,True,30,MEDIUM,REPLAY_DETECTED,MONITOR
2026-10-07T01:43:47.392,0x100,BRAKE,48,100,True,True,True,False,True,30,MEDIUM,REPLAY_DETECTED,MONITOR
2026-10-07T01:43:47.408,0x100,BRAKE,49,100,True,True,True,False,True,30,MEDIUM,REPLAY_DETECTED,MONITOR
2026-10-07T01:43:47.416,0x100,BRAKE,50,100,True,True,True,False,True,30,MEDIUM,REPLAY_DETECTED,MONITOR
2026-10-07T01:43:47.424,0x100,BRAKE,51,100,True,True,True,False,True,30,MEDIUM,REPLAY_DETECTED,MONITOR
2026-10-07T01:43:47.431,0x100,BRAKE,52,100,True,True,True,False,True,30,MEDIUM,REPLAY_DETECTED,MONITOR
2026-10-07T01:43:47.438,0x100,BRAKE,53,100,True,True,True,False,True,30,MEDIUM,REPLAY_DETECTED,MONITOR
2026-10-07T01:43:47.451,0x100,BRAKE,54,100,True,True,True,False,True,30,MEDIUM,REPLAY_DETECTED,MONITOR
2026-10-07T01:43:47.458,0x100,BRAKE,55,100,True,True,True,False,True,30,MEDIUM,REPLAY_DETECTED,MONITOR
2026-10-07T01:43:47.471,0x100,BRAKE,56,100,True,True,True,False,True,30,MEDIUM,REPLAY_DETECTED,MONITOR
2026-10-07T01:43:47.478,0x100,BRAKE,57,100,True,True,True,False,True,30,MEDIUM,REPLAY_DETECTED,MONITOR
2026-10-07T01:43:47.491,0x100,BRAKE,58,100,True,True,True,False,True,30,MEDIUM,REPLAY_DETECTED,MONITOR
2026-10-07T01:43:47.497,0x100,BRAKE,59,100,True,True,True,False,True,30,MEDIUM,REPLAY_DETECTED,MONITOR
2026-10-07T01:43:47.498,0x200,SPEED,30,50,True,True,True,False,True,30,MEDIUM,REPLAY_DETECTED,MONITOR
2026-10-07T01:43:47.511,0x100,BRAKE,60,100,True,True,True,False,True,30,MEDIUM,REPLAY_DETECTED,MONITOR
2026-10-07T01:43:47.518,0x100,BRAKE,61,100,True,True,True,False,True,30,MEDIUM,REPLAY_DETECTED,MONITOR
2026-10-07T01:43:47.518,0x200,SPEED,31,50,True,True,True,False,True,30,MEDIUM,REPLAY_DETECTED,MONITOR
2026-10-07T01:43:47.531,0x100,BRAKE,62,100,True,True,True,False,True,30,MEDIUM,REPLAY_DETECTED,MONITOR
2026-10-07T01:43:47.538,0x100,BRAKE,63,100,True,True,True,False,True,30,MEDIUM,REPLAY_DETECTED,MONITOR
2026-10-07T01:43:47.552,0x100,BRAKE,64,100,True,True,True,False,True,30,MEDIUM,REPLAY_DETECTED,MONITOR
2026-10-07T01:43:47.558,0x100,BRAKE,65,100,True,True,True,False,True,30,MEDIUM,REPLAY_DETECTED,MONITOR
2026-10-07T01:43:47.559,0x200,SPEED,33,50,True,True,True,False,True,30,MEDIUM,REPLAY_DETECTED,MONITOR
2026-10-07T01:43:47.572,0x100,BRAKE,66,100,True,True,True,False,True,30,MEDIUM,REPLAY_DETECTED,MONITOR
2026-10-07T01:43:47.579,0x100,BRAKE,67,100,True,True,True,False,True,30,MEDIUM,REPLAY_DETECTED,MONITOR
2026-10-07T01:43:47.580,0x200,SPEED,34,50,True,True,True,False,True,30,MEDIUM,REPLAY_DETECTED,MONITOR
2026-10-07T01:43:47.588,0x100,BRAKE,68,100,True,True,True,False,True,30,MEDIUM,REPLAY_DETECTED,MONITOR
2026-10-07T01:43:47.601,0x100,BRAKE,69,100,True,True,True,False,True,30,MEDIUM,REPLAY_DETECTED,MONITOR
2026-10-07T01:43:47.602,0x200,SPEED,35,50,True,True,True,False,True,30,MEDIUM,REPLAY_DETECTED,MONITOR
2026-10-07T01:43:47.608,0x100,BRAKE,70,100,True,True,True,False,True,30,MEDIUM,REPLAY_DETECTED,MONITOR
2026-10-07T01:43:47.621,0x100,BRAKE,71,100,True,True,True,False,True,30,MEDIUM,REPLAY_DETECTED,MONITOR
2026-10-07T01:43:47.629,0x100,BRAKE,72,100,True,True,True,False,True,30,MEDIUM,REPLAY_DETECTED,MONITOR
2026-10-07T01:43:47.636,0x100,BRAKE,73,100,True,True,True,False,True,30,MEDIUM,REPLAY_DETECTED,MONITOR
2026-10-07T01:43:47.649,0x100,BRAKE,74,100,True,True,True,False,True,30,MEDIUM,REPLAY_DETECTED,MONITOR
2026-10-07T01:43:47.658,0x100,BRAKE,75,100,True,True,True,False,True,30,MEDIUM,REPLAY_DETECTED,MONITOR
2026-10-07T01:43:47.666,0x100,BRAKE,76,100,True,True,True,False,True,30,MEDIUM,REPLAY_DETECTED,MONITOR
2026-10-07T01:43:47.679,0x100,BRAKE,77,100,True,True,True,False,True,30,MEDIUM,REPLAY_DETECTED,MONITOR
2026-10-07T01:43:47.681,0x200,SPEED,40,50,True,True,True,False,True,30,MEDIUM,REPLAY_DETECTED,MONITOR
2026-10-07T01:43:47.688,0x100,BRAKE,78,100,True,True,True,False,True,30,MEDIUM,REPLAY_DETECTED,MONITOR
2026-10-07T01:43:47.700,0x100,BRAKE,79,100,True,True,True,False,True,30,MEDIUM,REPLAY_DETECTED,MONITOR
2026-10-07T01:43:47.708,0x100,BRAKE,80,100,True,True,True,False,True,30,MEDIUM,REPLAY_DETECTED,MONITOR
2026-10-07T01:43:47.721,0x100,BRAKE,81,100,True,True,True,False,True,30,MEDIUM,REPLAY_DETECTED,MONITOR
2026-10-07T01:43:47.722,0x180,ADAS,17,20,True,True,True,False,True,30,MEDIUM,REPLAY_DETECTED,MONITOR
2026-10-07T01:43:47.726,0x200,SPEED,42,50,True,True,True,False,True,30,MEDIUM,REPLAY_DETECTED,MONITOR
2026-10-07T01:43:47.732,0x100,BRAKE,82,100,True,True,True,False,True,30,MEDIUM,REPLAY_DETECTED,MONITOR
2026-10-07T01:43:47.740,0x100,BRAKE,83,100,True,True,True,False,True,30,MEDIUM,REPLAY_DETECTED,MONITOR
2026-10-07T01:43:47.741,0x200,SPEED,43,50,True,True,True,False,True,30,MEDIUM,REPLAY_DETECTED,MONITOR
2026-10-07T01:43:47.748,0x100,BRAKE,84,100,True,True,True,False,True,30,MEDIUM,REPLAY_DETECTED,MONITOR
2026-10-07T01:43:47.761,0x100,BRAKE,85,100,True,True,True,False,True,30,MEDIUM,REPLAY_DETECTED,MONITOR
2026-10-07T01:43:47.762,0x200,SPEED,44,50,True,True,True,False,True,30,MEDIUM,REPLAY_DETECTED,MONITOR
2026-10-07T01:43:47.770,0x100,BRAKE,86,100,True,True,True,False,True,30,MEDIUM,REPLAY_DETECTED,MONITOR
2026-10-07T01:43:47.777,0x100,BRAKE,87,100,True,True,True,False,True,30,MEDIUM,REPLAY_DETECTED,MONITOR
2026-10-07T01:43:47.793,0x100,BRAKE,88,100,True,True,True,False,True,30,MEDIUM,REPLAY_DETECTED,MONITOR
2026-10-07T01:43:47.799,0x100,BRAKE,89,100,True,True,True,False,True,30,MEDIUM,REPLAY_DETECTED,MONITOR
2026-10-07T01:43:47.800,0x200,SPEED,46,50,True,True,True,False,True,30,MEDIUM,REPLAY_DETECTED,MONITOR
2026-10-07T01:43:47.809,0x100,BRAKE,90,100,True,True,True,False,True,30,MEDIUM,REPLAY_DETECTED,MONITOR
2026-10-07T01:43:47.816,0x100,BRAKE,91,100,True,True,True,False,True,30,MEDIUM,REPLAY_DETECTED,MONITOR
2026-10-07T01:43:47.830,0x100,BRAKE,92,100,True,True,True,False,True,30,MEDIUM,REPLAY_DETECTED,MONITOR
2026-10-07T01:43:47.838,0x100,BRAKE,93,100,True,True,True,False,True,30,MEDIUM,REPLAY_DETECTED,MONITOR
2026-10-07T01:43:47.847,0x100,BRAKE,94,100,True,True,True,False,True,30,MEDIUM,REPLAY_DETECTED,MONITOR
2026-10-07T01:43:47.860,0x100,BRAKE,95,100,True,True,True,False,True,30,MEDIUM,REPLAY_DETECTED,MONITOR
2026-10-07T01:43:47.868,0x100,BRAKE,96,100,True,True,True,False,True,30,MEDIUM,REPLAY_DETECTED,MONITOR
2026-10-07T01:43:47.869,0x180,ADAS,20,20,True,True,True,False,True,30,MEDIUM,REPLAY_DETECTED,MONITOR
2026-10-07T01:43:47.876,0x100,BRAKE,97,100,True,True,True,False,True,30,MEDIUM,REPLAY_DETECTED,MONITOR
2026-10-07T01:43:47.892,0x100,BRAKE,98,100,True,True,True,False,True,30,MEDIUM,REPLAY_DETECTED,MONITOR
2026-10-07T01:43:47.899,0x100,BRAKE,99,100,True,True,True,False,True,30,MEDIUM,REPLAY_DETECTED,MONITOR
2026-10-07T01:43:47.908,0x100,BRAKE,100,100,True,True,True,False,True,30,MEDIUM,REPLAY_DETECTED,MONITOR
2026-10-07T01:43:47.916,0x100,BRAKE,100,100,True,True,True,False,True,30,MEDIUM,REPLAY_DETECTED,MONITOR
2026-10-07T01:43:47.917,0x200,SPEED,51,50,True,True,True,False,True,30,MEDIUM,REPLAY_DETECTED,MONITOR
2026-10-07T01:43:47.931,0x100,BRAKE,100,100,True,True,True,False,True,30,MEDIUM,REPLAY_DETECTED,MONITOR
2026-10-07T01:43:47.939,0x100,BRAKE,101,100,True,True,True,False,True,30,MEDIUM,REPLAY_DETECTED,MONITOR
2026-10-07T01:43:47.950,0x100,BRAKE,100,100,True,True,True,False,True,30,MEDIUM,REPLAY_DETECTED,MONITOR
2026-10-07T01:43:47.957,0x100,BRAKE,101,100,True,True,True,False,True,30,MEDIUM,REPLAY_DETECTED,MONITOR
2026-10-07T01:43:47.970,0x100,BRAKE,100,100,True,True,True,False,True,30,MEDIUM,REPLAY_DETECTED,MONITOR
2026-10-07T01:43:47.977,0x100,BRAKE,101,100,True,True,True,False,True,30,MEDIUM,REPLAY_DETECTED,MONITOR
2026-10-07T01:43:47.990,0x100,BRAKE,100,100,True,True,True,False,True,30,MEDIUM,REPLAY_DETECTED,MONITOR
2026-10-07T01:43:47.996,0x100,BRAKE,101,100,True,True,True,False,True,30,MEDIUM,REPLAY_DETECTED,MONITOR
2026-10-07T01:43:48.009,0x100,BRAKE,100,100,True,True,True,False,True,30,MEDIUM,REPLAY_DETECTED,MONITOR
2026-10-07T01:43:48.016,0x100,BRAKE,101,100,True,True,True,False,True,30,MEDIUM,REPLAY_DETECTED,MONITOR
2026-10-07T01:43:48.029,0x100,BRAKE,101,100,True,True,True,False,True,30,MEDIUM,REPLAY_DETECTED,MONITOR
2026-10-07T01:43:48.036,0x100,BRAKE,101,100,True,True,True,False,True,30,MEDIUM,REPLAY_DETECTED,MONITOR
2026-10-07T01:43:48.049,0x100,BRAKE,101,100,True,True,True,False,True,30,MEDIUM,REPLAY_DETECTED,MONITOR
2026-10-07T01:43:48.062,0x100,BRAKE,100,100,True,True,True,False,True,30,MEDIUM,REPLAY_DETECTED,MONITOR
2026-10-07T01:43:48.068,0x100,BRAKE,101,100,True,True,True,False,True,30,MEDIUM,REPLAY_DETECTED,MONITOR
2026-10-07T01:43:48.081,0x100,BRAKE,100,100,True,True,True,False,True,30,MEDIUM,REPLAY_DETECTED,MONITOR
2026-10-07T01:43:48.082,0x200,SPEED,51,50,True,True,True,False,True,30,MEDIUM,REPLAY_DETECTED,MONITOR
2026-10-07T01:43:48.088,0x100,BRAKE,101,100,True,True,True,False,True,30,MEDIUM,REPLAY_DETECTED,MONITOR
2026-10-07T01:43:48.101,0x100,BRAKE,100,100,True,True,True,False,True,30,MEDIUM,REPLAY_DETECTED,MONITOR
2026-10-07T01:43:48.101,0x200,SPEED,51,50,True,True,True,False,True,30,MEDIUM,REPLAY_DETECTED,MONITOR
2026-10-07T01:43:48.108,0x100,BRAKE,101,100,True,True,True,False,True,30,MEDIUM,REPLAY_DETECTED,MONITOR
2026-10-07T01:43:48.121,0x100,BRAKE,101,100,True,True,True,False,True,30,MEDIUM,REPLAY_DETECTED,MONITOR
2026-10-07T01:43:48.128,0x100,BRAKE,101,100,True,True,True,False,True,30,MEDIUM,REPLAY_DETECTED,MONITOR
2026-10-07T01:43:48.140,0x100,BRAKE,100,100,True,True,True,False,True,30,MEDIUM,REPLAY_DETECTED,MONITOR
2026-10-07T01:43:48.141,0x120,STEERING,50,50,True,True,True,False,True,30,MEDIUM,REPLAY_DETECTED,MONITOR
2026-10-07T01:43:48.148,0x100,BRAKE,101,100,True,True,True,False,True,30,MEDIUM,REPLAY_DETECTED,MONITOR
2026-10-07T01:43:48.160,0x100,BRAKE,100,100,True,True,True,False,True,30,MEDIUM,REPLAY_DETECTED,MONITOR
2026-10-07T01:43:48.161,0x200,SPEED,51,50,True,True,True,False,True,30,MEDIUM,REPLAY_DETECTED,MONITOR
2026-10-07T01:43:48.168,0x100,BRAKE,101,100,True,True,True,False,True,30,MEDIUM,REPLAY_DETECTED,MONITOR
2026-10-07T01:43:48.181,0x100,BRAKE,100,100,True,True,True,False,True,30,MEDIUM,REPLAY_DETECTED,MONITOR
2026-10-07T01:43:48.181,0x200,SPEED,51,50,True,True,True,False,True,30,MEDIUM,REPLAY_DETECTED,MONITOR
2026-10-07T01:43:48.188,0x100,BRAKE,101,100,True,True,True,False,True,30,MEDIUM,REPLAY_DETECTED,MONITOR
2026-10-07T01:43:48.189,0x200,ATTACKER,52,50,True,True,False,False,False,30,MEDIUM,INVALID_PAYLOAD,MONITOR
2026-10-07T01:43:48.201,0x100,BRAKE,100,100,True,True,True,False,True,30,MEDIUM,REPLAY_DETECTED,MONITOR
2026-10-07T01:43:48.208,0x100,BRAKE,100,100,True,True,True,False,True,30,MEDIUM,REPLAY_DETECTED,MONITOR
2026-10-07T01:43:48.221,0x100,BRAKE,101,100,True,True,True,False,True,30,MEDIUM,REPLAY_DETECTED,MONITOR
2026-10-07T01:43:48.229,0x100,BRAKE,101,100,True,True,True,False,True,30,MEDIUM,REPLAY_DETECTED,MONITOR
2026-10-07T01:43:48.242,0x100,BRAKE,100,100,True,True,True,False,True,30,MEDIUM,REPLAY_DETECTED,MONITOR
2026-10-07T01:43:48.249,0x100,BRAKE,100,100,True,True,True,False,True,30,MEDIUM,REPLAY_DETECTED,MONITOR
2026-10-07T01:43:48.256,0x100,BRAKE,101,100,True,True,True,False,True,30,MEDIUM,REPLAY_DETECTED,MONITOR
2026-10-07T01:43:48.271,0x100,BRAKE,100,100,True,True,True,False,True,30,MEDIUM,REPLAY_DETECTED,MONITOR
2026-10-07T01:43:48.281,0x100,BRAKE,100,100,True,True,True,False,True,30,MEDIUM,REPLAY_DETECTED,MONITOR
2026-10-07T01:43:48.282,0x200,SPEED,52,50,True,True,True,False,True,30,MEDIUM,REPLAY_DETECTED,MONITOR
2026-10-07T01:43:48.289,0x100,BRAKE,101,100,True,True,True,False,True,30,MEDIUM,REPLAY_DETECTED,MONITOR
2026-10-07T01:43:48.297,0x100,BRAKE,101,100,True,True,True,False,True,30,MEDIUM,REPLAY_DETECTED,MONITOR
2026-10-07T01:43:48.298,0x200,SPEED,53,50,True,True,True,False,True,30,MEDIUM,REPLAY_DETECTED,MONITOR
2026-10-07T01:43:48.311,0x100,BRAKE,100,100,True,True,True,False,True,30,MEDIUM,REPLAY_DETECTED,MONITOR
2026-10-07T01:43:48.319,0x100,BRAKE,100,100,True,True,True,False,True,30,MEDIUM,REPLAY_DETECTED,MONITOR
2026-10-07T01:43:48.320,0x180,ADAS,20,20,True,True,True,False,True,30,MEDIUM,REPLAY_DETECTED,MONITOR
2026-10-07T01:43:48.327,0x100,BRAKE,101,100,True,True,True,False,True,30,MEDIUM,REPLAY_DETECTED,MONITOR
2026-10-07T01:43:48.334,0x200,ATTACKER,53,50,True,True,True,False,True,30,MEDIUM,REPLAY_DETECTED,MONITOR
2026-10-07T01:43:48.342,0x100,BRAKE,100,100,True,True,True,False,True,30,MEDIUM,REPLAY_DETECTED,MONITOR
2026-10-07T01:43:48.343,0x120,STEERING,50,50,True,True,True,False,True,30,MEDIUM,REPLAY_DETECTED,MONITOR
2026-10-07T01:43:48.350,0x100,BRAKE,100,100,True,True,True,False,True,30,MEDIUM,REPLAY_DETECTED,MONITOR
2026-10-07T01:43:48.358,0x100,BRAKE,100,100,True,True,True,False,True,30,MEDIUM,REPLAY_DETECTED,MONITOR
2026-10-07T01:43:48.359,0x200,SPEED,53,50,True,True,True,False,True,30,MEDIUM,REPLAY_DETECTED,MONITOR
2026-10-07T01:43:48.371,0x100,BRAKE,100,100,True,True,True,False,True,30,MEDIUM,REPLAY_DETECTED,MONITOR
2026-10-07T01:43:48.372,0x180,ADAS,21,20,True,True,True,False,True,30,MEDIUM,REPLAY_DETECTED,MONITOR
2026-10-07T01:43:48.380,0x100,BRAKE,100,100,True,True,True,False,True,30,MEDIUM,REPLAY_DETECTED,MONITOR
2026-10-07T01:43:48.388,0x100,BRAKE,101,100,True,True,True,False,True,30,MEDIUM,REPLAY_DETECTED,MONITOR
2026-10-07T01:43:48.401,0x100,BRAKE,101,100,True,True,True,False,True,30,MEDIUM,REPLAY_DETECTED,MONITOR
2026-10-07T01:43:48.409,0x100,BRAKE,101,100,True,True,True,False,True,30,MEDIUM,REPLAY_DETECTED,MONITOR
2026-10-07T01:43:48.422,0x100,BRAKE,101,100,True,True,True,False,True,30,MEDIUM,REPLAY_DETECTED,MONITOR
2026-10-07T01:43:48.425,0x300,INSTRUMENT,10,10,True,True,True,False,True,30,MEDIUM,REPLAY_DETECTED,MONITOR
2026-10-07T01:43:48.432,0x100,BRAKE,100,100,True,True,True,False,True,30,MEDIUM,REPLAY_DETECTED,MONITOR
2026-10-07T01:43:48.440,0x100,BRAKE,100,100,True,True,True,False,True,30,MEDIUM,REPLAY_DETECTED,MONITOR
2026-10-07T01:43:48.441,0x120,STEERING,50,50,True,True,True,False,True,30,MEDIUM,REPLAY_DETECTED,MONITOR
2026-10-07T01:43:48.448,0x100,BRAKE,101,100,True,True,True,False,True,30,MEDIUM,REPLAY_DETECTED,MONITOR
2026-10-07T01:43:48.458,0x100,BRAKE,100,100,True,True,True,False,True,30,MEDIUM,REPLAY_DETECTED,MONITOR
2026-10-07T01:43:48.459,0x200,SPEED,53,50,True,True,True,False,True,30,MEDIUM,REPLAY_DETECTED,MONITOR
2026-10-07T01:43:48.472,0x100,BRAKE,100,100,True,True,True,False,True,30,MEDIUM,REPLAY_DETECTED,MONITOR
2026-10-07T01:43:48.479,0x100,BRAKE,100,100,True,True,True,False,True,30,MEDIUM,REPLAY_DETECTED,MONITOR
2026-10-07T01:43:48.480,0x200,SPEED,53,50,True,True,True,False,True,30,MEDIUM,REPLAY_DETECTED,MONITOR
2026-10-07T01:43:48.487,0x100,BRAKE,101,100,True,True,True,False,True,30,MEDIUM,REPLAY_DETECTED,MONITOR
2026-10-07T01:43:48.500,0x100,BRAKE,100,100,True,True,True,False,True,30,MEDIUM,REPLAY_DETECTED,MONITOR
2026-10-07T01:43:48.500,0x120,STEERING,50,50,True,True,True,False,True,30,MEDIUM,REPLAY_DETECTED,MONITOR
2026-10-07T01:43:48.506,0x100,BRAKE,101,100,True,True,True,False,True,30,MEDIUM,REPLAY_DETECTED,MONITOR
2026-10-07T01:43:48.519,0x100,BRAKE,100,100,True,True,True,False,True,30,MEDIUM,REPLAY_DETECTED,MONITOR
2026-10-07T01:43:48.532,0x100,BRAKE,100,100,True,True,True,False,True,30,MEDIUM,REPLAY_DETECTED,MONITOR
2026-10-07T01:43:48.539,0x100,BRAKE,100,100,True,True,True,False,True,30,MEDIUM,REPLAY_DETECTED,MONITOR
2026-10-07T01:43:48.552,0x100,BRAKE,101,100,True,True,True,False,True,30,MEDIUM,REPLAY_DETECTED,MONITOR
2026-10-07T01:43:48.559,0x100,BRAKE,100,100,True,True,True,False,True,30,MEDIUM,REPLAY_DETECTED,MONITOR
2026-10-07T01:43:48.560,0x200,SPEED,53,50,True,True,True,False,True,30,MEDIUM,REPLAY_DETECTED,MONITOR
2026-10-07T01:43:48.567,0x100,BRAKE,101,100,True,True,True,False,True,30,MEDIUM,REPLAY_DETECTED,MONITOR
2026-10-07T01:43:48.580,0x100,BRAKE,100,100,True,True,True,False,True,30,MEDIUM,REPLAY_DETECTED,MONITOR
2026-10-07T01:43:48.586,0x100,BRAKE,101,100,True,True,True,False,True,30,MEDIUM,REPLAY_DETECTED,MONITOR
2026-10-07T01:43:48.599,0x100,BRAKE,101,100,True,True,True,False,True,30,MEDIUM,REPLAY_DETECTED,MONITOR
2026-10-07T01:43:48.606,0x100,BRAKE,101,100,True,True,True,False,True,30,MEDIUM,REPLAY_DETECTED,MONITOR
2026-10-07T01:43:48.620,0x100,BRAKE,101,100,True,True,True,False,True,30,MEDIUM,REPLAY_DETECTED,MONITOR
2026-10-07T01:43:48.628,0x100,BRAKE,101,100,True,True,True,False,True,30,MEDIUM,REPLAY_DETECTED,MONITOR
2026-10-07T01:43:48.642,0x100,BRAKE,100,100,True,True,True,False,True,30,MEDIUM,REPLAY_DETECTED,MONITOR
2026-10-07T01:43:48.643,0x200,SPEED,52,50,True,True,True,False,True,30,MEDIUM,REPLAY_DETECTED,MONITOR
2026-10-07T01:43:48.650,0x100,BRAKE,100,100,True,True,True,False,True,30,MEDIUM,REPLAY_DETECTED,MONITOR
2026-10-07T01:43:48.657,0x100,BRAKE,101,100,True,True,True,False,True,30,MEDIUM,REPLAY_DETECTED,MONITOR
2026-10-07T01:43:48.659,0x200,SPEED,53,50,True,True,True,False,True,30,MEDIUM,REPLAY_DETECTED,MONITOR
2026-10-07T01:43:48.666,0x100,BRAKE,101,100,True,True,True,False,True,30,MEDIUM,REPLAY_DETECTED,MONITOR
2026-10-07T01:43:48.667,0x180,ADAS,21,20,True,True,True,False,True,30,MEDIUM,REPLAY_DETECTED,MONITOR
2026-10-07T01:43:48.680,0x100,BRAKE,100,100,True,True,True,False,True,30,MEDIUM,REPLAY_DETECTED,MONITOR
2026-10-07T01:43:48.681,0x200,SPEED,52,50,True,True,True,False,True,30,MEDIUM,REPLAY_DETECTED,MONITOR
2026-10-07T01:43:48.688,0x100,BRAKE,100,100,True,True,True,False,True,30,MEDIUM,REPLAY_DETECTED,MONITOR
2026-10-07T01:43:48.695,0x555,ATTACKER,1,,False,True,True,True,False,70,CRITICAL,UNKNOWN_CAN_ID|ABNORMAL_MESSAGE_RATE,BLOCK_AND_ISOLATE
2026-10-07T01:43:48.703,0x100,BRAKE,100,100,True,True,True,False,True,30,MEDIUM,REPLAY_DETECTED,MONITOR
2026-10-07T01:43:48.704,0x200,SPEED,52,50,True,True,True,False,True,30,MEDIUM,REPLAY_DETECTED,MONITOR
2026-10-07T01:43:48.711,0x100,BRAKE,100,100,True,True,True,False,True,30,MEDIUM,REPLAY_DETECTED,MONITOR
2026-10-07T01:43:48.719,0x100,BRAKE,101,100,True,True,True,False,True,30,MEDIUM,REPLAY_DETECTED,MONITOR
2026-10-07T01:43:48.720,0x200,SPEED,53,50,True,True,True,False,True,30,MEDIUM,REPLAY_DETECTED,MONITOR
2026-10-07T01:43:48.727,0x100,BRAKE,101,100,True,True,True,False,True,30,MEDIUM,REPLAY_DETECTED,MONITOR
2026-10-07T01:43:48.742,0x100,BRAKE,100,100,True,True,True,False,True,30,MEDIUM,REPLAY_DETECTED,MONITOR
2026-10-07T01:43:48.750,0x100,BRAKE,100,100,True,True,True,False,True,30,MEDIUM,REPLAY_DETECTED,MONITOR
2026-10-07T01:43:48.758,0x100,BRAKE,101,100,True,True,True,False,True,30,MEDIUM,REPLAY_DETECTED,MONITOR
2026-10-07T01:43:48.759,0x200,SPEED,53,50,True,True,True,False,True,30,MEDIUM,REPLAY_DETECTED,MONITOR
2026-10-07T01:43:48.772,0x100,BRAKE,100,100,True,True,True,False,True,30,MEDIUM,REPLAY_DETECTED,MONITOR
2026-10-07T01:43:48.781,0x100,BRAKE,100,100,True,True,True,False,True,30,MEDIUM,REPLAY_DETECTED,MONITOR
2026-10-07T01:43:48.783,0x200,SPEED,52,50,True,True,True,False,True,30,MEDIUM,REPLAY_DETECTED,MONITOR
2026-10-07T01:43:48.789,0x100,BRAKE,101,100,True,True,True,False,True,30,MEDIUM,REPLAY_DETECTED,MONITOR
2026-10-07T01:43:48.799,0x100,BRAKE,101,100,True,True,True,False,True,30,MEDIUM,REPLAY_DETECTED,MONITOR
2026-10-07T01:43:48.812,0x100,BRAKE,100,100,True,True,True,False,True,30,MEDIUM,REPLAY_DETECTED,MONITOR
2026-10-07T01:43:48.819,0x100,BRAKE,100,100,True,True,True,False,True,30,MEDIUM,REPLAY_DETECTED,MONITOR
2026-10-07T01:43:48.820,0x200,SPEED,52,50,True,True,True,False,True,30,MEDIUM,REPLAY_DETECTED,MONITOR
2026-10-07T01:43:48.826,0x100,BRAKE,101,100,True,True,True,False,True,30,MEDIUM,REPLAY_DETECTED,MONITOR
2026-10-07T01:43:48.842,0x100,BRAKE,100,100,True,True,True,False,True,30,MEDIUM,REPLAY_DETECTED,MONITOR
2026-10-07T01:43:48.843,0x200,SPEED,52,50,True,True,True,False,True,30,MEDIUM,REPLAY_DETECTED,MONITOR
2026-10-07T01:43:48.850,0x100,BRAKE,100,100,True,True,True,False,True,30,MEDIUM,REPLAY_DETECTED,MONITOR
2026-10-07T01:43:48.858,0x100,BRAKE,101,100,True,True,True,False,True,30,MEDIUM,REPLAY_DETECTED,MONITOR
2026-10-07T01:43:48.859,0x120,STEERING,51,50,True,True,True,False,True,30,MEDIUM,REPLAY_DETECTED,MONITOR
2026-10-07T01:43:48.860,0x200,SPEED,53,50,True,True,True,False,True,30,MEDIUM,REPLAY_DETECTED,MONITOR
2026-10-07T01:43:48.866,0x100,BRAKE,101,100,True,True,True,False,True,30,MEDIUM,REPLAY_DETECTED,MONITOR
2026-10-07T01:43:48.876,0x100,BRAKE,101,100,True,True,True,False,True,30,MEDIUM,REPLAY_DETECTED,MONITOR
2026-10-07T01:43:48.877,0x200,SPEED,52,50,True,True,True,False,True,30,MEDIUM,REPLAY_DETECTED,MONITOR
2026-10-07T01:43:48.892,0x100,BRAKE,100,100,True,True,True,False,True,30,MEDIUM,REPLAY_DETECTED,MONITOR
2026-10-07T01:43:48.900,0x100,BRAKE,100,100,True,True,True,False,True,30,MEDIUM,REPLAY_DETECTED,MONITOR
2026-10-07T01:43:48.908,0x100,BRAKE,100,100,True,True,True,False,True,30,MEDIUM,REPLAY_DETECTED,MONITOR
2026-10-07T01:43:48.921,0x100,BRAKE,100,100,True,True,True,False,True,30,MEDIUM,REPLAY_DETECTED,MONITOR
2026-10-07T01:43:48.922,0x120,STEERING,50,50,True,True,True,False,True,30,MEDIUM,REPLAY_DETECTED,MONITOR
2026-10-07T01:43:48.926,0x200,SPEED,52,50,True,True,True,False,True,30,MEDIUM,REPLAY_DETECTED,MONITOR
2026-10-07T01:43:48.933,0x100,BRAKE,100,100,True,True,True,False,True,30,MEDIUM,REPLAY_DETECTED,MONITOR
2026-10-07T01:43:48.942,0x100,BRAKE,100,100,True,True,True,False,True,30,MEDIUM,REPLAY_DETECTED,MONITOR
2026-10-07T01:43:48.950,0x100,BRAKE,100,100,True,True,True,False,True,30,MEDIUM,REPLAY_DETECTED,MONITOR
2026-10-07T01:43:48.959,0x100,BRAKE,100,100,True,True,True,False,True,30,MEDIUM,REPLAY_DETECTED,MONITOR
2026-10-07T01:43:48.960,0x200,SPEED,52,50,True,True,True,False,True,30,MEDIUM,REPLAY_DETECTED,MONITOR
2026-10-07T01:43:48.966,0x100,BRAKE,101,100,True,True,True,False,True,30,MEDIUM,REPLAY_DETECTED,MONITOR
2026-10-07T01:43:48.980,0x100,BRAKE,100,100,True,True,True,False,True,30,MEDIUM,REPLAY_DETECTED,MONITOR
2026-10-07T01:43:48.987,0x100,BRAKE,101,100,True,True,True,False,True,30,MEDIUM,REPLAY_DETECTED,MONITOR
2026-10-07T01:43:49.000,0x100,BRAKE,100,100,True,True,True,False,True,30,MEDIUM,REPLAY_DETECTED,MONITOR
2026-10-07T01:43:49.001,0x120,STEERING,50,50,True,True,True,False,True,30,MEDIUM,REPLAY_DETECTED,MONITOR
2026-10-07T01:43:49.008,0x100,BRAKE,101,100,True,True,True,False,True,30,MEDIUM,REPLAY_DETECTED,MONITOR
2026-10-07T01:43:49.021,0x100,BRAKE,100,100,True,True,True,False,True,30,MEDIUM,REPLAY_DETECTED,MONITOR
2026-10-07T01:43:49.022,0x200,SPEED,52,50,True,True,True,False,True,30,MEDIUM,REPLAY_DETECTED,MONITOR
2026-10-07T01:43:49.033,0x100,BRAKE,100,100,True,True,True,False,True,30,MEDIUM,REPLAY_DETECTED,MONITOR
2026-10-07T01:43:49.040,0x100,BRAKE,100,100,True,True,True,False,True,30,MEDIUM,REPLAY_DETECTED,MONITOR
2026-10-07T01:43:49.049,0x100,BRAKE,101,100,True,True,True,False,True,30,MEDIUM,REPLAY_DETECTED,MONITOR
2026-10-07T01:43:49.062,0x100,BRAKE,100,100,True,True,True,False,True,30,MEDIUM,REPLAY_DETECTED,MONITOR
2026-10-07T01:43:49.064,0x120,STEERING,50,50,True,True,True,False,True,30,MEDIUM,REPLAY_DETECTED,MONITOR
2026-10-07T01:43:49.064,0x200,SPEED,52,50,True,True,True,False,True,30,MEDIUM,REPLAY_DETECTED,MONITOR
2026-10-07T01:43:49.071,0x100,BRAKE,100,100,True,True,True,False,True,30,MEDIUM,REPLAY_DETECTED,MONITOR
2026-10-07T01:43:49.078,0x100,BRAKE,101,100,True,True,True,False,True,30,MEDIUM,REPLAY_DETECTED,MONITOR
2026-10-07T01:43:49.086,0x200,ATTACKER,53,50,True,True,True,False,True,30,MEDIUM,REPLAY_DETECTED,MONITOR
2026-10-07T01:43:49.087,0x200,ATTACKER,55,50,True,True,True,False,True,30,MEDIUM,REPLAY_DETECTED,MONITOR
2026-10-07T01:43:49.088,0x200,ATTACKER,56,50,True,True,True,False,True,30,MEDIUM,REPLAY_DETECTED,MONITOR
2026-10-07T01:43:49.089,0x200,ATTACKER,57,50,True,True,True,False,True,30,MEDIUM,REPLAY_DETECTED,MONITOR
2026-10-07T01:43:49.090,0x200,ATTACKER,58,50,True,True,True,False,True,30,MEDIUM,REPLAY_DETECTED,MONITOR
2026-10-07T01:43:49.091,0x200,ATTACKER,59,50,True,True,True,False,True,30,MEDIUM,REPLAY_DETECTED,MONITOR
2026-10-07T01:43:49.091,0x200,ATTACKER,60,50,True,True,True,False,True,30,MEDIUM,REPLAY_DETECTED,MONITOR
2026-10-07T01:43:49.092,0x200,ATTACKER,61,50,True,True,True,False,True,30,MEDIUM,REPLAY_DETECTED,MONITOR
2026-10-07T01:43:49.092,0x200,ATTACKER,62,50,True,True,True,False,True,30,MEDIUM,REPLAY_DETECTED,MONITOR
2026-10-07T01:43:49.093,0x200,ATTACKER,63,50,True,True,True,False,True,30,MEDIUM,REPLAY_DETECTED,MONITOR
2026-10-07T01:43:49.093,0x200,ATTACKER,64,50,True,True,True,False,True,30,MEDIUM,REPLAY_DETECTED,MONITOR
2026-10-07T01:43:49.093,0x200,ATTACKER,65,50,True,True,True,False,True,30,MEDIUM,REPLAY_DETECTED,MONITOR
2026-10-07T01:43:49.094,0x200,ATTACKER,66,50,True,True,True,False,True,30,MEDIUM,REPLAY_DETECTED,MONITOR
2026-10-07T01:43:49.094,0x200,ATTACKER,67,50,True,True,True,False,True,30,MEDIUM,REPLAY_DETECTED,MONITOR
2026-10-07T01:43:49.094,0x200,ATTACKER,68,50,True,True,True,False,True,30,MEDIUM,REPLAY_DETECTED,MONITOR
2026-10-07T01:43:49.095,0x200,ATTACKER,69,50,True,True,True,False,True,30,MEDIUM,REPLAY_DETECTED,MONITOR
2026-10-07T01:43:49.095,0x200,ATTACKER,70,50,True,True,True,False,True,30,MEDIUM,REPLAY_DETECTED,MONITOR
2026-10-07T01:43:49.095,0x200,ATTACKER,71,50,True,True,True,False,True,30,MEDIUM,REPLAY_DETECTED,MONITOR
2026-10-07T01:43:49.096,0x200,ATTACKER,72,50,True,True,True,False,True,30,MEDIUM,REPLAY_DETECTED,MONITOR
2026-10-07T01:43:49.096,0x200,ATTACKER,73,50,True,True,True,False,True,30,MEDIUM,REPLAY_DETECTED,MONITOR
2026-10-07T01:43:49.097,0x200,ATTACKER,74,50,True,True,True,False,True,30,MEDIUM,REPLAY_DETECTED,MONITOR
2026-10-07T01:43:49.097,0x200,ATTACKER,75,50,True,True,True,False,True,30,MEDIUM,REPLAY_DETECTED,MONITOR
2026-10-07T01:43:49.098,0x200,ATTACKER,76,50,True,True,True,False,True,30,MEDIUM,REPLAY_DETECTED,MONITOR
2026-10-07T01:43:49.099,0x200,ATTACKER,77,50,True,True,True,False,True,30,MEDIUM,REPLAY_DETECTED,MONITOR
2026-10-07T01:43:49.099,0x200,ATTACKER,78,50,True,True,True,False,True,30,MEDIUM,REPLAY_DETECTED,MONITOR
2026-10-07T01:43:49.099,0x200,ATTACKER,79,50,True,True,True,False,True,30,MEDIUM,REPLAY_DETECTED,MONITOR
2026-10-07T01:43:49.100,0x200,ATTACKER,80,50,True,True,True,False,True,30,MEDIUM,REPLAY_DETECTED,MONITOR
2026-10-07T01:43:49.100,0x200,ATTACKER,81,50,True,True,True,False,True,30,MEDIUM,REPLAY_DETECTED,MONITOR
2026-10-07T01:43:49.100,0x200,ATTACKER,82,50,True,True,True,False,True,30,MEDIUM,REPLAY_DETECTED,MONITOR
2026-10-07T01:43:49.101,0x200,ATTACKER,83,50,True,True,True,False,True,30,MEDIUM,REPLAY_DETECTED,MONITOR
2026-10-07T01:43:49.101,0x200,ATTACKER,84,50,True,True,True,False,True,30,MEDIUM,REPLAY_DETECTED,MONITOR
2026-10-07T01:43:49.101,0x200,ATTACKER,85,50,True,True,True,False,True,30,MEDIUM,REPLAY_DETECTED,MONITOR
2026-10-07T01:43:49.102,0x200,ATTACKER,85,50,True,True,True,False,True,30,MEDIUM,REPLAY_DETECTED,MONITOR
2026-10-07T01:43:49.102,0x200,ATTACKER,86,50,True,True,True,False,True,30,MEDIUM,REPLAY_DETECTED,MONITOR
2026-10-07T01:43:49.103,0x200,ATTACKER,87,50,True,True,True,False,True,30,MEDIUM,REPLAY_DETECTED,MONITOR
2026-10-07T01:43:49.103,0x200,ATTACKER,88,50,True,True,True,False,True,30,MEDIUM,REPLAY_DETECTED,MONITOR
2026-10-07T01:43:49.104,0x200,ATTACKER,89,50,True,True,True,False,True,30,MEDIUM,REPLAY_DETECTED,MONITOR
2026-10-07T01:43:49.104,0x200,ATTACKER,90,50,True,True,True,False,True,30,MEDIUM,REPLAY_DETECTED,MONITOR
2026-10-07T01:43:49.104,0x200,ATTACKER,91,50,True,True,True,False,True,30,MEDIUM,REPLAY_DETECTED,MONITOR
2026-10-07T01:43:49.105,0x200,ATTACKER,92,50,True,True,True,False,True,30,MEDIUM,REPLAY_DETECTED,MONITOR
2026-10-07T01:43:49.105,0x200,ATTACKER,93,50,True,True,True,False,True,30,MEDIUM,REPLAY_DETECTED,MONITOR
2026-10-07T01:43:49.106,0x200,ATTACKER,94,50,True,True,True,False,True,30,MEDIUM,REPLAY_DETECTED,MONITOR
2026-10-07T01:43:49.108,0x200,ATTACKER,95,50,True,True,True,False,True,30,MEDIUM,REPLAY_DETECTED,MONITOR
2026-10-07T01:43:49.108,0x200,ATTACKER,96,50,True,True,True,False,True,30,MEDIUM,REPLAY_DETECTED,MONITOR
2026-10-07T01:43:49.109,0x200,ATTACKER,97,50,True,True,True,False,True,30,MEDIUM,REPLAY_DETECTED,MONITOR
2026-10-07T01:43:49.109,0x200,ATTACKER,98,50,True,True,True,False,True,30,MEDIUM,REPLAY_DETECTED,MONITOR
2026-10-07T01:43:49.109,0x200,ATTACKER,99,50,True,True,True,False,True,30,MEDIUM,REPLAY_DETECTED,MONITOR
2026-10-07T01:43:49.110,0x200,ATTACKER,100,50,True,True,True,False,True,30,MEDIUM,REPLAY_DETECTED,MONITOR
2026-10-07T01:43:49.110,0x200,ATTACKER,101,50,True,True,True,True,True,60,HIGH,ABNORMAL_MESSAGE_RATE|REPLAY_DETECTED,BLOCK
2026-10-07T01:43:49.111,0x200,ATTACKER,102,50,True,True,True,True,True,60,HIGH,ABNORMAL_MESSAGE_RATE|REPLAY_DETECTED,BLOCK
2026-10-07T01:43:49.111,0x200,ATTACKER,103,50,True,True,True,True,True,60,HIGH,ABNORMAL_MESSAGE_RATE|REPLAY_DETECTED,BLOCK
2026-10-07T01:43:49.111,0x200,ATTACKER,104,50,True,True,True,True,True,60,HIGH,ABNORMAL_MESSAGE_RATE|REPLAY_DETECTED,BLOCK
2026-10-07T01:43:49.112,0x200,ATTACKER,105,50,True,True,True,True,True,60,HIGH,ABNORMAL_MESSAGE_RATE|REPLAY_DETECTED,BLOCK
2026-10-07T01:43:49.112,0x200,ATTACKER,106,50,True,True,True,True,True,60,HIGH,ABNORMAL_MESSAGE_RATE|REPLAY_DETECTED,BLOCK
2026-10-07T01:43:49.116,0x200,ATTACKER,107,50,True,True,True,True,True,60,HIGH,ABNORMAL_MESSAGE_RATE|REPLAY_DETECTED,BLOCK
2026-10-07T01:43:49.118,0x200,ATTACKER,108,50,True,True,True,True,True,60,HIGH,ABNORMAL_MESSAGE_RATE|REPLAY_DETECTED,BLOCK
2026-10-07T01:43:49.119,0x200,ATTACKER,109,50,True,True,True,True,True,60,HIGH,ABNORMAL_MESSAGE_RATE|REPLAY_DETECTED,BLOCK
2026-10-07T01:43:49.120,0x200,ATTACKER,110,50,True,True,True,True,True,60,HIGH,ABNORMAL_MESSAGE_RATE|REPLAY_DETECTED,BLOCK
2026-10-07T01:43:49.121,0x200,ATTACKER,111,50,True,True,True,True,True,60,HIGH,ABNORMAL_MESSAGE_RATE|REPLAY_DETECTED,BLOCK
2026-10-07T01:43:49.125,0x200,ATTACKER,111,50,True,True,True,True,True,60,HIGH,ABNORMAL_MESSAGE_RATE|REPLAY_DETECTED,BLOCK
2026-10-07T01:43:49.129,0x200,ATTACKER,112,50,True,True,True,True,True,60,HIGH,ABNORMAL_MESSAGE_RATE|REPLAY_DETECTED,BLOCK
2026-10-07T01:43:49.131,0x200,ATTACKER,113,50,True,True,True,True,True,60,HIGH,ABNORMAL_MESSAGE_RATE|REPLAY_DETECTED,BLOCK
2026-10-07T01:43:49.132,0x200,ATTACKER,114,50,True,True,True,True,True,60,HIGH,ABNORMAL_MESSAGE_RATE|REPLAY_DETECTED,BLOCK
2026-10-07T01:43:49.133,0x200,ATTACKER,115,50,True,True,True,True,True,60,HIGH,ABNORMAL_MESSAGE_RATE|REPLAY_DETECTED,BLOCK
2026-10-07T01:43:49.134,0x200,ATTACKER,116,50,True,True,True,True,True,60,HIGH,ABNORMAL_MESSAGE_RATE|REPLAY_DETECTED,BLOCK
2026-10-07T01:43:49.138,0x200,ATTACKER,117,50,True,True,True,True,True,60,HIGH,ABNORMAL_MESSAGE_RATE|REPLAY_DETECTED,BLOCK
2026-10-07T01:43:49.147,0x200,ATTACKER,117,50,True,True,True,True,True,60,HIGH,ABNORMAL_MESSAGE_RATE|REPLAY_DETECTED,BLOCK
2026-10-07T01:43:49.153,0x200,ATTACKER,118,50,True,True,True,True,True,60,HIGH,ABNORMAL_MESSAGE_RATE|REPLAY_DETECTED,BLOCK
2026-10-07T01:43:49.155,0x200,ATTACKER,119,50,True,True,True,True,True,60,HIGH,ABNORMAL_MESSAGE_RATE|REPLAY_DETECTED,BLOCK
2026-10-07T01:43:49.156,0x200,ATTACKER,120,50,True,True,True,True,True,60,HIGH,ABNORMAL_MESSAGE_RATE|REPLAY_DETECTED,BLOCK
2026-10-07T01:43:49.158,0x200,ATTACKER,121,50,True,True,True,True,True,60,HIGH,ABNORMAL_MESSAGE_RATE|REPLAY_DETECTED,BLOCK
2026-10-07T01:43:49.160,0x200,ATTACKER,122,50,True,True,True,True,True,60,HIGH,ABNORMAL_MESSAGE_RATE|REPLAY_DETECTED,BLOCK
2026-10-07T01:43:49.164,0x200,ATTACKER,122,50,True,True,True,True,True,60,HIGH,ABNORMAL_MESSAGE_RATE|REPLAY_DETECTED,BLOCK
2026-10-07T01:43:49.167,0x200,ATTACKER,123,50,True,True,True,True,True,60,HIGH,ABNORMAL_MESSAGE_RATE|REPLAY_DETECTED,BLOCK
2026-10-07T01:43:49.170,0x200,ATTACKER,124,50,True,True,True,True,True,60,HIGH,ABNORMAL_MESSAGE_RATE|REPLAY_DETECTED,BLOCK
2026-10-07T01:43:49.172,0x200,ATTACKER,125,50,True,True,True,True,True,60,HIGH,ABNORMAL_MESSAGE_RATE|REPLAY_DETECTED,BLOCK
2026-10-07T01:43:49.174,0x200,ATTACKER,126,50,True,True,True,True,True,60,HIGH,ABNORMAL_MESSAGE_RATE|REPLAY_DETECTED,BLOCK
2026-10-07T01:43:49.175,0x200,ATTACKER,127,50,True,True,True,True,True,60,HIGH,ABNORMAL_MESSAGE_RATE|REPLAY_DETECTED,BLOCK
2026-10-07T01:43:49.175,0x200,ATTACKER,128,50,True,True,True,True,True,60,HIGH,ABNORMAL_MESSAGE_RATE|REPLAY_DETECTED,BLOCK
2026-10-07T01:43:49.175,0x200,ATTACKER,129,50,True,True,True,True,True,60,HIGH,ABNORMAL_MESSAGE_RATE|REPLAY_DETECTED,BLOCK
2026-10-07T01:43:49.176,0x200,ATTACKER,130,50,True,True,True,True,True,60,HIGH,ABNORMAL_MESSAGE_RATE|REPLAY_DETECTED,BLOCK
2026-10-07T01:43:49.177,0x200,ATTACKER,131,50,True,True,True,True,True,60,HIGH,ABNORMAL_MESSAGE_RATE|REPLAY_DETECTED,BLOCK
2026-10-07T01:43:49.188,0x200,ATTACKER,131,50,True,True,True,True,True,60,HIGH,ABNORMAL_MESSAGE_RATE|REPLAY_DETECTED,BLOCK
2026-10-07T01:43:49.190,0x200,ATTACKER,131,50,True,True,True,True,True,60,HIGH,ABNORMAL_MESSAGE_RATE|REPLAY_DETECTED,BLOCK
2026-10-07T01:43:49.192,0x200,ATTACKER,132,50,True,True,True,True,True,60,HIGH,ABNORMAL_MESSAGE_RATE|REPLAY_DETECTED,BLOCK
2026-10-07T01:43:49.193,0x200,ATTACKER,133,50,True,True,True,True,True,60,HIGH,ABNORMAL_MESSAGE_RATE|REPLAY_DETECTED,BLOCK
2026-10-07T01:43:49.207,0x200,ATTACKER,133,50,True,True,True,True,True,60,HIGH,ABNORMAL_MESSAGE_RATE|REPLAY_DETECTED,BLOCK
2026-10-07T01:43:49.208,0x200,ATTACKER,134,50,True,True,True,True,True,60,HIGH,ABNORMAL_MESSAGE_RATE|REPLAY_DETECTED,BLOCK
2026-10-07T01:43:49.210,0x200,ATTACKER,135,50,True,True,True,True,True,60,HIGH,ABNORMAL_MESSAGE_RATE|REPLAY_DETECTED,BLOCK
2026-10-07T01:43:49.216,0x200,ATTACKER,136,50,True,True,True,True,True,60,HIGH,ABNORMAL_MESSAGE_RATE|REPLAY_DETECTED,BLOCK
2026-10-07T01:43:49.217,0x200,ATTACKER,137,50,True,True,True,True,True,60,HIGH,ABNORMAL_MESSAGE_RATE|REPLAY_DETECTED,BLOCK
2026-10-07T01:43:49.218,0x200,ATTACKER,138,50,True,True,True,True,True,60,HIGH,ABNORMAL_MESSAGE_RATE|REPLAY_DETECTED,BLOCK
2026-10-07T01:43:49.219,0x200,ATTACKER,139,50,True,True,True,True,True,60,HIGH,ABNORMAL_MESSAGE_RATE|REPLAY_DETECTED,BLOCK
2026-10-07T01:43:49.220,0x200,ATTACKER,140,50,True,True,True,True,True,60,HIGH,ABNORMAL_MESSAGE_RATE|REPLAY_DETECTED,BLOCK
2026-10-07T01:43:49.221,0x200,ATTACKER,141,50,True,True,True,True,True,60,HIGH,ABNORMAL_MESSAGE_RATE|REPLAY_DETECTED,BLOCK
2026-10-07T01:43:49.222,0x200,ATTACKER,142,50,True,True,True,True,True,60,HIGH,ABNORMAL_MESSAGE_RATE|REPLAY_DETECTED,BLOCK
2026-10-07T01:43:49.224,0x200,ATTACKER,142,50,True,True,True,True,True,60,HIGH,ABNORMAL_MESSAGE_RATE|REPLAY_DETECTED,BLOCK
2026-10-07T01:43:49.224,0x200,ATTACKER,143,50,True,True,True,True,True,60,HIGH,ABNORMAL_MESSAGE_RATE|REPLAY_DETECTED,BLOCK
2026-10-07T01:43:49.225,0x200,ATTACKER,144,50,True,True,True,True,True,60,HIGH,ABNORMAL_MESSAGE_RATE|REPLAY_DETECTED,BLOCK
2026-10-07T01:43:49.228,0x200,ATTACKER,145,50,True,True,True,True,True,60,HIGH,ABNORMAL_MESSAGE_RATE|REPLAY_DETECTED,BLOCK
2026-10-07T01:43:49.229,0x200,ATTACKER,146,50,True,True,True,True,True,60,HIGH,ABNORMAL_MESSAGE_RATE|REPLAY_DETECTED,BLOCK
2026-10-07T01:43:49.230,0x200,ATTACKER,147,50,True,True,True,True,True,60,HIGH,ABNORMAL_MESSAGE_RATE|REPLAY_DETECTED,BLOCK
2026-10-07T01:43:49.232,0x200,ATTACKER,148,50,True,True,True,True,True,60,HIGH,ABNORMAL_MESSAGE_RATE|REPLAY_DETECTED,BLOCK
2026-10-07T01:43:49.234,0x200,ATTACKER,149,50,True,True,True,True,True,60,HIGH,ABNORMAL_MESSAGE_RATE|REPLAY_DETECTED,BLOCK
2026-10-07T01:43:49.236,0x200,ATTACKER,150,50,True,True,True,True,True,60,HIGH,ABNORMAL_MESSAGE_RATE|REPLAY_DETECTED,BLOCK
2026-10-07T01:43:49.238,0x200,ATTACKER,151,50,True,True,True,True,True,60,HIGH,ABNORMAL_MESSAGE_RATE|REPLAY_DETECTED,BLOCK
2026-10-07T01:43:49.239,0x200,ATTACKER,152,50,True,True,True,True,True,60,HIGH,ABNORMAL_MESSAGE_RATE|REPLAY_DETECTED,BLOCK
2026-10-07T01:43:49.242,0x200,ATTACKER,153,50,True,True,True,True,True,60,HIGH,ABNORMAL_MESSAGE_RATE|REPLAY_DETECTED,BLOCK
2026-10-07T01:43:49.246,0x200,ATTACKER,153,50,True,True,True,True,True,60,HIGH,ABNORMAL_MESSAGE_RATE|REPLAY_DETECTED,BLOCK
2026-10-07T01:43:49.247,0x200,ATTACKER,154,50,True,True,True,True,True,60,HIGH,ABNORMAL_MESSAGE_RATE|REPLAY_DETECTED,BLOCK
2026-10-07T01:43:49.253,0x200,ATTACKER,155,50,True,True,True,True,True,60,HIGH,ABNORMAL_MESSAGE_RATE|REPLAY_DETECTED,BLOCK
2026-10-07T01:43:49.270,0x200,ATTACKER,155,50,True,True,True,True,True,60,HIGH,ABNORMAL_MESSAGE_RATE|REPLAY_DETECTED,BLOCK
2026-10-07T01:43:49.282,0x200,ATTACKER,155,50,True,True,True,True,True,60,HIGH,ABNORMAL_MESSAGE_RATE|REPLAY_DETECTED,BLOCK
2026-10-07T01:43:49.284,0x200,ATTACKER,156,50,True,True,True,True,True,60,HIGH,ABNORMAL_MESSAGE_RATE|REPLAY_DETECTED,BLOCK
2026-10-07T01:43:49.287,0x200,ATTACKER,157,50,True,True,True,True,True,60,HIGH,ABNORMAL_MESSAGE_RATE|REPLAY_DETECTED,BLOCK
2026-10-07T01:43:49.292,0x200,ATTACKER,158,50,True,True,True,True,True,60,HIGH,ABNORMAL_MESSAGE_RATE|REPLAY_DETECTED,BLOCK
2026-10-07T01:43:49.296,0x200,ATTACKER,159,50,True,True,True,True,True,60,HIGH,ABNORMAL_MESSAGE_RATE|REPLAY_DETECTED,BLOCK
2026-10-07T01:43:49.300,0x200,ATTACKER,159,50,True,True,True,True,True,60,HIGH,ABNORMAL_MESSAGE_RATE|REPLAY_DETECTED,BLOCK
2026-10-07T01:43:49.307,0x200,ATTACKER,160,50,True,True,True,True,True,60,HIGH,ABNORMAL_MESSAGE_RATE|REPLAY_DETECTED,BLOCK
2026-10-07T01:43:49.312,0x200,ATTACKER,161,50,True,True,True,True,True,60,HIGH,ABNORMAL_MESSAGE_RATE|REPLAY_DETECTED,BLOCK
2026-10-07T01:43:49.318,0x200,ATTACKER,162,50,True,True,True,True,True,60,HIGH,ABNORMAL_MESSAGE_RATE|REPLAY_DETECTED,BLOCK
2026-10-07T01:43:49.325,0x200,ATTACKER,162,50,True,True,True,True,True,60,HIGH,ABNORMAL_MESSAGE_RATE|REPLAY_DETECTED,BLOCK
2026-10-07T01:43:49.327,0x200,ATTACKER,163,50,True,True,True,True,True,60,HIGH,ABNORMAL_MESSAGE_RATE|REPLAY_DETECTED,BLOCK
2026-10-07T01:43:49.328,0x200,ATTACKER,164,50,True,True,True,True,True,60,HIGH,ABNORMAL_MESSAGE_RATE|REPLAY_DETECTED,BLOCK
2026-10-07T01:43:49.329,0x200,ATTACKER,165,50,True,True,True,True,True,60,HIGH,ABNORMAL_MESSAGE_RATE|REPLAY_DETECTED,BLOCK
2026-10-07T01:43:49.331,0x200,ATTACKER,166,50,True,True,True,True,True,60,HIGH,ABNORMAL_MESSAGE_RATE|REPLAY_DETECTED,BLOCK
2026-10-07T01:43:49.336,0x200,ATTACKER,166,50,True,True,True,True,True,60,HIGH,ABNORMAL_MESSAGE_RATE|REPLAY_DETECTED,BLOCK
2026-10-07T01:43:49.340,0x200,ATTACKER,167,50,True,True,True,True,True,60,HIGH,ABNORMAL_MESSAGE_RATE|REPLAY_DETECTED,BLOCK
2026-10-07T01:43:49.344,0x200,ATTACKER,167,50,True,True,True,True,True,60,HIGH,ABNORMAL_MESSAGE_RATE|REPLAY_DETECTED,BLOCK
2026-10-07T01:43:49.351,0x200,ATTACKER,168,50,True,True,True,True,True,60,HIGH,ABNORMAL_MESSAGE_RATE|REPLAY_DETECTED,BLOCK
2026-10-07T01:43:49.351,0x200,ATTACKER,169,50,True,True,True,True,True,60,HIGH,ABNORMAL_MESSAGE_RATE|REPLAY_DETECTED,BLOCK
2026-10-07T01:43:49.352,0x200,ATTACKER,170,50,True,True,True,True,True,60,HIGH,ABNORMAL_MESSAGE_RATE|REPLAY_DETECTED,BLOCK
2026-10-07T01:43:49.353,0x200,ATTACKER,171,50,True,True,True,True,True,60,HIGH,ABNORMAL_MESSAGE_RATE|REPLAY_DETECTED,BLOCK
2026-10-07T01:43:49.354,0x200,ATTACKER,172,50,True,True,True,True,True,60,HIGH,ABNORMAL_MESSAGE_RATE|REPLAY_DETECTED,BLOCK
2026-10-07T01:43:49.356,0x200,ATTACKER,173,50,True,True,True,True,True,60,HIGH,ABNORMAL_MESSAGE_RATE|REPLAY_DETECTED,BLOCK
2026-10-07T01:43:49.359,0x200,ATTACKER,174,50,True,True,True,True,True,60,HIGH,ABNORMAL_MESSAGE_RATE|REPLAY_DETECTED,BLOCK
2026-10-07T01:43:49.359,0x200,ATTACKER,174,50,True,True,True,True,True,60,HIGH,ABNORMAL_MESSAGE_RATE|REPLAY_DETECTED,BLOCK
2026-10-07T01:43:49.360,0x200,ATTACKER,175,50,True,True,True,True,True,60,HIGH,ABNORMAL_MESSAGE_RATE|REPLAY_DETECTED,BLOCK
2026-10-07T01:43:49.361,0x200,ATTACKER,176,50,True,True,True,True,True,60,HIGH,ABNORMAL_MESSAGE_RATE|REPLAY_DETECTED,BLOCK
2026-10-07T01:43:49.362,0x200,ATTACKER,177,50,True,True,True,True,True,60,HIGH,ABNORMAL_MESSAGE_RATE|REPLAY_DETECTED,BLOCK
2026-10-07T01:43:49.363,0x200,ATTACKER,178,50,True,True,True,True,True,60,HIGH,ABNORMAL_MESSAGE_RATE|REPLAY_DETECTED,BLOCK
2026-10-07T01:43:49.364,0x200,ATTACKER,179,50,True,True,True,True,True,60,HIGH,ABNORMAL_MESSAGE_RATE|REPLAY_DETECTED,BLOCK
2026-10-07T01:43:49.366,0x200,ATTACKER,180,50,True,True,True,True,True,60,HIGH,ABNORMAL_MESSAGE_RATE|REPLAY_DETECTED,BLOCK
2026-10-07T01:43:49.367,0x200,ATTACKER,181,50,True,True,True,True,True,60,HIGH,ABNORMAL_MESSAGE_RATE|REPLAY_DETECTED,BLOCK
2026-10-07T01:43:49.367,0x200,ATTACKER,182,50,True,True,True,True,True,60,HIGH,ABNORMAL_MESSAGE_RATE|REPLAY_DETECTED,BLOCK
2026-10-07T01:43:49.368,0x200,ATTACKER,183,50,True,True,True,True,True,60,HIGH,ABNORMAL_MESSAGE_RATE|REPLAY_DETECTED,BLOCK
2026-10-07T01:43:49.368,0x200,ATTACKER,184,50,True,True,True,True,True,60,HIGH,ABNORMAL_MESSAGE_RATE|REPLAY_DETECTED,BLOCK
2026-10-07T01:43:49.369,0x200,ATTACKER,185,50,True,True,True,True,True,60,HIGH,ABNORMAL_MESSAGE_RATE|REPLAY_DETECTED,BLOCK
2026-10-07T01:43:49.369,0x200,ATTACKER,186,50,True,True,True,True,True,60,HIGH,ABNORMAL_MESSAGE_RATE|REPLAY_DETECTED,BLOCK
2026-10-07T01:43:49.371,0x200,ATTACKER,187,50,True,True,True,True,True,60,HIGH,ABNORMAL_MESSAGE_RATE|REPLAY_DETECTED,BLOCK
2026-10-07T01:43:49.372,0x200,ATTACKER,188,50,True,True,True,True,True,60,HIGH,ABNORMAL_MESSAGE_RATE|REPLAY_DETECTED,BLOCK
2026-10-07T01:43:49.374,0x200,ATTACKER,189,50,True,True,True,True,True,60,HIGH,ABNORMAL_MESSAGE_RATE|REPLAY_DETECTED,BLOCK
2026-10-07T01:43:49.375,0x200,ATTACKER,190,50,True,True,True,True,True,60,HIGH,ABNORMAL_MESSAGE_RATE|REPLAY_DETECTED,BLOCK
2026-10-07T01:43:49.376,0x200,ATTACKER,191,50,True,True,True,True,True,60,HIGH,ABNORMAL_MESSAGE_RATE|REPLAY_DETECTED,BLOCK
2026-10-07T01:43:49.377,0x200,ATTACKER,192,50,True,True,True,True,True,60,HIGH,ABNORMAL_MESSAGE_RATE|REPLAY_DETECTED,BLOCK
2026-10-07T01:43:49.378,0x200,ATTACKER,193,50,True,True,True,True,True,60,HIGH,ABNORMAL_MESSAGE_RATE|REPLAY_DETECTED,BLOCK
2026-10-07T01:43:49.378,0x200,ATTACKER,194,50,True,True,True,True,True,60,HIGH,ABNORMAL_MESSAGE_RATE|REPLAY_DETECTED,BLOCK
2026-10-07T01:43:49.379,0x200,ATTACKER,195,50,True,True,True,True,True,60,HIGH,ABNORMAL_MESSAGE_RATE|REPLAY_DETECTED,BLOCK
2026-10-07T01:43:49.379,0x200,ATTACKER,196,50,True,True,True,True,True,60,HIGH,ABNORMAL_MESSAGE_RATE|REPLAY_DETECTED,BLOCK
2026-10-07T01:43:49.380,0x200,ATTACKER,197,50,True,True,True,True,True,60,HIGH,ABNORMAL_MESSAGE_RATE|REPLAY_DETECTED,BLOCK
2026-10-07T01:43:49.380,0x200,ATTACKER,198,50,True,True,True,True,True,60,HIGH,ABNORMAL_MESSAGE_RATE|REPLAY_DETECTED,BLOCK
2026-10-07T01:43:49.381,0x200,ATTACKER,199,50,True,True,True,True,True,60,HIGH,ABNORMAL_MESSAGE_RATE|REPLAY_DETECTED,BLOCK
2026-10-07T01:43:49.381,0x200,ATTACKER,200,50,True,True,True,True,True,60,HIGH,ABNORMAL_MESSAGE_RATE|REPLAY_DETECTED,BLOCK
2026-10-07T01:43:49.381,0x200,ATTACKER,201,50,True,True,True,True,True,60,HIGH,ABNORMAL_MESSAGE_RATE|REPLAY_DETECTED,BLOCK
2026-10-07T01:43:49.382,0x200,ATTACKER,201,50,True,True,True,True,True,60,HIGH,ABNORMAL_MESSAGE_RATE|REPLAY_DETECTED,BLOCK
2026-10-07T01:43:49.382,0x200,ATTACKER,202,50,True,True,True,True,True,60,HIGH,ABNORMAL_MESSAGE_RATE|REPLAY_DETECTED,BLOCK
2026-10-07T01:43:49.383,0x200,ATTACKER,203,50,True,True,True,True,True,60,HIGH,ABNORMAL_MESSAGE_RATE|REPLAY_DETECTED,BLOCK
2026-10-07T01:43:49.383,0x200,ATTACKER,204,50,True,True,True,True,True,60,HIGH,ABNORMAL_MESSAGE_RATE|REPLAY_DETECTED,BLOCK
2026-10-07T01:43:49.384,0x200,ATTACKER,205,50,True,True,True,True,True,60,HIGH,ABNORMAL_MESSAGE_RATE|REPLAY_DETECTED,BLOCK
2026-10-07T01:43:49.384,0x200,ATTACKER,206,50,True,True,True,True,True,60,HIGH,ABNORMAL_MESSAGE_RATE|REPLAY_DETECTED,BLOCK
2026-10-07T01:43:49.385,0x200,ATTACKER,207,50,True,True,True,True,True,60,HIGH,ABNORMAL_MESSAGE_RATE|REPLAY_DETECTED,BLOCK
2026-10-07T01:43:49.385,0x200,ATTACKER,208,50,True,True,True,True,True,60,HIGH,ABNORMAL_MESSAGE_RATE|REPLAY_DETECTED,BLOCK
2026-10-07T01:43:49.386,0x200,ATTACKER,209,50,True,True,True,True,True,60,HIGH,ABNORMAL_MESSAGE_RATE|REPLAY_DETECTED,BLOCK
2026-10-07T01:43:49.386,0x200,ATTACKER,210,50,True,True,True,True,True,60,HIGH,ABNORMAL_MESSAGE_RATE|REPLAY_DETECTED,BLOCK
2026-10-07T01:43:49.387,0x200,ATTACKER,211,50,True,True,True,True,True,60,HIGH,ABNORMAL_MESSAGE_RATE|REPLAY_DETECTED,BLOCK
2026-10-07T01:43:49.389,0x200,ATTACKER,212,50,True,True,True,True,True,60,HIGH,ABNORMAL_MESSAGE_RATE|REPLAY_DETECTED,BLOCK
2026-10-07T01:43:49.392,0x200,ATTACKER,213,50,True,True,True,True,True,60,HIGH,ABNORMAL_MESSAGE_RATE|REPLAY_DETECTED,BLOCK
2026-10-07T01:43:49.393,0x200,ATTACKER,214,50,True,True,True,True,True,60,HIGH,ABNORMAL_MESSAGE_RATE|REPLAY_DETECTED,BLOCK
2026-10-07T01:43:49.394,0x200,ATTACKER,215,50,True,True,True,True,True,60,HIGH,ABNORMAL_MESSAGE_RATE|REPLAY_DETECTED,BLOCK
2026-10-07T01:43:49.394,0x200,ATTACKER,216,50,True,True,True,True,True,60,HIGH,ABNORMAL_MESSAGE_RATE|REPLAY_DETECTED,BLOCK
2026-10-07T01:43:49.395,0x200,ATTACKER,217,50,True,True,True,True,True,60,HIGH,ABNORMAL_MESSAGE_RATE|REPLAY_DETECTED,BLOCK
2026-10-07T01:43:49.395,0x200,ATTACKER,218,50,True,True,True,True,True,60,HIGH,ABNORMAL_MESSAGE_RATE|REPLAY_DETECTED,BLOCK
2026-10-07T01:43:49.395,0x200,ATTACKER,219,50,True,True,True,True,True,60,HIGH,ABNORMAL_MESSAGE_RATE|REPLAY_DETECTED,BLOCK
2026-10-07T01:43:49.396,0x200,ATTACKER,220,50,True,True,True,True,True,60,HIGH,ABNORMAL_MESSAGE_RATE|REPLAY_DETECTED,BLOCK
2026-10-07T01:43:49.396,0x200,ATTACKER,221,50,True,True,True,True,True,60,HIGH,ABNORMAL_MESSAGE_RATE|REPLAY_DETECTED,BLOCK
2026-10-07T01:43:49.397,0x200,ATTACKER,222,50,True,True,True,True,True,60,HIGH,ABNORMAL_MESSAGE_RATE|REPLAY_DETECTED,BLOCK
2026-10-07T01:43:49.397,0x200,ATTACKER,223,50,True,True,True,True,True,60,HIGH,ABNORMAL_MESSAGE_RATE|REPLAY_DETECTED,BLOCK
2026-10-07T01:43:49.398,0x200,ATTACKER,224,50,True,True,True,True,True,60,HIGH,ABNORMAL_MESSAGE_RATE|REPLAY_DETECTED,BLOCK
2026-10-07T01:43:49.398,0x200,ATTACKER,225,50,True,True,True,True,True,60,HIGH,ABNORMAL_MESSAGE_RATE|REPLAY_DETECTED,BLOCK
2026-10-07T01:43:49.399,0x200,ATTACKER,226,50,True,True,True,True,True,60,HIGH,ABNORMAL_MESSAGE_RATE|REPLAY_DETECTED,BLOCK
2026-10-07T01:43:49.399,0x200,ATTACKER,227,50,True,True,True,True,True,60,HIGH,ABNORMAL_MESSAGE_RATE|REPLAY_DETECTED,BLOCK
2026-10-07T01:43:49.399,0x200,ATTACKER,228,50,True,True,True,True,True,60,HIGH,ABNORMAL_MESSAGE_RATE|REPLAY_DETECTED,BLOCK
2026-10-07T01:43:49.400,0x200,ATTACKER,229,50,True,True,True,True,True,60,HIGH,ABNORMAL_MESSAGE_RATE|REPLAY_DETECTED,BLOCK
2026-10-07T01:43:49.400,0x200,ATTACKER,230,50,True,True,True,True,True,60,HIGH,ABNORMAL_MESSAGE_RATE|REPLAY_DETECTED,BLOCK
2026-10-07T01:43:49.400,0x200,ATTACKER,231,50,True,True,True,True,True,60,HIGH,ABNORMAL_MESSAGE_RATE|REPLAY_DETECTED,BLOCK
2026-10-07T01:43:49.401,0x200,ATTACKER,232,50,True,True,True,True,True,60,HIGH,ABNORMAL_MESSAGE_RATE|REPLAY_DETECTED,BLOCK
2026-10-07T01:43:49.401,0x200,ATTACKER,233,50,True,True,True,True,True,60,HIGH,ABNORMAL_MESSAGE_RATE|REPLAY_DETECTED,BLOCK
2026-10-07T01:43:49.401,0x200,ATTACKER,234,50,True,True,True,True,True,60,HIGH,ABNORMAL_MESSAGE_RATE|REPLAY_DETECTED,BLOCK
2026-10-07T01:43:49.402,0x200,ATTACKER,235,50,True,True,True,True,True,60,HIGH,ABNORMAL_MESSAGE_RATE|REPLAY_DETECTED,BLOCK
2026-10-07T01:43:49.402,0x200,ATTACKER,236,50,True,True,True,True,True,60,HIGH,ABNORMAL_MESSAGE_RATE|REPLAY_DETECTED,BLOCK
2026-10-07T01:43:49.408,0x100,BRAKE,69,100,True,True,True,False,True,30,MEDIUM,REPLAY_DETECTED,MONITOR
2026-10-07T01:43:49.409,0x200,SPEED,236,50,True,True,True,True,True,60,HIGH,ABNORMAL_MESSAGE_RATE|REPLAY_DETECTED,BLOCK
2026-10-07T01:43:49.416,0x100,BRAKE,69,100,True,True,True,False,True,30,MEDIUM,REPLAY_DETECTED,MONITOR
2026-10-07T01:43:49.417,0x200,SPEED,237,50,True,True,True,True,True,60,HIGH,ABNORMAL_MESSAGE_RATE|REPLAY_DETECTED,BLOCK
2026-10-07T01:43:49.419,0x300,INSTRUMENT,9,10,True,True,True,False,True,30,MEDIUM,REPLAY_DETECTED,MONITOR
2026-10-07T01:43:49.425,0x100,BRAKE,69,100,True,True,True,False,True,30,MEDIUM,REPLAY_DETECTED,MONITOR
2026-10-07T01:43:49.427,0x200,SPEED,237,50,True,True,True,True,False,30,MEDIUM,ABNORMAL_MESSAGE_RATE,MONITOR
2026-10-07T01:43:49.434,0x100,BRAKE,69,100,True,True,True,False,True,30,MEDIUM,REPLAY_DETECTED,MONITOR
2026-10-07T01:43:49.435,0x200,SPEED,238,50,True,True,True,True,True,60,HIGH,ABNORMAL_MESSAGE_RATE|REPLAY_DETECTED,BLOCK
2026-10-07T01:43:49.441,0x100,BRAKE,69,100,True,True,True,False,True,30,MEDIUM,REPLAY_DETECTED,MONITOR
2026-10-07T01:43:49.442,0x180,ADAS,18,20,True,True,True,False,True,30,MEDIUM,REPLAY_DETECTED,MONITOR
2026-10-07T01:43:49.442,0x200,SPEED,239,50,True,True,True,True,True,60,HIGH,ABNORMAL_MESSAGE_RATE|REPLAY_DETECTED,BLOCK
2026-10-07T01:43:49.449,0x100,BRAKE,69,100,True,True,True,False,True,30,MEDIUM,REPLAY_DETECTED,MONITOR
2026-10-07T01:43:49.449,0x200,SPEED,239,50,True,True,True,True,False,30,MEDIUM,ABNORMAL_MESSAGE_RATE,MONITOR
2026-10-07T01:43:49.455,0x100,BRAKE,70,100,True,True,True,False,True,30,MEDIUM,REPLAY_DETECTED,MONITOR
2026-10-07T01:43:49.457,0x200,SPEED,240,50,True,True,True,True,False,30,MEDIUM,ABNORMAL_MESSAGE_RATE,MONITOR
2026-10-07T01:43:49.463,0x100,BRAKE,70,100,True,True,True,False,True,30,MEDIUM,REPLAY_DETECTED,MONITOR
2026-10-07T01:43:49.464,0x200,SPEED,240,50,True,True,True,True,False,30,MEDIUM,ABNORMAL_MESSAGE_RATE,MONITOR
2026-10-07T01:43:49.471,0x100,BRAKE,71,100,True,True,True,False,True,30,MEDIUM,REPLAY_DETECTED,MONITOR
2026-10-07T01:43:49.471,0x200,SPEED,241,50,True,True,True,True,True,60,HIGH,ABNORMAL_MESSAGE_RATE|REPLAY_DETECTED,BLOCK
2026-10-07T01:43:49.478,0x100,BRAKE,71,100,True,True,True,False,True,30,MEDIUM,REPLAY_DETECTED,MONITOR
2026-10-07T01:43:49.478,0x200,SPEED,242,50,True,True,True,True,False,30,MEDIUM,ABNORMAL_MESSAGE_RATE,MONITOR
2026-10-07T01:43:49.484,0x100,BRAKE,71,100,True,True,True,False,True,30,MEDIUM,REPLAY_DETECTED,MONITOR
2026-10-07T01:43:49.484,0x200,SPEED,242,50,True,True,True,True,False,30,MEDIUM,ABNORMAL_MESSAGE_RATE,MONITOR
2026-10-07T01:43:49.490,0x100,BRAKE,71,100,True,True,True,False,True,30,MEDIUM,REPLAY_DETECTED,MONITOR
2026-10-07T01:43:49.491,0x200,SPEED,243,50,True,True,True,True,True,60,HIGH,ABNORMAL_MESSAGE_RATE|REPLAY_DETECTED,BLOCK
2026-10-07T01:43:49.498,0x100,BRAKE,72,100,True,True,True,False,True,30,MEDIUM,REPLAY_DETECTED,MONITOR
2026-10-07T01:43:49.498,0x200,SPEED,244,50,True,True,True,True,True,60,HIGH,ABNORMAL_MESSAGE_RATE|REPLAY_DETECTED,BLOCK
2026-10-07T01:43:49.504,0x100,BRAKE,72,100,True,True,True,False,True,30,MEDIUM,REPLAY_DETECTED,MONITOR
2026-10-07T01:43:49.505,0x120,STEERING,43,50,True,True,True,False,True,30,MEDIUM,REPLAY_DETECTED,MONITOR
2026-10-07T01:43:49.505,0x200,SPEED,244,50,True,True,True,True,False,30,MEDIUM,ABNORMAL_MESSAGE_RATE,MONITOR
2026-10-07T01:43:49.512,0x100,BRAKE,72,100,True,True,True,False,True,30,MEDIUM,REPLAY_DETECTED,MONITOR
2026-10-07T01:43:49.513,0x200,SPEED,245,50,True,True,True,True,False,30,MEDIUM,ABNORMAL_MESSAGE_RATE,MONITOR
2026-10-07T01:43:49.520,0x100,BRAKE,72,100,True,True,True,False,True,30,MEDIUM,REPLAY_DETECTED,MONITOR
2026-10-07T01:43:49.520,0x120,STEERING,44,50,True,True,True,False,True,30,MEDIUM,REPLAY_DETECTED,MONITOR
2026-10-07T01:43:49.520,0x200,SPEED,245,50,True,True,True,True,True,60,HIGH,ABNORMAL_MESSAGE_RATE|REPLAY_DETECTED,BLOCK
2026-10-07T01:43:49.527,0x100,BRAKE,73,100,True,True,True,False,True,30,MEDIUM,REPLAY_DETECTED,MONITOR
2026-10-07T01:43:49.527,0x120,STEERING,45,50,True,True,True,False,True,30,MEDIUM,REPLAY_DETECTED,MONITOR
2026-10-07T01:43:49.528,0x200,SPEED,246,50,True,True,True,True,True,60,HIGH,ABNORMAL_MESSAGE_RATE|REPLAY_DETECTED,BLOCK
2026-10-07T01:43:49.534,0x100,BRAKE,73,100,True,True,True,False,True,30,MEDIUM,REPLAY_DETECTED,MONITOR
2026-10-07T01:43:49.535,0x200,SPEED,247,50,True,True,True,True,False,30,MEDIUM,ABNORMAL_MESSAGE_RATE,MONITOR
2026-10-07T01:43:49.540,0x100,BRAKE,73,100,True,True,True,False,True,30,MEDIUM,REPLAY_DETECTED,MONITOR
2026-10-07T01:43:49.542,0x200,SPEED,247,50,True,True,True,True,True,60,HIGH,ABNORMAL_MESSAGE_RATE|REPLAY_DETECTED,BLOCK
2026-10-07T01:43:49.549,0x100,BRAKE,74,100,True,True,True,False,True,30,MEDIUM,REPLAY_DETECTED,MONITOR
2026-10-07T01:43:49.550,0x200,SPEED,248,50,True,True,True,True,False,30,MEDIUM,ABNORMAL_MESSAGE_RATE,MONITOR
2026-10-07T01:43:49.556,0x100,BRAKE,74,100,True,True,True,False,True,30,MEDIUM,REPLAY_DETECTED,MONITOR
2026-10-07T01:43:49.557,0x200,SPEED,249,50,True,True,True,True,False,30,MEDIUM,ABNORMAL_MESSAGE_RATE,MONITOR
2026-10-07T01:43:49.564,0x100,BRAKE,74,100,True,True,True,False,True,30,MEDIUM,REPLAY_DETECTED,MONITOR
2026-10-07T01:43:49.564,0x200,SPEED,249,50,True,True,True,True,True,60,HIGH,ABNORMAL_MESSAGE_RATE|REPLAY_DETECTED,BLOCK
2026-10-07T01:43:49.571,0x100,BRAKE,74,100,True,True,True,False,True,30,MEDIUM,REPLAY_DETECTED,MONITOR
2026-10-07T01:43:49.571,0x200,SPEED,250,50,True,True,True,True,False,30,MEDIUM,ABNORMAL_MESSAGE_RATE,MONITOR
2026-10-07T01:43:49.578,0x100,BRAKE,75,100,True,True,True,False,True,30,MEDIUM,REPLAY_DETECTED,MONITOR
2026-10-07T01:43:49.578,0x200,SPEED,251,50,True,True,True,True,True,60,HIGH,ABNORMAL_MESSAGE_RATE|REPLAY_DETECTED,BLOCK
2026-10-07T01:43:49.585,0x100,BRAKE,75,100,True,True,True,False,True,30,MEDIUM,REPLAY_DETECTED,MONITOR
2026-10-07T01:43:49.586,0x200,SPEED,251,50,True,True,True,True,True,60,HIGH,ABNORMAL_MESSAGE_RATE|REPLAY_DETECTED,BLOCK
2026-10-07T01:43:49.592,0x100,BRAKE,75,100,True,True,True,False,True,30,MEDIUM,REPLAY_DETECTED,MONITOR
2026-10-07T01:43:49.600,0x100,BRAKE,75,100,True,True,True,False,True,30,MEDIUM,REPLAY_DETECTED,MONITOR
2026-10-07T01:43:49.600,0x200,SPEED,251,50,True,True,True,True,True,60,HIGH,ABNORMAL_MESSAGE_RATE|REPLAY_DETECTED,BLOCK
2026-10-07T01:43:49.607,0x100,BRAKE,75,100,True,True,True,False,True,30,MEDIUM,REPLAY_DETECTED,MONITOR
2026-10-07T01:43:49.615,0x100,BRAKE,76,100,True,True,True,False,True,30,MEDIUM,REPLAY_DETECTED,MONITOR
2026-10-07T01:43:49.622,0x100,BRAKE,76,100,True,True,True,False,True,30,MEDIUM,REPLAY_DETECTED,MONITOR
2026-10-07T01:43:49.623,0x200,SPEED,251,50,True,True,True,True,True,60,HIGH,ABNORMAL_MESSAGE_RATE|REPLAY_DETECTED,BLOCK
2026-10-07T01:43:49.629,0x100,BRAKE,76,100,True,True,True,False,True,30,MEDIUM,REPLAY_DETECTED,MONITOR
2026-10-07T01:43:49.635,0x100,BRAKE,77,100,True,True,True,False,True,30,MEDIUM,REPLAY_DETECTED,MONITOR
2026-10-07T01:43:49.642,0x100,BRAKE,77,100,True,True,True,False,True,30,MEDIUM,REPLAY_DETECTED,MONITOR
2026-10-07T01:43:49.643,0x200,SPEED,252,50,True,True,True,True,True,60,HIGH,ABNORMAL_MESSAGE_RATE|REPLAY_DETECTED,BLOCK
2026-10-07T01:43:49.649,0x100,BRAKE,78,100,True,True,True,False,True,30,MEDIUM,REPLAY_DETECTED,MONITOR
2026-10-07T01:43:49.655,0x100,BRAKE,78,100,True,True,True,False,True,30,MEDIUM,REPLAY_DETECTED,MONITOR
2026-10-07T01:43:49.663,0x100,BRAKE,78,100,True,True,True,False,True,30,MEDIUM,REPLAY_DETECTED,MONITOR
2026-10-07T01:43:49.663,0x200,SPEED,251,50,True,True,True,True,True,60,HIGH,ABNORMAL_MESSAGE_RATE|REPLAY_DETECTED,BLOCK
2026-10-07T01:43:49.669,0x100,BRAKE,78,100,True,True,True,False,True,30,MEDIUM,REPLAY_DETECTED,MONITOR
2026-10-07T01:43:49.670,0x180,ADAS,20,20,True,True,True,False,True,30,MEDIUM,REPLAY_DETECTED,MONITOR
2026-10-07T01:43:49.676,0x100,BRAKE,79,100,True,True,True,False,True,30,MEDIUM,REPLAY_DETECTED,MONITOR
2026-10-07T01:43:49.677,0x200,SPEED,252,50,True,True,True,True,True,60,HIGH,ABNORMAL_MESSAGE_RATE|REPLAY_DETECTED,BLOCK
2026-10-07T01:43:49.683,0x100,BRAKE,79,100,True,True,True,False,True,30,MEDIUM,REPLAY_DETECTED,MONITOR
2026-10-07T01:43:49.690,0x100,BRAKE,79,100,True,True,True,False,True,30,MEDIUM,REPLAY_DETECTED,MONITOR
2026-10-07T01:43:49.697,0x100,BRAKE,80,100,True,True,True,False,True,30,MEDIUM,REPLAY_DETECTED,MONITOR
2026-10-07T01:43:49.698,0x200,SPEED,252,50,True,True,True,True,True,60,HIGH,ABNORMAL_MESSAGE_RATE|REPLAY_DETECTED,BLOCK
2026-10-07T01:43:49.704,0x100,BRAKE,80,100,True,True,True,False,True,30,MEDIUM,REPLAY_DETECTED,MONITOR
2026-10-07T01:43:49.711,0x100,BRAKE,81,100,True,True,True,False,True,30,MEDIUM,REPLAY_DETECTED,MONITOR
2026-10-07T01:43:49.717,0x100,BRAKE,81,100,True,True,True,False,True,30,MEDIUM,REPLAY_DETECTED,MONITOR
2026-10-07T01:43:49.718,0x200,SPEED,252,50,True,True,True,True,True,60,HIGH,ABNORMAL_MESSAGE_RATE|REPLAY_DETECTED,BLOCK
2026-10-07T01:43:49.718,0x300,INSTRUMENT,11,10,True,True,True,False,True,30,MEDIUM,REPLAY_DETECTED,MONITOR
2026-10-07T01:43:49.725,0x100,BRAKE,81,100,True,True,True,False,True,30,MEDIUM,REPLAY_DETECTED,MONITOR
2026-10-07T01:43:49.731,0x100,BRAKE,81,100,True,True,True,False,True,30,MEDIUM,REPLAY_DETECTED,MONITOR
2026-10-07T01:43:49.738,0x100,BRAKE,82,100,True,True,True,False,True,30,MEDIUM,REPLAY_DETECTED,MONITOR
2026-10-07T01:43:49.738,0x200,SPEED,252,50,True,True,True,True,True,60,HIGH,ABNORMAL_MESSAGE_RATE|REPLAY_DETECTED,BLOCK
2026-10-07T01:43:49.745,0x100,BRAKE,82,100,True,True,True,False,True,30,MEDIUM,REPLAY_DETECTED,MONITOR
2026-10-07T01:43:49.751,0x100,BRAKE,82,100,True,True,True,False,True,30,MEDIUM,REPLAY_DETECTED,MONITOR
2026-10-07T01:43:49.756,0x100,BRAKE,83,100,True,True,True,False,True,30,MEDIUM,REPLAY_DETECTED,MONITOR
2026-10-07T01:43:49.757,0x200,SPEED,252,50,True,True,True,True,False,30,MEDIUM,ABNORMAL_MESSAGE_RATE,MONITOR
2026-10-07T01:43:49.764,0x100,BRAKE,83,100,True,True,True,False,True,30,MEDIUM,REPLAY_DETECTED,MONITOR
2026-10-07T01:43:49.770,0x100,BRAKE,84,100,True,True,True,False,True,30,MEDIUM,REPLAY_DETECTED,MONITOR
2026-10-07T01:43:49.771,0x180,ADAS,21,20,True,True,True,False,True,30,MEDIUM,REPLAY_DETECTED,MONITOR
2026-10-07T01:43:49.777,0x100,BRAKE,84,100,True,True,True,False,True,30,MEDIUM,REPLAY_DETECTED,MONITOR
2026-10-07T01:43:49.778,0x200,SPEED,252,50,True,True,True,True,True,60,HIGH,ABNORMAL_MESSAGE_RATE|REPLAY_DETECTED,BLOCK
2026-10-07T01:43:49.783,0x100,BRAKE,84,100,True,True,True,False,True,30,MEDIUM,REPLAY_DETECTED,MONITOR
2026-10-07T01:43:49.790,0x100,BRAKE,84,100,True,True,True,False,True,30,MEDIUM,REPLAY_DETECTED,MONITOR
2026-10-07T01:43:49.796,0x100,BRAKE,85,100,True,True,True,False,True,30,MEDIUM,REPLAY_DETECTED,MONITOR
2026-10-07T01:43:49.797,0x200,SPEED,252,50,True,True,True,True,False,30,MEDIUM,ABNORMAL_MESSAGE_RATE,MONITOR
2026-10-07T01:43:49.803,0x100,BRAKE,85,100,True,True,True,False,True,30,MEDIUM,REPLAY_DETECTED,MONITOR
2026-10-07T01:43:49.809,0x100,BRAKE,86,100,True,True,True,False,True,30,MEDIUM,REPLAY_DETECTED,MONITOR
2026-10-07T01:43:49.816,0x100,BRAKE,86,100,True,True,True,False,True,30,MEDIUM,REPLAY_DETECTED,MONITOR
2026-10-07T01:43:49.816,0x200,SPEED,252,50,True,True,True,True,True,60,HIGH,ABNORMAL_MESSAGE_RATE|REPLAY_DETECTED,BLOCK
2026-10-07T01:43:49.823,0x100,BRAKE,86,100,True,True,True,False,True,30,MEDIUM,REPLAY_DETECTED,MONITOR
2026-10-07T01:43:49.824,0x200,ATTACKER,252,50,True,True,False,True,True,90,CRITICAL,ABNORMAL_MESSAGE_RATE|INVALID_PAYLOAD|REPLAY_DETECTED,BLOCK_AND_ISOLATE
2026-10-07T01:43:49.830,0x100,BRAKE,86,100,True,True,True,False,True,30,MEDIUM,REPLAY_DETECTED,MONITOR
2026-10-07T01:43:49.837,0x100,BRAKE,87,100,True,True,True,False,True,30,MEDIUM,REPLAY_DETECTED,MONITOR
2026-10-07T01:43:49.838,0x200,SPEED,253,50,True,True,True,True,True,60,HIGH,ABNORMAL_MESSAGE_RATE|REPLAY_DETECTED,BLOCK
2026-10-07T01:43:49.844,0x100,BRAKE,87,100,True,True,True,False,True,30,MEDIUM,REPLAY_DETECTED,MONITOR
2026-10-07T01:43:49.850,0x100,BRAKE,88,100,True,True,True,False,True,30,MEDIUM,REPLAY_DETECTED,MONITOR
2026-10-07T01:43:49.857,0x100,BRAKE,88,100,True,True,True,False,True,30,MEDIUM,REPLAY_DETECTED,MONITOR
2026-10-07T01:43:49.857,0x200,SPEED,253,50,True,True,True,True,False,30,MEDIUM,ABNORMAL_MESSAGE_RATE,MONITOR
2026-10-07T01:43:49.863,0x100,BRAKE,88,100,True,True,True,False,True,30,MEDIUM,REPLAY_DETECTED,MONITOR
2026-10-07T01:43:49.870,0x100,BRAKE,88,100,True,True,True,False,True,30,MEDIUM,REPLAY_DETECTED,MONITOR
2026-10-07T01:43:49.877,0x100,BRAKE,88,100,True,True,True,False,True,30,MEDIUM,REPLAY_DETECTED,MONITOR
2026-10-07T01:43:49.877,0x120,STEERING,51,50,True,True,True,False,True,30,MEDIUM,REPLAY_DETECTED,MONITOR
2026-10-07T01:43:49.877,0x200,SPEED,252,50,True,True,True,True,True,60,HIGH,ABNORMAL_MESSAGE_RATE|REPLAY_DETECTED,BLOCK
2026-10-07T01:43:49.884,0x100,BRAKE,89,100,True,True,True,False,True,30,MEDIUM,REPLAY_DETECTED,MONITOR
2026-10-07T01:43:49.891,0x100,BRAKE,90,100,True,True,True,False,True,30,MEDIUM,REPLAY_DETECTED,MONITOR
2026-10-07T01:43:49.898,0x100,BRAKE,90,100,True,True,True,False,True,30,MEDIUM,REPLAY_DETECTED,MONITOR
2026-10-07T01:43:49.899,0x200,SPEED,253,50,True,True,True,True,True,60,HIGH,ABNORMAL_MESSAGE_RATE|REPLAY_DETECTED,BLOCK
2026-10-07T01:43:49.905,0x100,BRAKE,90,100,True,True,True,False,True,30,MEDIUM,REPLAY_DETECTED,MONITOR
2026-10-07T01:43:49.915,0x100,BRAKE,90,100,True,True,True,False,True,30,MEDIUM,REPLAY_DETECTED,MONITOR
2026-10-07T01:43:49.921,0x100,BRAKE,91,100,True,True,True,False,True,30,MEDIUM,REPLAY_DETECTED,MONITOR
2026-10-07T01:43:49.924,0x200,SPEED,253,50,True,True,True,True,False,30,MEDIUM,ABNORMAL_MESSAGE_RATE,MONITOR
2026-10-07T01:43:49.931,0x100,BRAKE,91,100,True,True,True,False,True,30,MEDIUM,REPLAY_DETECTED,MONITOR
2026-10-07T01:43:49.938,0x100,BRAKE,91,100,True,True,True,False,True,30,MEDIUM,REPLAY_DETECTED,MONITOR
2026-10-07T01:43:49.940,0x200,SPEED,253,50,True,True,True,True,False,30,MEDIUM,ABNORMAL_MESSAGE_RATE,MONITOR
2026-10-07T01:43:49.948,0x100,BRAKE,91,100,True,True,True,False,True,30,MEDIUM,REPLAY_DETECTED,MONITOR
2026-10-07T01:43:49.955,0x100,BRAKE,91,100,True,True,True,False,True,30,MEDIUM,REPLAY_DETECTED,MONITOR
2026-10-07T01:43:49.965,0x100,BRAKE,91,100,True,True,True,False,True,30,MEDIUM,REPLAY_DETECTED,MONITOR
2026-10-07T01:43:49.966,0x200,SPEED,252,50,True,True,True,True,True,60,HIGH,ABNORMAL_MESSAGE_RATE|REPLAY_DETECTED,BLOCK
2026-10-07T01:43:49.975,0x100,BRAKE,91,100,True,True,True,False,True,30,MEDIUM,REPLAY_DETECTED,MONITOR
2026-10-07T01:43:49.983,0x100,BRAKE,91,100,True,True,True,False,True,30,MEDIUM,REPLAY_DETECTED,MONITOR
2026-10-07T01:43:49.984,0x200,SPEED,252,50,True,True,True,True,True,60,HIGH,ABNORMAL_MESSAGE_RATE|REPLAY_DETECTED,BLOCK
2026-10-07T01:43:49.991,0x100,BRAKE,91,100,True,True,True,False,True,30,MEDIUM,REPLAY_DETECTED,MONITOR
2026-10-07T01:43:49.998,0x100,BRAKE,92,100,True,True,True,False,True,30,MEDIUM,REPLAY_DETECTED,MONITOR
2026-10-07T01:43:49.999,0x200,SPEED,253,50,True,True,True,True,True,60,HIGH,ABNORMAL_MESSAGE_RATE|REPLAY_DETECTED,BLOCK
2026-10-07T01:43:50.006,0x100,BRAKE,92,100,True,True,True,False,True,30,MEDIUM,REPLAY_DETECTED,MONITOR
2026-10-07T01:43:50.016,0x100,BRAKE,92,100,True,True,True,False,True,30,MEDIUM,REPLAY_DETECTED,MONITOR
2026-10-07T01:43:50.025,0x100,BRAKE,92,100,True,True,True,False,True,30,MEDIUM,REPLAY_DETECTED,MONITOR
2026-10-07T01:43:50.027,0x180,ADAS,20,20,True,True,True,False,True,30,MEDIUM,REPLAY_DETECTED,MONITOR
2026-10-07T01:43:50.028,0x200,SPEED,252,50,True,True,True,True,True,60,HIGH,ABNORMAL_MESSAGE_RATE|REPLAY_DETECTED,BLOCK
2026-10-07T01:43:50.029,0x300,INSTRUMENT,10,10,True,True,True,False,True,30,MEDIUM,REPLAY_DETECTED,MONITOR
2026-10-07T01:43:50.035,0x100,BRAKE,92,100,True,True,True,False,True,30,MEDIUM,REPLAY_DETECTED,MONITOR
2026-10-07T01:43:50.041,0x100,BRAKE,92,100,True,True,True,False,True,30,MEDIUM,REPLAY_DETECTED,MONITOR
2026-10-07T01:43:50.042,0x200,SPEED,253,50,True,True,True,True,True,60,HIGH,ABNORMAL_MESSAGE_RATE|REPLAY_DETECTED,BLOCK
2026-10-07T01:43:50.049,0x100,BRAKE,92,100,True,True,True,False,True,30,MEDIUM,REPLAY_DETECTED,MONITOR
2026-10-07T01:43:50.056,0x100,BRAKE,93,100,True,True,True,False,True,30,MEDIUM,REPLAY_DETECTED,MONITOR
2026-10-07T01:43:50.058,0x200,SPEED,253,50,True,True,True,True,True,60,HIGH,ABNORMAL_MESSAGE_RATE|REPLAY_DETECTED,BLOCK
2026-10-07T01:43:50.064,0x100,BRAKE,93,100,True,True,True,False,True,30,MEDIUM,REPLAY_DETECTED,MONITOR
2026-10-07T01:43:50.071,0x100,BRAKE,93,100,True,True,True,False,True,30,MEDIUM,REPLAY_DETECTED,MONITOR
2026-10-07T01:43:50.079,0x100,BRAKE,93,100,True,True,True,False,True,30,MEDIUM,REPLAY_DETECTED,MONITOR
2026-10-07T01:43:50.079,0x200,SPEED,252,50,True,True,True,True,True,60,HIGH,ABNORMAL_MESSAGE_RATE|REPLAY_DETECTED,BLOCK
2026-10-07T01:43:50.086,0x100,BRAKE,94,100,True,True,True,False,True,30,MEDIUM,REPLAY_DETECTED,MONITOR
2026-10-07T01:43:50.094,0x100,BRAKE,95,100,True,True,True,False,True,30,MEDIUM,REPLAY_DETECTED,MONITOR
2026-10-07T01:43:50.101,0x100,BRAKE,96,100,True,True,True,False,True,30,MEDIUM,REPLAY_DETECTED,MONITOR
2026-10-07T01:43:50.107,0x200,SPEED,210,50,True,True,True,True,True,60,HIGH,ABNORMAL_MESSAGE_RATE|REPLAY_DETECTED,BLOCK
2026-10-07T01:43:50.114,0x100,BRAKE,97,100,True,True,True,False,True,30,MEDIUM,REPLAY_DETECTED,MONITOR
2026-10-07T01:43:50.121,0x100,BRAKE,98,100,True,True,True,False,True,30,MEDIUM,REPLAY_DETECTED,MONITOR
2026-10-07T01:43:50.123,0x200,SPEED,194,50,True,True,True,True,True,60,HIGH,ABNORMAL_MESSAGE_RATE|REPLAY_DETECTED,BLOCK
2026-10-07T01:43:50.131,0x100,BRAKE,99,100,True,True,True,False,True,30,MEDIUM,REPLAY_DETECTED,MONITOR
2026-10-07T01:43:50.139,0x100,BRAKE,100,100,True,True,True,False,True,30,MEDIUM,REPLAY_DETECTED,MONITOR
2026-10-07T01:43:50.143,0x200,SPEED,188,50,True,True,True,True,False,30,MEDIUM,ABNORMAL_MESSAGE_RATE,MONITOR
2026-10-07T01:43:50.143,0x200,ATTACKER,189,50,True,True,True,True,True,60,HIGH,ABNORMAL_MESSAGE_RATE|REPLAY_DETECTED,BLOCK
2026-10-07T01:43:50.150,0x100,BRAKE,101,100,True,True,True,False,True,30,MEDIUM,REPLAY_DETECTED,MONITOR
2026-10-07T01:43:50.158,0x100,BRAKE,102,100,True,True,True,False,True,30,MEDIUM,REPLAY_DETECTED,MONITOR
2026-10-07T01:43:50.159,0x120,STEERING,54,50,True,True,True,False,True,30,MEDIUM,REPLAY_DETECTED,MONITOR
2026-10-07T01:43:50.159,0x200,SPEED,185,50,True,True,True,True,True,60,HIGH,ABNORMAL_MESSAGE_RATE|REPLAY_DETECTED,BLOCK
2026-10-07T01:43:50.166,0x100,BRAKE,103,100,True,True,True,False,True,30,MEDIUM,REPLAY_DETECTED,MONITOR
2026-10-07T01:43:50.167,0x180,ADAS,22,20,True,True,True,False,True,30,MEDIUM,REPLAY_DETECTED,MONITOR
2026-10-07T01:43:50.174,0x100,BRAKE,104,100,True,True,True,False,True,30,MEDIUM,REPLAY_DETECTED,MONITOR
2026-10-07T01:43:50.180,0x100,BRAKE,105,100,True,True,True,False,True,30,MEDIUM,REPLAY_DETECTED,MONITOR
2026-10-07T01:43:50.184,0x200,SPEED,175,50,True,True,True,True,False,30,MEDIUM,ABNORMAL_MESSAGE_RATE,MONITOR
2026-10-07T01:43:50.191,0x100,BRAKE,106,100,True,True,True,False,True,30,MEDIUM,REPLAY_DETECTED,MONITOR
2026-10-07T01:43:50.197,0x100,BRAKE,107,100,True,True,True,False,True,30,MEDIUM,REPLAY_DETECTED,MONITOR
2026-10-07T01:43:50.198,0x200,SPEED,172,50,True,True,True,True,True,60,HIGH,ABNORMAL_MESSAGE_RATE|REPLAY_DETECTED,BLOCK
2026-10-07T01:43:50.205,0x100,BRAKE,108,100,True,True,True,False,True,30,MEDIUM,REPLAY_DETECTED,MONITOR
2026-10-07T01:43:50.212,0x100,BRAKE,109,100,True,True,True,False,True,30,MEDIUM,REPLAY_DETECTED,MONITOR
2026-10-07T01:43:50.218,0x100,BRAKE,110,100,True,True,True,False,True,30,MEDIUM,REPLAY_DETECTED,MONITOR
2026-10-07T01:43:50.219,0x200,SPEED,166,50,True,True,True,True,False,30,MEDIUM,ABNORMAL_MESSAGE_RATE,MONITOR
2026-10-07T01:43:50.226,0x100,BRAKE,111,100,True,True,True,False,True,30,MEDIUM,REPLAY_DETECTED,MONITOR
2026-10-07T01:43:50.234,0x100,BRAKE,112,100,True,True,True,False,True,30,MEDIUM,REPLAY_DETECTED,MONITOR
2026-10-07T01:43:50.241,0x100,BRAKE,113,100,True,True,True,False,True,30,MEDIUM,REPLAY_DETECTED,MONITOR
2026-10-07T01:43:50.242,0x200,SPEED,153,50,True,True,True,True,True,60,HIGH,ABNORMAL_MESSAGE_RATE|REPLAY_DETECTED,BLOCK
2026-10-07T01:43:50.248,0x100,BRAKE,114,100,True,True,True,False,True,30,MEDIUM,REPLAY_DETECTED,MONITOR
2026-10-07T01:43:50.255,0x100,BRAKE,115,100,True,True,True,False,True,30,MEDIUM,REPLAY_DETECTED,MONITOR
2026-10-07T01:43:50.263,0x100,BRAKE,116,100,True,True,True,False,True,30,MEDIUM,REPLAY_DETECTED,MONITOR
2026-10-07T01:43:50.264,0x200,SPEED,150,50,True,True,True,True,True,60,HIGH,ABNORMAL_MESSAGE_RATE|REPLAY_DETECTED,BLOCK
2026-10-07T01:43:50.271,0x100,BRAKE,117,100,True,True,True,False,True,30,MEDIUM,REPLAY_DETECTED,MONITOR
2026-10-07T01:43:50.278,0x100,BRAKE,118,100,True,True,True,False,True,30,MEDIUM,REPLAY_DETECTED,MONITOR
2026-10-07T01:43:50.279,0x200,SPEED,150,50,True,True,True,True,True,60,HIGH,ABNORMAL_MESSAGE_RATE|REPLAY_DETECTED,BLOCK
2026-10-07T01:43:50.286,0x100,BRAKE,119,100,True,True,True,False,True,30,MEDIUM,REPLAY_DETECTED,MONITOR
2026-10-07T01:43:50.293,0x100,BRAKE,120,100,True,True,True,False,True,30,MEDIUM,REPLAY_DETECTED,MONITOR
2026-10-07T01:43:50.301,0x100,BRAKE,121,100,True,True,True,False,True,30,MEDIUM,REPLAY_DETECTED,MONITOR
2026-10-07T01:43:50.302,0x200,SPEED,145,50,True,True,True,True,True,60,HIGH,ABNORMAL_MESSAGE_RATE|REPLAY_DETECTED,BLOCK
2026-10-07T01:43:50.309,0x100,BRAKE,122,100,True,True,True,False,True,30,MEDIUM,REPLAY_DETECTED,MONITOR
2026-10-07T01:43:50.317,0x100,BRAKE,123,100,True,True,True,False,True,30,MEDIUM,REPLAY_DETECTED,MONITOR
2026-10-07T01:43:50.318,0x200,SPEED,144,50,True,True,True,True,True,60,HIGH,ABNORMAL_MESSAGE_RATE|REPLAY_DETECTED,BLOCK
2026-10-07T01:43:50.325,0x100,BRAKE,124,100,True,True,True,False,True,30,MEDIUM,REPLAY_DETECTED,MONITOR
2026-10-07T01:43:50.333,0x100,BRAKE,125,100,True,True,True,False,True,30,MEDIUM,REPLAY_DETECTED,MONITOR
2026-10-07T01:43:50.342,0x100,BRAKE,126,100,True,True,True,False,True,30,MEDIUM,REPLAY_DETECTED,MONITOR
2026-10-07T01:43:50.343,0x200,SPEED,137,50,True,True,True,True,True,60,HIGH,ABNORMAL_MESSAGE_RATE|REPLAY_DETECTED,BLOCK
2026-10-07T01:43:50.350,0x100,BRAKE,127,100,True,True,True,False,True,30,MEDIUM,REPLAY_DETECTED,MONITOR
2026-10-07T01:43:50.358,0x100,BRAKE,128,100,True,True,True,False,True,30,MEDIUM,REPLAY_DETECTED,MONITOR
2026-10-07T01:43:50.359,0x120,STEERING,64,50,True,True,True,False,True,30,MEDIUM,REPLAY_DETECTED,MONITOR
2026-10-07T01:43:50.360,0x200,SPEED,128,50,True,True,True,True,True,60,HIGH,ABNORMAL_MESSAGE_RATE|REPLAY_DETECTED,BLOCK
2026-10-07T01:43:50.367,0x100,BRAKE,129,100,True,True,True,False,True,30,MEDIUM,REPLAY_DETECTED,MONITOR
2026-10-07T01:43:50.380,0x100,BRAKE,130,100,True,True,True,False,True,30,MEDIUM,REPLAY_DETECTED,MONITOR
2026-10-07T01:43:50.381,0x200,SPEED,106,50,True,True,True,True,True,60,HIGH,ABNORMAL_MESSAGE_RATE|REPLAY_DETECTED,BLOCK
2026-10-07T01:43:50.387,0x100,BRAKE,131,100,True,True,True,False,True,30,MEDIUM,REPLAY_DETECTED,MONITOR
2026-10-07T01:43:50.396,0x100,BRAKE,132,100,True,True,True,False,True,30,MEDIUM,REPLAY_DETECTED,MONITOR
2026-10-07T01:43:50.397,0x200,SPEED,82,50,True,True,True,False,True,30,MEDIUM,REPLAY_DETECTED,MONITOR
2026-10-07T01:43:50.410,0x100,BRAKE,132,100,True,True,True,False,True,30,MEDIUM,REPLAY_DETECTED,MONITOR
2026-10-07T01:43:50.417,0x100,BRAKE,132,100,True,True,True,False,True,30,MEDIUM,REPLAY_DETECTED,MONITOR
2026-10-07T01:43:50.418,0x200,SPEED,67,50,True,True,True,False,True,30,MEDIUM,REPLAY_DETECTED,MONITOR
2026-10-07T01:43:50.432,0x100,BRAKE,132,100,True,True,True,False,True,30,MEDIUM,REPLAY_DETECTED,MONITOR
2026-10-07T01:43:50.439,0x100,BRAKE,132,100,True,True,True,False,True,30,MEDIUM,REPLAY_DETECTED,MONITOR
2026-10-07T01:43:50.443,0x200,SPEED,65,50,True,True,True,False,True,30,MEDIUM,REPLAY_DETECTED,MONITOR
2026-10-07T01:43:50.449,0x100,BRAKE,131,100,True,True,True,False,True,30,MEDIUM,REPLAY_DETECTED,MONITOR
2026-10-07T01:43:50.458,0x100,BRAKE,131,100,True,True,True,False,True,30,MEDIUM,REPLAY_DETECTED,MONITOR
2026-10-07T01:43:50.472,0x100,BRAKE,130,100,True,True,True,False,True,30,MEDIUM,REPLAY_DETECTED,MONITOR
2026-10-07T01:43:50.482,0x100,BRAKE,130,100,True,True,True,False,True,30,MEDIUM,REPLAY_DETECTED,MONITOR
2026-10-07T01:43:50.483,0x120,STEERING,60,50,True,True,True,False,True,30,MEDIUM,REPLAY_DETECTED,MONITOR
2026-10-07T01:43:50.484,0x200,SPEED,62,50,True,True,True,False,True,30,MEDIUM,REPLAY_DETECTED,MONITOR
2026-10-07T01:43:50.491,0x100,BRAKE,129,100,True,True,True,False,True,30,MEDIUM,REPLAY_DETECTED,MONITOR
2026-10-07T01:43:50.498,0x100,BRAKE,129,100,True,True,True,False,True,30,MEDIUM,REPLAY_DETECTED,MONITOR
2026-10-07T01:43:50.499,0x200,SPEED,60,50,True,True,True,False,True,30,MEDIUM,REPLAY_DETECTED,MONITOR
2026-10-07T01:43:50.511,0x100,BRAKE,129,100,True,True,True,False,True,30,MEDIUM,REPLAY_DETECTED,MONITOR
2026-10-07T01:43:50.518,0x100,BRAKE,129,100,True,True,True,False,True,30,MEDIUM,REPLAY_DETECTED,MONITOR
2026-10-07T01:43:50.519,0x120,STEERING,57,50,True,True,True,False,True,30,MEDIUM,REPLAY_DETECTED,MONITOR
2026-10-07T01:43:50.520,0x180,ADAS,21,20,True,True,True,False,True,30,MEDIUM,REPLAY_DETECTED,MONITOR
2026-10-07T01:43:50.520,0x200,SPEED,59,50,True,True,True,False,True,30,MEDIUM,REPLAY_DETECTED,MONITOR
2026-10-07T01:43:50.527,0x100,BRAKE,129,100,True,True,True,False,True,30,MEDIUM,REPLAY_DETECTED,MONITOR
2026-10-07T01:43:50.540,0x100,BRAKE,128,100,True,True,True,False,True,30,MEDIUM,REPLAY_DETECTED,MONITOR
2026-10-07T01:43:50.540,0x200,SPEED,57,50,True,True,True,False,True,30,MEDIUM,REPLAY_DETECTED,MONITOR
2026-10-07T01:43:50.546,0x100,BRAKE,128,100,True,True,True,False,True,30,MEDIUM,REPLAY_DETECTED,MONITOR
2026-10-07T01:43:50.559,0x100,BRAKE,127,100,True,True,True,False,True,30,MEDIUM,REPLAY_DETECTED,MONITOR
2026-10-07T01:43:50.560,0x200,SPEED,55,50,True,True,True,False,True,30,MEDIUM,REPLAY_DETECTED,MONITOR
2026-10-07T01:43:50.566,0x100,BRAKE,127,100,True,True,True,False,True,30,MEDIUM,REPLAY_DETECTED,MONITOR
2026-10-07T01:43:50.567,0x180,ADAS,21,20,True,True,True,False,True,30,MEDIUM,REPLAY_DETECTED,MONITOR
2026-10-07T01:43:50.580,0x100,BRAKE,126,100,True,True,True,False,True,30,MEDIUM,REPLAY_DETECTED,MONITOR
2026-10-07T01:43:50.586,0x100,BRAKE,126,100,True,True,True,False,True,30,MEDIUM,REPLAY_DETECTED,MONITOR
2026-10-07T01:43:50.599,0x100,BRAKE,126,100,True,True,True,False,True,30,MEDIUM,REPLAY_DETECTED,MONITOR
2026-10-07T01:43:50.600,0x200,SPEED,53,50,True,True,True,False,True,30,MEDIUM,REPLAY_DETECTED,MONITOR
2026-10-07T01:43:50.611,0x100,BRAKE,125,100,True,True,True,False,True,30,MEDIUM,REPLAY_DETECTED,MONITOR
2026-10-07T01:43:50.622,0x100,BRAKE,124,100,True,True,True,False,True,30,MEDIUM,REPLAY_DETECTED,MONITOR
2026-10-07T01:43:50.623,0x180,ADAS,21,20,True,True,True,False,True,30,MEDIUM,REPLAY_DETECTED,MONITOR
2026-10-07T01:43:50.623,0x200,SPEED,52,50,True,True,True,False,True,30,MEDIUM,REPLAY_DETECTED,MONITOR
2026-10-07T01:43:50.630,0x100,BRAKE,124,100,True,True,True,False,True,30,MEDIUM,REPLAY_DETECTED,MONITOR
2026-10-07T01:43:50.637,0x100,BRAKE,124,100,True,True,True,False,True,30,MEDIUM,REPLAY_DETECTED,MONITOR
2026-10-07T01:43:50.637,0x120,STEERING,51,50,True,True,True,False,True,30,MEDIUM,REPLAY_DETECTED,MONITOR
2026-10-07T01:43:50.638,0x200,SPEED,53,50,True,True,True,False,True,30,MEDIUM,REPLAY_DETECTED,MONITOR
2026-10-07T01:43:50.649,0x100,BRAKE,123,100,True,True,True,False,True,30,MEDIUM,REPLAY_DETECTED,MONITOR
2026-10-07T01:43:50.661,0x100,BRAKE,123,100,True,True,True,False,True,30,MEDIUM,REPLAY_DETECTED,MONITOR
2026-10-07T01:43:50.662,0x200,SPEED,53,50,True,True,True,False,True,30,MEDIUM,REPLAY_DETECTED,MONITOR
2026-10-07T01:43:50.668,0x100,BRAKE,123,100,True,True,True,False,True,30,MEDIUM,REPLAY_DETECTED,MONITOR
2026-10-07T01:43:50.684,0x100,BRAKE,122,100,True,True,True,False,True,30,MEDIUM,REPLAY_DETECTED,MONITOR
2026-10-07T01:43:50.691,0x120,STEERING,50,50,True,True,True,False,True,30,MEDIUM,REPLAY_DETECTED,MONITOR
2026-10-07T01:43:50.694,0x200,SPEED,52,50,True,True,True,False,True,30,MEDIUM,REPLAY_DETECTED,MONITOR
2026-10-07T01:43:50.701,0x100,BRAKE,120,100,True,True,True,False,True,30,MEDIUM,REPLAY_DETECTED,MONITOR
2026-10-07T01:43:50.708,0x200,SPEED,52,50,True,True,True,False,True,30,MEDIUM,REPLAY_DETECTED,MONITOR
2026-10-07T01:43:50.716,0x100,BRAKE,119,100,True,True,True,False,True,30,MEDIUM,REPLAY_DETECTED,MONITOR
2026-10-07T01:43:50.729,0x100,BRAKE,118,100,True,True,True,False,True,30,MEDIUM,REPLAY_DETECTED,MONITOR
2026-10-07T01:43:50.739,0x180,ADAS,20,20,True,True,True,False,True,30,MEDIUM,REPLAY_DETECTED,MONITOR
2026-10-07T01:43:50.741,0x200,SPEED,51,50,True,True,True,False,True,30,MEDIUM,REPLAY_DETECTED,MONITOR
2026-10-07T01:43:50.756,0x100,BRAKE,115,100,True,True,True,False,True,30,MEDIUM,REPLAY_DETECTED,MONITOR
2026-10-07T01:43:50.758,0x200,SPEED,51,50,True,True,True,False,True,30,MEDIUM,REPLAY_DETECTED,MONITOR
2026-10-07T01:43:50.765,0x100,BRAKE,114,100,True,True,True,False,True,30,MEDIUM,REPLAY_DETECTED,MONITOR
2026-10-07T01:43:50.765,0x200,SPEED,52,50,True,True,True,False,True,30,MEDIUM,REPLAY_DETECTED,MONITOR
2026-10-07T01:43:50.771,0x100,BRAKE,114,100,True,True,True,False,True,30,MEDIUM,REPLAY_DETECTED,MONITOR
2026-10-07T01:43:50.778,0x100,BRAKE,114,100,True,True,True,False,True,30,MEDIUM,REPLAY_DETECTED,MONITOR
2026-10-07T01:43:50.779,0x200,SPEED,52,50,True,True,True,False,True,30,MEDIUM,REPLAY_DETECTED,MONITOR
2026-10-07T01:43:50.791,0x100,BRAKE,113,100,True,True,True,False,True,30,MEDIUM,REPLAY_DETECTED,MONITOR
2026-10-07T01:43:50.798,0x100,BRAKE,113,100,True,True,True,False,True,30,MEDIUM,REPLAY_DETECTED,MONITOR
2026-10-07T01:43:50.798,0x200,SPEED,52,50,True,True,True,False,True,30,MEDIUM,REPLAY_DETECTED,MONITOR
2026-10-07T01:43:50.804,0x100,BRAKE,113,100,True,True,True,False,True,30,MEDIUM,REPLAY_DETECTED,MONITOR
2026-10-07T01:43:50.811,0x100,BRAKE,113,100,True,True,True,False,True,30,MEDIUM,REPLAY_DETECTED,MONITOR
2026-10-07T01:43:50.817,0x100,BRAKE,113,100,True,True,True,False,True,30,MEDIUM,REPLAY_DETECTED,MONITOR
2026-10-07T01:43:50.817,0x180,ADAS,20,20,True,True,True,False,True,30,MEDIUM,REPLAY_DETECTED,MONITOR
2026-10-07T01:43:50.818,0x200,SPEED,52,50,True,True,True,False,True,30,MEDIUM,REPLAY_DETECTED,MONITOR
2026-10-07T01:43:50.824,0x100,BRAKE,113,100,True,True,True,False,True,30,MEDIUM,REPLAY_DETECTED,MONITOR
2026-10-07T01:43:50.830,0x100,BRAKE,113,100,True,True,True,False,True,30,MEDIUM,REPLAY_DETECTED,MONITOR
2026-10-07T01:43:50.837,0x100,BRAKE,113,100,True,True,True,False,True,30,MEDIUM,REPLAY_DETECTED,MONITOR
2026-10-07T01:43:50.837,0x200,SPEED,52,50,True,True,True,False,True,30,MEDIUM,REPLAY_DETECTED,MONITOR
2026-10-07T01:43:50.844,0x100,BRAKE,113,100,True,True,True,False,True,30,MEDIUM,REPLAY_DETECTED,MONITOR
2026-10-07T01:43:50.851,0x100,BRAKE,113,100,True,True,True,False,True,30,MEDIUM,REPLAY_DETECTED,MONITOR
2026-10-07T01:43:50.858,0x100,BRAKE,113,100,True,True,True,False,True,30,MEDIUM,REPLAY_DETECTED,MONITOR
2026-10-07T01:43:50.858,0x200,SPEED,51,50,True,True,True,False,True,30,MEDIUM,REPLAY_DETECTED,MONITOR
2026-10-07T01:43:50.871,0x100,BRAKE,112,100,True,True,True,False,True,30,MEDIUM,REPLAY_DETECTED,MONITOR
2026-10-07T01:43:50.878,0x100,BRAKE,112,100,True,True,True,False,True,30,MEDIUM,REPLAY_DETECTED,MONITOR
2026-10-07T01:43:50.890,0x100,BRAKE,112,100,True,True,True,False,True,30,MEDIUM,REPLAY_DETECTED,MONITOR
2026-10-07T01:43:50.896,0x100,BRAKE,112,100,True,True,True,False,True,30,MEDIUM,REPLAY_DETECTED,MONITOR
2026-10-07T01:43:50.908,0x100,BRAKE,111,100,True,True,True,False,True,30,MEDIUM,REPLAY_DETECTED,MONITOR
2026-10-07T01:43:50.915,0x200,ATTACKER,52,50,True,True,True,False,True,30,MEDIUM,REPLAY_DETECTED,MONITOR
2026-10-07T01:43:50.915,0x555,ATTACKER,1,,False,True,True,True,True,100,CRITICAL,UNKNOWN_CAN_ID|ABNORMAL_MESSAGE_RATE|REPLAY_DETECTED,BLOCK_AND_ISOLATE
2026-10-07T01:43:50.922,0x100,BRAKE,110,100,True,True,True,False,True,30,MEDIUM,REPLAY_DETECTED,MONITOR
2026-10-07T01:43:50.923,0x200,SPEED,53,50,True,True,True,False,True,30,MEDIUM,REPLAY_DETECTED,MONITOR
2026-10-07T01:43:50.929,0x100,BRAKE,111,100,True,True,True,False,True,30,MEDIUM,REPLAY_DETECTED,MONITOR
2026-10-07T01:43:50.936,0x100,BRAKE,111,100,True,True,True,False,True,30,MEDIUM,REPLAY_DETECTED,MONITOR
2026-10-07T01:43:50.937,0x200,SPEED,53,50,True,True,True,False,True,30,MEDIUM,REPLAY_DETECTED,MONITOR
2026-10-07T01:43:50.949,0x100,BRAKE,110,100,True,True,True,False,True,30,MEDIUM,REPLAY_DETECTED,MONITOR
2026-10-07T01:43:50.962,0x100,BRAKE,110,100,True,True,True,False,True,30,MEDIUM,REPLAY_DETECTED,MONITOR
2026-10-07T01:43:50.962,0x200,SPEED,53,50,True,True,True,False,True,30,MEDIUM,REPLAY_DETECTED,MONITOR
2026-10-07T01:43:50.969,0x100,BRAKE,110,100,True,True,True,False,True,30,MEDIUM,REPLAY_DETECTED,MONITOR
2026-10-07T01:43:50.970,0x180,ADAS,21,20,True,True,True,False,True,30,MEDIUM,REPLAY_DETECTED,MONITOR
2026-10-07T01:43:50.977,0x100,BRAKE,110,100,True,True,True,False,True,30,MEDIUM,REPLAY_DETECTED,MONITOR
2026-10-07T01:43:50.978,0x120,STEERING,51,50,True,True,True,False,True,30,MEDIUM,REPLAY_DETECTED,MONITOR
2026-10-07T01:43:50.979,0x200,SPEED,53,50,True,True,True,False,True,30,MEDIUM,REPLAY_DETECTED,MONITOR
2026-10-07T01:43:50.990,0x100,BRAKE,110,100,True,True,True,False,True,30,MEDIUM,REPLAY_DETECTED,MONITOR
2026-10-07T01:43:50.998,0x100,BRAKE,110,100,True,True,True,False,True,30,MEDIUM,REPLAY_DETECTED,MONITOR
2026-10-07T01:43:50.998,0x200,SPEED,53,50,True,True,True,False,True,30,MEDIUM,REPLAY_DETECTED,MONITOR
2026-10-07T01:43:51.010,0x100,BRAKE,109,100,True,True,True,False,True,30,MEDIUM,REPLAY_DETECTED,MONITOR
2026-10-07T01:43:51.018,0x100,BRAKE,109,100,True,True,True,False,True,30,MEDIUM,REPLAY_DETECTED,MONITOR
2026-10-07T01:43:51.018,0x120,STEERING,51,50,True,True,True,False,True,30,MEDIUM,REPLAY_DETECTED,MONITOR
2026-10-07T01:43:51.019,0x200,SPEED,53,50,True,True,True,False,True,30,MEDIUM,REPLAY_DETECTED,MONITOR
2026-10-07T01:43:51.032,0x100,BRAKE,109,100,True,True,True,False,True,30,MEDIUM,REPLAY_DETECTED,MONITOR
2026-10-07T01:43:51.038,0x100,BRAKE,109,100,True,True,True,False,True,30,MEDIUM,REPLAY_DETECTED,MONITOR
2026-10-07T01:43:51.038,0x200,SPEED,53,50,True,True,True,False,True,30,MEDIUM,REPLAY_DETECTED,MONITOR
2026-10-07T01:43:51.051,0x100,BRAKE,108,100,True,True,True,False,True,30,MEDIUM,REPLAY_DETECTED,MONITOR
2026-10-07T01:43:51.057,0x100,BRAKE,108,100,True,True,True,False,True,30,MEDIUM,REPLAY_DETECTED,MONITOR
2026-10-07T01:43:51.058,0x200,SPEED,53,50,True,True,True,False,True,30,MEDIUM,REPLAY_DETECTED,MONITOR
2026-10-07T01:43:51.070,0x100,BRAKE,108,100,True,True,True,False,True,30,MEDIUM,REPLAY_DETECTED,MONITOR
2026-10-07T01:43:51.077,0x100,BRAKE,108,100,True,True,True,False,True,30,MEDIUM,REPLAY_DETECTED,MONITOR
2026-10-07T01:43:51.078,0x200,SPEED,53,50,True,True,True,False,True,30,MEDIUM,REPLAY_DETECTED,MONITOR
2026-10-07T01:43:51.091,0x100,BRAKE,107,100,True,True,True,False,True,30,MEDIUM,REPLAY_DETECTED,MONITOR
2026-10-07T01:43:51.098,0x100,BRAKE,107,100,True,True,True,False,True,30,MEDIUM,REPLAY_DETECTED,MONITOR
2026-10-07T01:43:51.100,0x200,SPEED,53,50,True,True,True,False,True,30,MEDIUM,REPLAY_DETECTED,MONITOR
2026-10-07T01:43:51.106,0x100,BRAKE,107,100,True,True,True,False,True,30,MEDIUM,REPLAY_DETECTED,MONITOR
2026-10-07T01:43:51.120,0x100,BRAKE,107,100,True,True,True,False,True,30,MEDIUM,REPLAY_DETECTED,MONITOR
2026-10-07T01:43:51.121,0x200,SPEED,53,50,True,True,True,False,True,30,MEDIUM,REPLAY_DETECTED,MONITOR
2026-10-07T01:43:51.128,0x100,BRAKE,107,100,True,True,True,False,True,30,MEDIUM,REPLAY_DETECTED,MONITOR
2026-10-07T01:43:51.142,0x100,BRAKE,106,100,True,True,True,False,True,30,MEDIUM,REPLAY_DETECTED,MONITOR
2026-10-07T01:43:51.144,0x200,SPEED,51,50,True,True,True,False,True,30,MEDIUM,REPLAY_DETECTED,MONITOR
2026-10-07T01:43:51.150,0x100,BRAKE,107,100,True,True,True,False,True,30,MEDIUM,REPLAY_DETECTED,MONITOR
2026-10-07T01:43:51.157,0x100,BRAKE,107,100,True,True,True,False,True,30,MEDIUM,REPLAY_DETECTED,MONITOR
2026-10-07T01:43:51.157,0x200,SPEED,52,50,True,True,True,False,True,30,MEDIUM,REPLAY_DETECTED,MONITOR
2026-10-07T01:43:51.169,0x100,BRAKE,106,100,True,True,True,False,True,30,MEDIUM,REPLAY_DETECTED,MONITOR
2026-10-07T01:43:51.176,0x100,BRAKE,106,100,True,True,True,False,True,30,MEDIUM,REPLAY_DETECTED,MONITOR
2026-10-07T01:43:51.177,0x200,SPEED,52,50,True,True,True,False,True,30,MEDIUM,REPLAY_DETECTED,MONITOR
2026-10-07T01:43:51.189,0x100,BRAKE,106,100,True,True,True,False,True,30,MEDIUM,REPLAY_DETECTED,MONITOR
2026-10-07T01:43:51.190,0x200,ATTACKER,52,50,True,True,False,False,True,60,HIGH,INVALID_PAYLOAD|REPLAY_DETECTED,BLOCK
2026-10-07T01:43:51.196,0x100,BRAKE,106,100,True,True,True,False,True,30,MEDIUM,REPLAY_DETECTED,MONITOR
2026-10-07T01:43:51.197,0x200,SPEED,53,50,True,True,True,False,True,30,MEDIUM,REPLAY_DETECTED,MONITOR
2026-10-07T01:43:51.210,0x100,BRAKE,105,100,True,True,True,False,True,30,MEDIUM,REPLAY_DETECTED,MONITOR
2026-10-07T01:43:51.217,0x100,BRAKE,105,100,True,True,True,False,True,30,MEDIUM,REPLAY_DETECTED,MONITOR
2026-10-07T01:43:51.217,0x180,ADAS,21,20,True,True,True,False,True,30,MEDIUM,REPLAY_DETECTED,MONITOR
2026-10-07T01:43:51.217,0x200,SPEED,53,50,True,True,True,False,True,30,MEDIUM,REPLAY_DETECTED,MONITOR
2026-10-07T01:43:51.218,0x300,INSTRUMENT,11,10,True,True,True,False,True,30,MEDIUM,REPLAY_DETECTED,MONITOR
2026-10-07T01:43:51.231,0x100,BRAKE,104,100,True,True,True,False,True,30,MEDIUM,REPLAY_DETECTED,MONITOR
2026-10-07T01:43:51.238,0x100,BRAKE,104,100,True,True,True,False,True,30,MEDIUM,REPLAY_DETECTED,MONITOR
2026-10-07T01:43:51.251,0x100,BRAKE,103,100,True,True,True,False,True,30,MEDIUM,REPLAY_DETECTED,MONITOR
2026-10-07T01:43:51.258,0x100,BRAKE,103,100,True,True,True,False,True,30,MEDIUM,REPLAY_DETECTED,MONITOR
2026-10-07T01:43:51.271,0x100,BRAKE,102,100,True,True,True,False,True,30,MEDIUM,REPLAY_DETECTED,MONITOR
2026-10-07T01:43:51.278,0x100,BRAKE,103,100,True,True,True,False,True,30,MEDIUM,REPLAY_DETECTED,MONITOR
2026-10-07T01:43:51.279,0x200,SPEED,53,50,True,True,True,False,True,30,MEDIUM,REPLAY_DETECTED,MONITOR
2026-10-07T01:43:51.292,0x100,BRAKE,102,100,True,True,True,False,True,30,MEDIUM,REPLAY_DETECTED,MONITOR
2026-10-07T01:43:51.299,0x100,BRAKE,102,100,True,True,True,False,True,30,MEDIUM,REPLAY_DETECTED,MONITOR
2026-10-07T01:43:51.300,0x200,SPEED,53,50,True,True,True,False,True,30,MEDIUM,REPLAY_DETECTED,MONITOR
2026-10-07T01:43:51.309,0x100,BRAKE,102,100,True,True,True,False,True,30,MEDIUM,REPLAY_DETECTED,MONITOR
2026-10-07T01:43:51.316,0x100,BRAKE,102,100,True,True,True,False,True,30,MEDIUM,REPLAY_DETECTED,MONITOR
2026-10-07T01:43:51.330,0x100,BRAKE,101,100,True,True,True,False,True,30,MEDIUM,REPLAY_DETECTED,MONITOR
2026-10-07T01:43:51.337,0x100,BRAKE,101,100,True,True,True,False,True,30,MEDIUM,REPLAY_DETECTED,MONITOR
2026-10-07T01:43:51.338,0x200,SPEED,53,50,True,True,True,False,True,30,MEDIUM,REPLAY_DETECTED,MONITOR
2026-10-07T01:43:51.351,0x100,BRAKE,100,100,True,True,True,False,True,30,MEDIUM,REPLAY_DETECTED,MONITOR
2026-10-07T01:43:51.358,0x100,BRAKE,101,100,True,True,True,False,True,30,MEDIUM,REPLAY_DETECTED,MONITOR
2026-10-07T01:43:51.363,0x200,SPEED,52,50,True,True,True,False,True,30,MEDIUM,REPLAY_DETECTED,MONITOR
2026-10-07T01:43:51.370,0x100,BRAKE,100,100,True,True,True,False,True,30,MEDIUM,REPLAY_DETECTED,MONITOR
2026-10-07T01:43:51.382,0x100,BRAKE,100,100,True,True,True,False,True,30,MEDIUM,REPLAY_DETECTED,MONITOR
2026-10-07T01:43:51.388,0x100,BRAKE,100,100,True,True,True,False,True,30,MEDIUM,REPLAY_DETECTED,MONITOR
2026-10-07T01:43:51.402,0x100,BRAKE,100,100,True,True,True,False,True,30,MEDIUM,REPLAY_DETECTED,MONITOR
2026-10-07T01:43:51.402,0x200,SPEED,52,50,True,True,True,False,True,30,MEDIUM,REPLAY_DETECTED,MONITOR
2026-10-07T01:43:51.409,0x100,BRAKE,101,100,True,True,True,False,True,30,MEDIUM,REPLAY_DETECTED,MONITOR
2026-10-07T01:43:51.416,0x100,BRAKE,101,100,True,True,True,False,True,30,MEDIUM,REPLAY_DETECTED,MONITOR
2026-10-07T01:43:51.421,0x200,SPEED,52,50,True,True,True,False,True,30,MEDIUM,REPLAY_DETECTED,MONITOR
2026-10-07T01:43:51.422,0x300,INSTRUMENT,10,10,True,True,True,False,True,30,MEDIUM,REPLAY_DETECTED,MONITOR
2026-10-07T01:43:51.428,0x100,BRAKE,101,100,True,True,True,False,True,30,MEDIUM,REPLAY_DETECTED,MONITOR
2026-10-07T01:43:51.441,0x100,BRAKE,100,100,True,True,True,False,True,30,MEDIUM,REPLAY_DETECTED,MONITOR
2026-10-07T01:43:51.448,0x100,BRAKE,101,100,True,True,True,False,True,30,MEDIUM,REPLAY_DETECTED,MONITOR
2026-10-07T01:43:51.461,0x100,BRAKE,100,100,True,True,True,False,True,30,MEDIUM,REPLAY_DETECTED,MONITOR
2026-10-07T01:43:51.462,0x120,STEERING,50,50,True,True,True,False,True,30,MEDIUM,REPLAY_DETECTED,MONITOR
2026-10-07T01:43:51.462,0x200,SPEED,52,50,True,True,True,False,True,30,MEDIUM,REPLAY_DETECTED,MONITOR
2026-10-07T01:43:51.469,0x100,BRAKE,101,100,True,True,True,False,True,30,MEDIUM,REPLAY_DETECTED,MONITOR
2026-10-07T01:43:51.481,0x100,BRAKE,101,100,True,True,True,False,True,30,MEDIUM,REPLAY_DETECTED,MONITOR
2026-10-07T01:43:51.482,0x200,SPEED,53,50,True,True,True,False,True,30,MEDIUM,REPLAY_DETECTED,MONITOR
2026-10-07T01:43:51.488,0x100,BRAKE,101,100,True,True,True,False,True,30,MEDIUM,REPLAY_DETECTED,MONITOR
2026-10-07T01:43:51.500,0x100,BRAKE,100,100,True,True,True,False,True,30,MEDIUM,REPLAY_DETECTED,MONITOR
2026-10-07T01:43:51.500,0x200,SPEED,52,50,True,True,True,False,True,30,MEDIUM,REPLAY_DETECTED,MONITOR
2026-10-07T01:43:51.507,0x100,BRAKE,101,100,True,True,True,False,True,30,MEDIUM,REPLAY_DETECTED,MONITOR
2026-10-07T01:43:51.519,0x100,BRAKE,100,100,True,True,True,False,True,30,MEDIUM,REPLAY_DETECTED,MONITOR
2026-10-07T01:43:51.520,0x120,STEERING,50,50,True,True,True,False,True,30,MEDIUM,REPLAY_DETECTED,MONITOR
2026-10-07T01:43:51.520,0x200,SPEED,52,50,True,True,True,False,True,30,MEDIUM,REPLAY_DETECTED,MONITOR
2026-10-07T01:43:51.526,0x100,BRAKE,101,100,True,True,True,False,True,30,MEDIUM,REPLAY_DETECTED,MONITOR
2026-10-07T01:43:51.540,0x100,BRAKE,100,100,True,True,True,False,True,30,MEDIUM,REPLAY_DETECTED,MONITOR
2026-10-07T01:43:51.541,0x200,SPEED,52,50,True,True,True,False,True,30,MEDIUM,REPLAY_DETECTED,MONITOR
2026-10-07T01:43:51.548,0x100,BRAKE,100,100,True,True,True,False,True,30,MEDIUM,REPLAY_DETECTED,MONITOR
2026-10-07T01:43:51.561,0x100,BRAKE,100,100,True,True,True,False,True,30,MEDIUM,REPLAY_DETECTED,MONITOR
2026-10-07T01:43:51.562,0x200,SPEED,52,50,True,True,True,False,True,30,MEDIUM,REPLAY_DETECTED,MONITOR
2026-10-07T01:43:51.568,0x100,BRAKE,100,100,True,True,True,False,True,30,MEDIUM,REPLAY_DETECTED,MONITOR
2026-10-07T01:43:51.569,0x180,ADAS,20,20,True,True,True,False,True,30,MEDIUM,REPLAY_DETECTED,MONITOR
2026-10-07T01:43:51.582,0x100,BRAKE,100,100,True,True,True,False,True,30,MEDIUM,REPLAY_DETECTED,MONITOR
2026-10-07T01:43:51.582,0x200,SPEED,52,50,True,True,True,False,True,30,MEDIUM,REPLAY_DETECTED,MONITOR
2026-10-07T01:43:51.588,0x100,BRAKE,100,100,True,True,True,False,True,30,MEDIUM,REPLAY_DETECTED,MONITOR
2026-10-07T01:43:51.601,0x100,BRAKE,100,100,True,True,True,False,True,30,MEDIUM,REPLAY_DETECTED,MONITOR
2026-10-07T01:43:51.608,0x100,BRAKE,101,100,True,True,True,False,True,30,MEDIUM,REPLAY_DETECTED,MONITOR
2026-10-07T01:43:51.608,0x200,ATTACKER,53,50,True,True,True,False,True,30,MEDIUM,REPLAY_DETECTED,MONITOR
2026-10-07T01:43:51.608,0x200,ATTACKER,54,50,True,True,True,False,True,30,MEDIUM,REPLAY_DETECTED,MONITOR
2026-10-07T01:43:51.609,0x200,ATTACKER,55,50,True,True,True,False,True,30,MEDIUM,REPLAY_DETECTED,MONITOR
2026-10-07T01:43:51.609,0x200,ATTACKER,56,50,True,True,True,False,True,30,MEDIUM,REPLAY_DETECTED,MONITOR
2026-10-07T01:43:51.609,0x200,ATTACKER,57,50,True,True,True,False,True,30,MEDIUM,REPLAY_DETECTED,MONITOR
2026-10-07T01:43:51.610,0x200,ATTACKER,58,50,True,True,True,False,True,30,MEDIUM,REPLAY_DETECTED,MONITOR
2026-10-07T01:43:51.610,0x200,ATTACKER,59,50,True,True,True,False,True,30,MEDIUM,REPLAY_DETECTED,MONITOR
2026-10-07T01:43:51.611,0x200,ATTACKER,60,50,True,True,True,False,True,30,MEDIUM,REPLAY_DETECTED,MONITOR
2026-10-07T01:43:51.611,0x200,ATTACKER,61,50,True,True,True,False,True,30,MEDIUM,REPLAY_DETECTED,MONITOR
2026-10-07T01:43:51.611,0x200,ATTACKER,62,50,True,True,True,False,True,30,MEDIUM,REPLAY_DETECTED,MONITOR
2026-10-07T01:43:51.612,0x200,ATTACKER,63,50,True,True,True,False,True,30,MEDIUM,REPLAY_DETECTED,MONITOR
2026-10-07T01:43:51.612,0x200,ATTACKER,64,50,True,True,True,False,True,30,MEDIUM,REPLAY_DETECTED,MONITOR
2026-10-07T01:43:51.612,0x200,ATTACKER,65,50,True,True,True,False,True,30,MEDIUM,REPLAY_DETECTED,MONITOR
2026-10-07T01:43:51.613,0x200,ATTACKER,66,50,True,True,True,False,True,30,MEDIUM,REPLAY_DETECTED,MONITOR
2026-10-07T01:43:51.613,0x200,ATTACKER,67,50,True,True,True,False,True,30,MEDIUM,REPLAY_DETECTED,MONITOR
2026-10-07T01:43:51.613,0x200,ATTACKER,68,50,True,True,True,False,True,30,MEDIUM,REPLAY_DETECTED,MONITOR
2026-10-07T01:43:51.614,0x200,ATTACKER,69,50,True,True,True,False,True,30,MEDIUM,REPLAY_DETECTED,MONITOR
2026-10-07T01:43:51.614,0x200,ATTACKER,70,50,True,True,True,False,True,30,MEDIUM,REPLAY_DETECTED,MONITOR
2026-10-07T01:43:51.615,0x200,ATTACKER,71,50,True,True,True,False,True,30,MEDIUM,REPLAY_DETECTED,MONITOR
2026-10-07T01:43:51.615,0x200,ATTACKER,72,50,True,True,True,False,True,30,MEDIUM,REPLAY_DETECTED,MONITOR
2026-10-07T01:43:51.615,0x200,ATTACKER,73,50,True,True,True,False,True,30,MEDIUM,REPLAY_DETECTED,MONITOR
2026-10-07T01:43:51.616,0x200,ATTACKER,74,50,True,True,True,False,True,30,MEDIUM,REPLAY_DETECTED,MONITOR
2026-10-07T01:43:51.616,0x200,ATTACKER,75,50,True,True,True,False,True,30,MEDIUM,REPLAY_DETECTED,MONITOR
2026-10-07T01:43:51.616,0x200,ATTACKER,76,50,True,True,True,False,True,30,MEDIUM,REPLAY_DETECTED,MONITOR
2026-10-07T01:43:51.617,0x200,ATTACKER,77,50,True,True,True,False,True,30,MEDIUM,REPLAY_DETECTED,MONITOR
2026-10-07T01:43:51.617,0x200,ATTACKER,78,50,True,True,True,False,True,30,MEDIUM,REPLAY_DETECTED,MONITOR
2026-10-07T01:43:51.617,0x200,ATTACKER,79,50,True,True,True,False,True,30,MEDIUM,REPLAY_DETECTED,MONITOR
2026-10-07T01:43:51.618,0x200,ATTACKER,80,50,True,True,True,False,True,30,MEDIUM,REPLAY_DETECTED,MONITOR
2026-10-07T01:43:51.618,0x200,ATTACKER,81,50,True,True,True,False,True,30,MEDIUM,REPLAY_DETECTED,MONITOR
2026-10-07T01:43:51.618,0x200,ATTACKER,82,50,True,True,True,False,True,30,MEDIUM,REPLAY_DETECTED,MONITOR
2026-10-07T01:43:51.619,0x200,ATTACKER,83,50,True,True,True,False,True,30,MEDIUM,REPLAY_DETECTED,MONITOR
2026-10-07T01:43:51.619,0x200,ATTACKER,84,50,True,True,True,False,True,30,MEDIUM,REPLAY_DETECTED,MONITOR
2026-10-07T01:43:51.619,0x200,ATTACKER,85,50,True,True,True,False,True,30,MEDIUM,REPLAY_DETECTED,MONITOR
2026-10-07T01:43:51.620,0x200,ATTACKER,86,50,True,True,True,False,True,30,MEDIUM,REPLAY_DETECTED,MONITOR
2026-10-07T01:43:51.620,0x200,ATTACKER,87,50,True,True,True,False,True,30,MEDIUM,REPLAY_DETECTED,MONITOR
2026-10-07T01:43:51.620,0x200,ATTACKER,88,50,True,True,True,False,True,30,MEDIUM,REPLAY_DETECTED,MONITOR
2026-10-07T01:43:51.621,0x200,ATTACKER,89,50,True,True,True,False,True,30,MEDIUM,REPLAY_DETECTED,MONITOR
2026-10-07T01:43:51.621,0x200,ATTACKER,90,50,True,True,True,False,True,30,MEDIUM,REPLAY_DETECTED,MONITOR
2026-10-07T01:43:51.621,0x200,ATTACKER,91,50,True,True,True,False,True,30,MEDIUM,REPLAY_DETECTED,MONITOR
2026-10-07T01:43:51.622,0x200,ATTACKER,92,50,True,True,True,False,True,30,MEDIUM,REPLAY_DETECTED,MONITOR
2026-10-07T01:43:51.622,0x200,ATTACKER,93,50,True,True,True,False,True,30,MEDIUM,REPLAY_DETECTED,MONITOR
2026-10-07T01:43:51.623,0x200,ATTACKER,94,50,True,True,True,False,True,30,MEDIUM,REPLAY_DETECTED,MONITOR
2026-10-07T01:43:51.623,0x200,ATTACKER,94,50,True,True,True,False,True,30,MEDIUM,REPLAY_DETECTED,MONITOR
2026-10-07T01:43:51.624,0x200,ATTACKER,95,50,True,True,True,False,True,30,MEDIUM,REPLAY_DETECTED,MONITOR
2026-10-07T01:43:51.624,0x200,ATTACKER,96,50,True,True,True,False,True,30,MEDIUM,REPLAY_DETECTED,MONITOR
2026-10-07T01:43:51.624,0x200,ATTACKER,97,50,True,True,True,False,True,30,MEDIUM,REPLAY_DETECTED,MONITOR
2026-10-07T01:43:51.625,0x200,ATTACKER,98,50,True,True,True,False,True,30,MEDIUM,REPLAY_DETECTED,MONITOR
2026-10-07T01:43:51.625,0x200,ATTACKER,99,50,True,True,True,False,True,30,MEDIUM,REPLAY_DETECTED,MONITOR
2026-10-07T01:43:51.625,0x200,ATTACKER,100,50,True,True,True,False,True,30,MEDIUM,REPLAY_DETECTED,MONITOR
2026-10-07T01:43:51.626,0x200,ATTACKER,101,50,True,True,True,True,True,60,HIGH,ABNORMAL_MESSAGE_RATE|REPLAY_DETECTED,BLOCK
2026-10-07T01:43:51.626,0x200,ATTACKER,102,50,True,True,True,True,True,60,HIGH,ABNORMAL_MESSAGE_RATE|REPLAY_DETECTED,BLOCK
2026-10-07T01:43:51.626,0x200,ATTACKER,103,50,True,True,True,True,True,60,HIGH,ABNORMAL_MESSAGE_RATE|REPLAY_DETECTED,BLOCK
2026-10-07T01:43:51.627,0x200,ATTACKER,104,50,True,True,True,True,True,60,HIGH,ABNORMAL_MESSAGE_RATE|REPLAY_DETECTED,BLOCK
2026-10-07T01:43:51.627,0x200,ATTACKER,105,50,True,True,True,True,True,60,HIGH,ABNORMAL_MESSAGE_RATE|REPLAY_DETECTED,BLOCK
2026-10-07T01:43:51.627,0x200,ATTACKER,106,50,True,True,True,True,True,60,HIGH,ABNORMAL_MESSAGE_RATE|REPLAY_DETECTED,BLOCK
2026-10-07T01:43:51.628,0x200,ATTACKER,107,50,True,True,True,True,True,60,HIGH,ABNORMAL_MESSAGE_RATE|REPLAY_DETECTED,BLOCK
2026-10-07T01:43:51.628,0x200,ATTACKER,108,50,True,True,True,True,True,60,HIGH,ABNORMAL_MESSAGE_RATE|REPLAY_DETECTED,BLOCK
2026-10-07T01:43:51.628,0x200,ATTACKER,109,50,True,True,True,True,True,60,HIGH,ABNORMAL_MESSAGE_RATE|REPLAY_DETECTED,BLOCK
2026-10-07T01:43:51.629,0x200,ATTACKER,110,50,True,True,True,True,True,60,HIGH,ABNORMAL_MESSAGE_RATE|REPLAY_DETECTED,BLOCK
2026-10-07T01:43:51.629,0x200,ATTACKER,111,50,True,True,True,True,True,60,HIGH,ABNORMAL_MESSAGE_RATE|REPLAY_DETECTED,BLOCK
2026-10-07T01:43:51.629,0x200,ATTACKER,112,50,True,True,True,True,True,60,HIGH,ABNORMAL_MESSAGE_RATE|REPLAY_DETECTED,BLOCK
2026-10-07T01:43:51.630,0x200,ATTACKER,113,50,True,True,True,True,True,60,HIGH,ABNORMAL_MESSAGE_RATE|REPLAY_DETECTED,BLOCK
2026-10-07T01:43:51.630,0x200,ATTACKER,114,50,True,True,True,True,True,60,HIGH,ABNORMAL_MESSAGE_RATE|REPLAY_DETECTED,BLOCK
2026-10-07T01:43:51.630,0x200,ATTACKER,115,50,True,True,True,True,True,60,HIGH,ABNORMAL_MESSAGE_RATE|REPLAY_DETECTED,BLOCK
2026-10-07T01:43:51.631,0x200,ATTACKER,116,50,True,True,True,True,True,60,HIGH,ABNORMAL_MESSAGE_RATE|REPLAY_DETECTED,BLOCK
2026-10-07T01:43:51.631,0x200,ATTACKER,117,50,True,True,True,True,True,60,HIGH,ABNORMAL_MESSAGE_RATE|REPLAY_DETECTED,BLOCK
2026-10-07T01:43:51.631,0x200,ATTACKER,118,50,True,True,True,True,True,60,HIGH,ABNORMAL_MESSAGE_RATE|REPLAY_DETECTED,BLOCK
2026-10-07T01:43:51.632,0x200,ATTACKER,119,50,True,True,True,True,True,60,HIGH,ABNORMAL_MESSAGE_RATE|REPLAY_DETECTED,BLOCK
2026-10-07T01:43:51.632,0x200,ATTACKER,120,50,True,True,True,True,True,60,HIGH,ABNORMAL_MESSAGE_RATE|REPLAY_DETECTED,BLOCK
2026-10-07T01:43:51.632,0x200,ATTACKER,121,50,True,True,True,True,True,60,HIGH,ABNORMAL_MESSAGE_RATE|REPLAY_DETECTED,BLOCK
2026-10-07T01:43:51.633,0x200,ATTACKER,122,50,True,True,True,True,True,60,HIGH,ABNORMAL_MESSAGE_RATE|REPLAY_DETECTED,BLOCK
2026-10-07T01:43:51.633,0x200,ATTACKER,123,50,True,True,True,True,True,60,HIGH,ABNORMAL_MESSAGE_RATE|REPLAY_DETECTED,BLOCK
2026-10-07T01:43:51.633,0x200,ATTACKER,124,50,True,True,True,True,True,60,HIGH,ABNORMAL_MESSAGE_RATE|REPLAY_DETECTED,BLOCK
2026-10-07T01:43:51.634,0x200,ATTACKER,125,50,True,True,True,True,True,60,HIGH,ABNORMAL_MESSAGE_RATE|REPLAY_DETECTED,BLOCK
2026-10-07T01:43:51.634,0x200,ATTACKER,126,50,True,True,True,True,True,60,HIGH,ABNORMAL_MESSAGE_RATE|REPLAY_DETECTED,BLOCK
2026-10-07T01:43:51.634,0x200,ATTACKER,127,50,True,True,True,True,True,60,HIGH,ABNORMAL_MESSAGE_RATE|REPLAY_DETECTED,BLOCK
2026-10-07T01:43:51.635,0x200,ATTACKER,128,50,True,True,True,True,True,60,HIGH,ABNORMAL_MESSAGE_RATE|REPLAY_DETECTED,BLOCK
2026-10-07T01:43:51.635,0x200,ATTACKER,129,50,True,True,True,True,True,60,HIGH,ABNORMAL_MESSAGE_RATE|REPLAY_DETECTED,BLOCK
2026-10-07T01:43:51.635,0x200,ATTACKER,130,50,True,True,True,True,True,60,HIGH,ABNORMAL_MESSAGE_RATE|REPLAY_DETECTED,BLOCK
2026-10-07T01:43:51.636,0x200,ATTACKER,131,50,True,True,True,True,True,60,HIGH,ABNORMAL_MESSAGE_RATE|REPLAY_DETECTED,BLOCK
2026-10-07T01:43:51.636,0x200,ATTACKER,132,50,True,True,True,True,True,60,HIGH,ABNORMAL_MESSAGE_RATE|REPLAY_DETECTED,BLOCK
2026-10-07T01:43:51.636,0x200,ATTACKER,133,50,True,True,True,True,True,60,HIGH,ABNORMAL_MESSAGE_RATE|REPLAY_DETECTED,BLOCK
2026-10-07T01:43:51.637,0x200,ATTACKER,134,50,True,True,True,True,True,60,HIGH,ABNORMAL_MESSAGE_RATE|REPLAY_DETECTED,BLOCK
2026-10-07T01:43:51.637,0x200,ATTACKER,135,50,True,True,True,True,True,60,HIGH,ABNORMAL_MESSAGE_RATE|REPLAY_DETECTED,BLOCK
2026-10-07T01:43:51.637,0x200,ATTACKER,136,50,True,True,True,True,True,60,HIGH,ABNORMAL_MESSAGE_RATE|REPLAY_DETECTED,BLOCK
2026-10-07T01:43:51.638,0x200,ATTACKER,136,50,True,True,True,True,True,60,HIGH,ABNORMAL_MESSAGE_RATE|REPLAY_DETECTED,BLOCK
2026-10-07T01:43:51.638,0x200,ATTACKER,137,50,True,True,True,True,True,60,HIGH,ABNORMAL_MESSAGE_RATE|REPLAY_DETECTED,BLOCK
2026-10-07T01:43:51.638,0x200,ATTACKER,138,50,True,True,True,True,True,60,HIGH,ABNORMAL_MESSAGE_RATE|REPLAY_DETECTED,BLOCK
2026-10-07T01:43:51.639,0x200,ATTACKER,139,50,True,True,True,True,True,60,HIGH,ABNORMAL_MESSAGE_RATE|REPLAY_DETECTED,BLOCK
2026-10-07T01:43:51.640,0x200,ATTACKER,140,50,True,True,True,True,True,60,HIGH,ABNORMAL_MESSAGE_RATE|REPLAY_DETECTED,BLOCK
2026-10-07T01:43:51.640,0x200,ATTACKER,141,50,True,True,True,True,True,60,HIGH,ABNORMAL_MESSAGE_RATE|REPLAY_DETECTED,BLOCK
2026-10-07T01:43:51.641,0x200,ATTACKER,142,50,True,True,True,True,True,60,HIGH,ABNORMAL_MESSAGE_RATE|REPLAY_DETECTED,BLOCK
2026-10-07T01:43:51.641,0x200,ATTACKER,143,50,True,True,True,True,True,60,HIGH,ABNORMAL_MESSAGE_RATE|REPLAY_DETECTED,BLOCK
2026-10-07T01:43:51.641,0x200,ATTACKER,144,50,True,True,True,True,True,60,HIGH,ABNORMAL_MESSAGE_RATE|REPLAY_DETECTED,BLOCK
2026-10-07T01:43:51.642,0x200,ATTACKER,145,50,True,True,True,True,True,60,HIGH,ABNORMAL_MESSAGE_RATE|REPLAY_DETECTED,BLOCK
2026-10-07T01:43:51.642,0x200,ATTACKER,146,50,True,True,True,True,True,60,HIGH,ABNORMAL_MESSAGE_RATE|REPLAY_DETECTED,BLOCK
2026-10-07T01:43:51.642,0x200,ATTACKER,147,50,True,True,True,True,True,60,HIGH,ABNORMAL_MESSAGE_RATE|REPLAY_DETECTED,BLOCK
2026-10-07T01:43:51.643,0x200,ATTACKER,148,50,True,True,True,True,True,60,HIGH,ABNORMAL_MESSAGE_RATE|REPLAY_DETECTED,BLOCK
2026-10-07T01:43:51.643,0x200,ATTACKER,149,50,True,True,True,True,True,60,HIGH,ABNORMAL_MESSAGE_RATE|REPLAY_DETECTED,BLOCK
2026-10-07T01:43:51.643,0x200,ATTACKER,150,50,True,True,True,True,True,60,HIGH,ABNORMAL_MESSAGE_RATE|REPLAY_DETECTED,BLOCK
2026-10-07T01:43:51.644,0x200,ATTACKER,151,50,True,True,True,True,True,60,HIGH,ABNORMAL_MESSAGE_RATE|REPLAY_DETECTED,BLOCK
2026-10-07T01:43:51.644,0x200,ATTACKER,152,50,True,True,True,True,True,60,HIGH,ABNORMAL_MESSAGE_RATE|REPLAY_DETECTED,BLOCK
2026-10-07T01:43:51.644,0x200,ATTACKER,153,50,True,True,True,True,True,60,HIGH,ABNORMAL_MESSAGE_RATE|REPLAY_DETECTED,BLOCK
2026-10-07T01:43:51.645,0x200,ATTACKER,154,50,True,True,True,True,True,60,HIGH,ABNORMAL_MESSAGE_RATE|REPLAY_DETECTED,BLOCK
2026-10-07T01:43:51.645,0x200,ATTACKER,155,50,True,True,True,True,True,60,HIGH,ABNORMAL_MESSAGE_RATE|REPLAY_DETECTED,BLOCK
2026-10-07T01:43:51.645,0x200,ATTACKER,156,50,True,True,True,True,True,60,HIGH,ABNORMAL_MESSAGE_RATE|REPLAY_DETECTED,BLOCK
2026-10-07T01:43:51.646,0x200,ATTACKER,157,50,True,True,True,True,True,60,HIGH,ABNORMAL_MESSAGE_RATE|REPLAY_DETECTED,BLOCK
2026-10-07T01:43:51.646,0x200,ATTACKER,158,50,True,True,True,True,True,60,HIGH,ABNORMAL_MESSAGE_RATE|REPLAY_DETECTED,BLOCK
2026-10-07T01:43:51.646,0x200,ATTACKER,159,50,True,True,True,True,True,60,HIGH,ABNORMAL_MESSAGE_RATE|REPLAY_DETECTED,BLOCK
2026-10-07T01:43:51.646,0x200,ATTACKER,160,50,True,True,True,True,True,60,HIGH,ABNORMAL_MESSAGE_RATE|REPLAY_DETECTED,BLOCK
2026-10-07T01:43:51.647,0x200,ATTACKER,161,50,True,True,True,True,True,60,HIGH,ABNORMAL_MESSAGE_RATE|REPLAY_DETECTED,BLOCK
2026-10-07T01:43:51.647,0x200,ATTACKER,162,50,True,True,True,True,True,60,HIGH,ABNORMAL_MESSAGE_RATE|REPLAY_DETECTED,BLOCK
2026-10-07T01:43:51.647,0x200,ATTACKER,163,50,True,True,True,True,True,60,HIGH,ABNORMAL_MESSAGE_RATE|REPLAY_DETECTED,BLOCK
2026-10-07T01:43:51.648,0x200,ATTACKER,164,50,True,True,True,True,True,60,HIGH,ABNORMAL_MESSAGE_RATE|REPLAY_DETECTED,BLOCK
2026-10-07T01:43:51.648,0x200,ATTACKER,165,50,True,True,True,True,True,60,HIGH,ABNORMAL_MESSAGE_RATE|REPLAY_DETECTED,BLOCK
2026-10-07T01:43:51.648,0x200,ATTACKER,166,50,True,True,True,True,True,60,HIGH,ABNORMAL_MESSAGE_RATE|REPLAY_DETECTED,BLOCK
2026-10-07T01:43:51.649,0x200,ATTACKER,167,50,True,True,True,True,True,60,HIGH,ABNORMAL_MESSAGE_RATE|REPLAY_DETECTED,BLOCK
2026-10-07T01:43:51.649,0x200,ATTACKER,168,50,True,True,True,True,True,60,HIGH,ABNORMAL_MESSAGE_RATE|REPLAY_DETECTED,BLOCK
2026-10-07T01:43:51.650,0x200,ATTACKER,169,50,True,True,True,True,True,60,HIGH,ABNORMAL_MESSAGE_RATE|REPLAY_DETECTED,BLOCK
2026-10-07T01:43:51.650,0x200,ATTACKER,170,50,True,True,True,True,True,60,HIGH,ABNORMAL_MESSAGE_RATE|REPLAY_DETECTED,BLOCK
2026-10-07T01:43:51.650,0x200,ATTACKER,171,50,True,True,True,True,True,60,HIGH,ABNORMAL_MESSAGE_RATE|REPLAY_DETECTED,BLOCK
2026-10-07T01:43:51.651,0x200,ATTACKER,172,50,True,True,True,True,True,60,HIGH,ABNORMAL_MESSAGE_RATE|REPLAY_DETECTED,BLOCK
2026-10-07T01:43:51.651,0x200,ATTACKER,173,50,True,True,True,True,True,60,HIGH,ABNORMAL_MESSAGE_RATE|REPLAY_DETECTED,BLOCK
2026-10-07T01:43:51.652,0x200,ATTACKER,174,50,True,True,True,True,True,60,HIGH,ABNORMAL_MESSAGE_RATE|REPLAY_DETECTED,BLOCK
2026-10-07T01:43:51.652,0x200,ATTACKER,175,50,True,True,True,True,True,60,HIGH,ABNORMAL_MESSAGE_RATE|REPLAY_DETECTED,BLOCK
2026-10-07T01:43:51.653,0x200,ATTACKER,176,50,True,True,True,True,True,60,HIGH,ABNORMAL_MESSAGE_RATE|REPLAY_DETECTED,BLOCK
2026-10-07T01:43:51.655,0x200,ATTACKER,177,50,True,True,True,True,True,60,HIGH,ABNORMAL_MESSAGE_RATE|REPLAY_DETECTED,BLOCK
2026-10-07T01:43:51.655,0x200,ATTACKER,178,50,True,True,True,True,True,60,HIGH,ABNORMAL_MESSAGE_RATE|REPLAY_DETECTED,BLOCK
2026-10-07T01:43:51.655,0x200,ATTACKER,179,50,True,True,True,True,True,60,HIGH,ABNORMAL_MESSAGE_RATE|REPLAY_DETECTED,BLOCK
2026-10-07T01:43:51.656,0x200,ATTACKER,180,50,True,True,True,True,True,60,HIGH,ABNORMAL_MESSAGE_RATE|REPLAY_DETECTED,BLOCK
2026-10-07T01:43:51.656,0x200,ATTACKER,181,50,True,True,True,True,True,60,HIGH,ABNORMAL_MESSAGE_RATE|REPLAY_DETECTED,BLOCK
2026-10-07T01:43:51.657,0x200,ATTACKER,182,50,True,True,True,True,True,60,HIGH,ABNORMAL_MESSAGE_RATE|REPLAY_DETECTED,BLOCK
2026-10-07T01:43:51.658,0x200,ATTACKER,183,50,True,True,True,True,True,60,HIGH,ABNORMAL_MESSAGE_RATE|REPLAY_DETECTED,BLOCK
2026-10-07T01:43:51.658,0x200,ATTACKER,184,50,True,True,True,True,True,60,HIGH,ABNORMAL_MESSAGE_RATE|REPLAY_DETECTED,BLOCK
2026-10-07T01:43:51.658,0x200,ATTACKER,185,50,True,True,True,True,True,60,HIGH,ABNORMAL_MESSAGE_RATE|REPLAY_DETECTED,BLOCK
2026-10-07T01:43:51.659,0x200,ATTACKER,186,50,True,True,True,True,True,60,HIGH,ABNORMAL_MESSAGE_RATE|REPLAY_DETECTED,BLOCK
2026-10-07T01:43:51.659,0x200,ATTACKER,187,50,True,True,True,True,True,60,HIGH,ABNORMAL_MESSAGE_RATE|REPLAY_DETECTED,BLOCK
2026-10-07T01:43:51.660,0x200,ATTACKER,188,50,True,True,True,True,True,60,HIGH,ABNORMAL_MESSAGE_RATE|REPLAY_DETECTED,BLOCK
2026-10-07T01:43:51.660,0x200,ATTACKER,189,50,True,True,True,True,True,60,HIGH,ABNORMAL_MESSAGE_RATE|REPLAY_DETECTED,BLOCK
2026-10-07T01:43:51.660,0x200,ATTACKER,190,50,True,True,True,True,True,60,HIGH,ABNORMAL_MESSAGE_RATE|REPLAY_DETECTED,BLOCK
2026-10-07T01:43:51.661,0x200,ATTACKER,191,50,True,True,True,True,True,60,HIGH,ABNORMAL_MESSAGE_RATE|REPLAY_DETECTED,BLOCK
2026-10-07T01:43:51.661,0x200,ATTACKER,192,50,True,True,True,True,True,60,HIGH,ABNORMAL_MESSAGE_RATE|REPLAY_DETECTED,BLOCK
2026-10-07T01:43:51.661,0x200,ATTACKER,193,50,True,True,True,True,True,60,HIGH,ABNORMAL_MESSAGE_RATE|REPLAY_DETECTED,BLOCK
2026-10-07T01:43:51.662,0x200,ATTACKER,193,50,True,True,True,True,True,60,HIGH,ABNORMAL_MESSAGE_RATE|REPLAY_DETECTED,BLOCK
2026-10-07T01:43:51.662,0x200,ATTACKER,194,50,True,True,True,True,True,60,HIGH,ABNORMAL_MESSAGE_RATE|REPLAY_DETECTED,BLOCK
2026-10-07T01:43:51.663,0x200,ATTACKER,195,50,True,True,True,True,True,60,HIGH,ABNORMAL_MESSAGE_RATE|REPLAY_DETECTED,BLOCK
2026-10-07T01:43:51.663,0x200,ATTACKER,196,50,True,True,True,True,True,60,HIGH,ABNORMAL_MESSAGE_RATE|REPLAY_DETECTED,BLOCK
2026-10-07T01:43:51.663,0x200,ATTACKER,197,50,True,True,True,True,True,60,HIGH,ABNORMAL_MESSAGE_RATE|REPLAY_DETECTED,BLOCK
2026-10-07T01:43:51.664,0x200,ATTACKER,198,50,True,True,True,True,True,60,HIGH,ABNORMAL_MESSAGE_RATE|REPLAY_DETECTED,BLOCK
2026-10-07T01:43:51.664,0x200,ATTACKER,199,50,True,True,True,True,True,60,HIGH,ABNORMAL_MESSAGE_RATE|REPLAY_DETECTED,BLOCK
2026-10-07T01:43:51.666,0x200,ATTACKER,200,50,True,True,True,True,True,60,HIGH,ABNORMAL_MESSAGE_RATE|REPLAY_DETECTED,BLOCK
2026-10-07T01:43:51.667,0x200,ATTACKER,201,50,True,True,True,True,True,60,HIGH,ABNORMAL_MESSAGE_RATE|REPLAY_DETECTED,BLOCK
2026-10-07T01:43:51.667,0x200,ATTACKER,202,50,True,True,True,True,True,60,HIGH,ABNORMAL_MESSAGE_RATE|REPLAY_DETECTED,BLOCK
2026-10-07T01:43:51.667,0x200,ATTACKER,203,50,True,True,True,True,True,60,HIGH,ABNORMAL_MESSAGE_RATE|REPLAY_DETECTED,BLOCK
2026-10-07T01:43:51.668,0x200,ATTACKER,204,50,True,True,True,True,True,60,HIGH,ABNORMAL_MESSAGE_RATE|REPLAY_DETECTED,BLOCK
2026-10-07T01:43:51.668,0x200,ATTACKER,205,50,True,True,True,True,True,60,HIGH,ABNORMAL_MESSAGE_RATE|REPLAY_DETECTED,BLOCK
2026-10-07T01:43:51.669,0x200,ATTACKER,206,50,True,True,True,True,True,60,HIGH,ABNORMAL_MESSAGE_RATE|REPLAY_DETECTED,BLOCK
2026-10-07T01:43:51.670,0x200,ATTACKER,207,50,True,True,True,True,True,60,HIGH,ABNORMAL_MESSAGE_RATE|REPLAY_DETECTED,BLOCK
2026-10-07T01:43:51.673,0x200,ATTACKER,208,50,True,True,True,True,True,60,HIGH,ABNORMAL_MESSAGE_RATE|REPLAY_DETECTED,BLOCK
2026-10-07T01:43:51.673,0x200,ATTACKER,209,50,True,True,True,True,True,60,HIGH,ABNORMAL_MESSAGE_RATE|REPLAY_DETECTED,BLOCK
2026-10-07T01:43:51.674,0x200,ATTACKER,210,50,True,True,True,True,True,60,HIGH,ABNORMAL_MESSAGE_RATE|REPLAY_DETECTED,BLOCK
2026-10-07T01:43:51.675,0x200,ATTACKER,211,50,True,True,True,True,True,60,HIGH,ABNORMAL_MESSAGE_RATE|REPLAY_DETECTED,BLOCK
2026-10-07T01:43:51.675,0x200,ATTACKER,212,50,True,True,True,True,True,60,HIGH,ABNORMAL_MESSAGE_RATE|REPLAY_DETECTED,BLOCK
2026-10-07T01:43:51.676,0x200,ATTACKER,213,50,True,True,True,True,True,60,HIGH,ABNORMAL_MESSAGE_RATE|REPLAY_DETECTED,BLOCK
2026-10-07T01:43:51.677,0x200,ATTACKER,214,50,True,True,True,True,True,60,HIGH,ABNORMAL_MESSAGE_RATE|REPLAY_DETECTED,BLOCK
2026-10-07T01:43:51.677,0x200,ATTACKER,215,50,True,True,True,True,True,60,HIGH,ABNORMAL_MESSAGE_RATE|REPLAY_DETECTED,BLOCK
2026-10-07T01:43:51.677,0x200,ATTACKER,216,50,True,True,True,True,True,60,HIGH,ABNORMAL_MESSAGE_RATE|REPLAY_DETECTED,BLOCK
2026-10-07T01:43:51.678,0x200,ATTACKER,217,50,True,True,True,True,True,60,HIGH,ABNORMAL_MESSAGE_RATE|REPLAY_DETECTED,BLOCK
2026-10-07T01:43:51.679,0x200,ATTACKER,218,50,True,True,True,True,True,60,HIGH,ABNORMAL_MESSAGE_RATE|REPLAY_DETECTED,BLOCK
2026-10-07T01:43:51.679,0x200,ATTACKER,219,50,True,True,True,True,True,60,HIGH,ABNORMAL_MESSAGE_RATE|REPLAY_DETECTED,BLOCK
2026-10-07T01:43:51.680,0x200,ATTACKER,220,50,True,True,True,True,True,60,HIGH,ABNORMAL_MESSAGE_RATE|REPLAY_DETECTED,BLOCK
2026-10-07T01:43:51.680,0x200,ATTACKER,221,50,True,True,True,True,True,60,HIGH,ABNORMAL_MESSAGE_RATE|REPLAY_DETECTED,BLOCK
2026-10-07T01:43:51.680,0x200,ATTACKER,222,50,True,True,True,True,True,60,HIGH,ABNORMAL_MESSAGE_RATE|REPLAY_DETECTED,BLOCK
2026-10-07T01:43:51.681,0x200,ATTACKER,223,50,True,True,True,True,True,60,HIGH,ABNORMAL_MESSAGE_RATE|REPLAY_DETECTED,BLOCK
2026-10-07T01:43:51.681,0x200,ATTACKER,224,50,True,True,True,True,True,60,HIGH,ABNORMAL_MESSAGE_RATE|REPLAY_DETECTED,BLOCK
2026-10-07T01:43:51.681,0x200,ATTACKER,225,50,True,True,True,True,True,60,HIGH,ABNORMAL_MESSAGE_RATE|REPLAY_DETECTED,BLOCK
2026-10-07T01:43:51.682,0x200,ATTACKER,226,50,True,True,True,True,True,60,HIGH,ABNORMAL_MESSAGE_RATE|REPLAY_DETECTED,BLOCK
2026-10-07T01:43:51.682,0x200,ATTACKER,227,50,True,True,True,True,True,60,HIGH,ABNORMAL_MESSAGE_RATE|REPLAY_DETECTED,BLOCK
2026-10-07T01:43:51.682,0x200,ATTACKER,228,50,True,True,True,True,True,60,HIGH,ABNORMAL_MESSAGE_RATE|REPLAY_DETECTED,BLOCK
2026-10-07T01:43:51.683,0x200,ATTACKER,229,50,True,True,True,True,True,60,HIGH,ABNORMAL_MESSAGE_RATE|REPLAY_DETECTED,BLOCK
2026-10-07T01:43:51.683,0x200,ATTACKER,230,50,True,True,True,True,True,60,HIGH,ABNORMAL_MESSAGE_RATE|REPLAY_DETECTED,BLOCK
2026-10-07T01:43:51.683,0x200,ATTACKER,231,50,True,True,True,True,True,60,HIGH,ABNORMAL_MESSAGE_RATE|REPLAY_DETECTED,BLOCK
2026-10-07T01:43:51.684,0x200,ATTACKER,232,50,True,True,True,True,True,60,HIGH,ABNORMAL_MESSAGE_RATE|REPLAY_DETECTED,BLOCK
2026-10-07T01:43:51.684,0x200,ATTACKER,233,50,True,True,True,True,True,60,HIGH,ABNORMAL_MESSAGE_RATE|REPLAY_DETECTED,BLOCK
2026-10-07T01:43:51.684,0x200,ATTACKER,234,50,True,True,True,True,True,60,HIGH,ABNORMAL_MESSAGE_RATE|REPLAY_DETECTED,BLOCK
2026-10-07T01:43:51.685,0x200,ATTACKER,235,50,True,True,True,True,True,60,HIGH,ABNORMAL_MESSAGE_RATE|REPLAY_DETECTED,BLOCK
2026-10-07T01:43:51.685,0x200,ATTACKER,236,50,True,True,True,True,True,60,HIGH,ABNORMAL_MESSAGE_RATE|REPLAY_DETECTED,BLOCK
2026-10-07T01:43:51.686,0x200,ATTACKER,237,50,True,True,True,True,True,60,HIGH,ABNORMAL_MESSAGE_RATE|REPLAY_DETECTED,BLOCK
2026-10-07T01:43:51.686,0x200,ATTACKER,238,50,True,True,True,True,True,60,HIGH,ABNORMAL_MESSAGE_RATE|REPLAY_DETECTED,BLOCK
2026-10-07T01:43:51.687,0x200,ATTACKER,239,50,True,True,True,True,True,60,HIGH,ABNORMAL_MESSAGE_RATE|REPLAY_DETECTED,BLOCK
2026-10-07T01:43:51.687,0x200,ATTACKER,240,50,True,True,True,True,True,60,HIGH,ABNORMAL_MESSAGE_RATE|REPLAY_DETECTED,BLOCK
2026-10-07T01:43:51.687,0x200,ATTACKER,241,50,True,True,True,True,True,60,HIGH,ABNORMAL_MESSAGE_RATE|REPLAY_DETECTED,BLOCK
2026-10-07T01:43:51.688,0x200,ATTACKER,242,50,True,True,True,True,True,60,HIGH,ABNORMAL_MESSAGE_RATE|REPLAY_DETECTED,BLOCK
2026-10-07T01:43:51.688,0x200,ATTACKER,243,50,True,True,True,True,True,60,HIGH,ABNORMAL_MESSAGE_RATE|REPLAY_DETECTED,BLOCK
2026-10-07T01:43:51.688,0x200,ATTACKER,244,50,True,True,True,True,True,60,HIGH,ABNORMAL_MESSAGE_RATE|REPLAY_DETECTED,BLOCK
2026-10-07T01:43:51.689,0x200,ATTACKER,245,50,True,True,True,True,True,60,HIGH,ABNORMAL_MESSAGE_RATE|REPLAY_DETECTED,BLOCK
2026-10-07T01:43:51.690,0x200,ATTACKER,246,50,True,True,True,True,True,60,HIGH,ABNORMAL_MESSAGE_RATE|REPLAY_DETECTED,BLOCK
2026-10-07T01:43:51.691,0x200,ATTACKER,247,50,True,True,True,True,True,60,HIGH,ABNORMAL_MESSAGE_RATE|REPLAY_DETECTED,BLOCK
2026-10-07T01:43:51.691,0x200,ATTACKER,248,50,True,True,True,True,True,60,HIGH,ABNORMAL_MESSAGE_RATE|REPLAY_DETECTED,BLOCK
2026-10-07T01:43:51.692,0x200,ATTACKER,249,50,True,True,True,True,True,60,HIGH,ABNORMAL_MESSAGE_RATE|REPLAY_DETECTED,BLOCK
2026-10-07T01:43:51.692,0x200,ATTACKER,250,50,True,True,True,True,True,60,HIGH,ABNORMAL_MESSAGE_RATE|REPLAY_DETECTED,BLOCK
2026-10-07T01:43:51.699,0x100,BRAKE,94,100,True,True,True,False,True,30,MEDIUM,REPLAY_DETECTED,MONITOR
2026-10-07T01:43:51.699,0x180,ADAS,19,20,True,True,True,False,True,30,MEDIUM,REPLAY_DETECTED,MONITOR
2026-10-07T01:43:51.700,0x200,SPEED,250,50,True,True,True,True,True,60,HIGH,ABNORMAL_MESSAGE_RATE|REPLAY_DETECTED,BLOCK
2026-10-07T01:43:51.705,0x100,BRAKE,94,100,True,True,True,False,True,30,MEDIUM,REPLAY_DETECTED,MONITOR
2026-10-07T01:43:51.706,0x180,ADAS,20,20,True,True,True,False,True,30,MEDIUM,REPLAY_DETECTED,MONITOR
2026-10-07T01:43:51.707,0x200,SPEED,251,50,True,True,True,True,True,60,HIGH,ABNORMAL_MESSAGE_RATE|REPLAY_DETECTED,BLOCK
2026-10-07T01:43:51.714,0x100,BRAKE,95,100,True,True,True,False,True,30,MEDIUM,REPLAY_DETECTED,MONITOR
2026-10-07T01:43:51.714,0x200,SPEED,251,50,True,True,True,True,True,60,HIGH,ABNORMAL_MESSAGE_RATE|REPLAY_DETECTED,BLOCK
2026-10-07T01:43:51.721,0x100,BRAKE,95,100,True,True,True,False,True,30,MEDIUM,REPLAY_DETECTED,MONITOR
2026-10-07T01:43:51.721,0x200,SPEED,252,50,True,True,True,True,True,60,HIGH,ABNORMAL_MESSAGE_RATE|REPLAY_DETECTED,BLOCK
2026-10-07T01:43:51.728,0x100,BRAKE,96,100,True,True,True,False,True,30,MEDIUM,REPLAY_DETECTED,MONITOR
2026-10-07T01:43:51.729,0x120,STEERING,50,50,True,True,True,False,True,30,MEDIUM,REPLAY_DETECTED,MONITOR
2026-10-07T01:43:51.729,0x200,SPEED,253,50,True,True,True,True,True,60,HIGH,ABNORMAL_MESSAGE_RATE|REPLAY_DETECTED,BLOCK
2026-10-07T01:43:51.736,0x100,BRAKE,96,100,True,True,True,False,True,30,MEDIUM,REPLAY_DETECTED,MONITOR
2026-10-07T01:43:51.736,0x200,SPEED,254,50,True,True,True,True,True,60,HIGH,ABNORMAL_MESSAGE_RATE|REPLAY_DETECTED,BLOCK
2026-10-07T01:43:51.743,0x100,BRAKE,97,100,True,True,True,False,True,30,MEDIUM,REPLAY_DETECTED,MONITOR
2026-10-07T01:43:51.743,0x120,STEERING,51,50,True,True,True,False,True,30,MEDIUM,REPLAY_DETECTED,MONITOR
2026-10-07T01:43:51.744,0x200,SPEED,254,50,True,True,True,True,True,60,HIGH,ABNORMAL_MESSAGE_RATE|REPLAY_DETECTED,BLOCK
2026-10-07T01:43:51.750,0x100,BRAKE,98,100,True,True,True,False,True,30,MEDIUM,REPLAY_DETECTED,MONITOR
2026-10-07T01:43:51.757,0x100,BRAKE,98,100,True,True,True,False,True,30,MEDIUM,REPLAY_DETECTED,MONITOR
2026-10-07T01:43:51.757,0x200,SPEED,255,50,True,True,True,True,True,60,HIGH,ABNORMAL_MESSAGE_RATE|REPLAY_DETECTED,BLOCK
2026-10-07T01:43:51.764,0x100,BRAKE,99,100,True,True,True,False,True,30,MEDIUM,REPLAY_DETECTED,MONITOR
2026-10-07T01:43:51.770,0x100,BRAKE,99,100,True,True,True,False,True,30,MEDIUM,REPLAY_DETECTED,MONITOR
2026-10-07T01:43:51.777,0x100,BRAKE,99,100,True,True,True,False,True,30,MEDIUM,REPLAY_DETECTED,MONITOR
2026-10-07T01:43:51.778,0x120,STEERING,51,50,True,True,True,False,True,30,MEDIUM,REPLAY_DETECTED,MONITOR
2026-10-07T01:43:51.778,0x200,SPEED,254,50,True,True,True,True,True,60,HIGH,ABNORMAL_MESSAGE_RATE|REPLAY_DETECTED,BLOCK
2026-10-07T01:43:51.785,0x100,BRAKE,99,100,True,True,True,False,True,30,MEDIUM,REPLAY_DETECTED,MONITOR
2026-10-07T01:43:51.790,0x100,BRAKE,100,100,True,True,True,False,True,30,MEDIUM,REPLAY_DETECTED,MONITOR
2026-10-07T01:43:51.797,0x100,BRAKE,100,100,True,True,True,False,True,30,MEDIUM,REPLAY_DETECTED,MONITOR
2026-10-07T01:43:51.798,0x200,SPEED,254,50,True,True,True,True,True,60,HIGH,ABNORMAL_MESSAGE_RATE|REPLAY_DETECTED,BLOCK
2026-10-07T01:43:51.804,0x100,BRAKE,100,100,True,True,True,False,True,30,MEDIUM,REPLAY_DETECTED,MONITOR
2026-10-07T01:43:51.811,0x100,BRAKE,99,100,True,True,True,False,True,30,MEDIUM,REPLAY_DETECTED,MONITOR
2026-10-07T01:43:51.817,0x100,BRAKE,99,100,True,True,True,False,True,30,MEDIUM,REPLAY_DETECTED,MONITOR
2026-10-07T01:43:51.818,0x200,SPEED,253,50,True,True,True,True,False,30,MEDIUM,ABNORMAL_MESSAGE_RATE,MONITOR
2026-10-07T01:43:51.818,0x300,INSTRUMENT,10,10,True,True,True,False,True,30,MEDIUM,REPLAY_DETECTED,MONITOR
2026-10-07T01:43:51.825,0x100,BRAKE,99,100,True,True,True,False,True,30,MEDIUM,REPLAY_DETECTED,MONITOR
2026-10-07T01:43:51.831,0x100,BRAKE,99,100,True,True,True,False,True,30,MEDIUM,REPLAY_DETECTED,MONITOR
2026-10-07T01:43:51.838,0x100,BRAKE,99,100,True,True,True,False,True,30,MEDIUM,REPLAY_DETECTED,MONITOR
2026-10-07T01:43:51.838,0x200,SPEED,253,50,True,True,True,True,True,60,HIGH,ABNORMAL_MESSAGE_RATE|REPLAY_DETECTED,BLOCK
2026-10-07T01:43:51.845,0x100,BRAKE,99,100,True,True,True,False,True,30,MEDIUM,REPLAY_DETECTED,MONITOR
2026-10-07T01:43:51.852,0x100,BRAKE,99,100,True,True,True,False,True,30,MEDIUM,REPLAY_DETECTED,MONITOR
2026-10-07T01:43:51.858,0x100,BRAKE,99,100,True,True,True,False,True,30,MEDIUM,REPLAY_DETECTED,MONITOR
2026-10-07T01:43:51.858,0x200,SPEED,253,50,True,True,True,True,True,60,HIGH,ABNORMAL_MESSAGE_RATE|REPLAY_DETECTED,BLOCK
2026-10-07T01:43:51.865,0x100,BRAKE,100,100,True,True,True,False,True,30,MEDIUM,REPLAY_DETECTED,MONITOR
2026-10-07T01:43:51.871,0x100,BRAKE,100,100,True,True,True,False,True,30,MEDIUM,REPLAY_DETECTED,MONITOR
2026-10-07T01:43:51.872,0x180,ADAS,20,20,True,True,True,False,True,30,MEDIUM,REPLAY_DETECTED,MONITOR
2026-10-07T01:43:51.879,0x100,BRAKE,100,100,True,True,True,False,True,30,MEDIUM,REPLAY_DETECTED,MONITOR
2026-10-07T01:43:51.879,0x200,SPEED,253,50,True,True,True,True,True,60,HIGH,ABNORMAL_MESSAGE_RATE|REPLAY_DETECTED,BLOCK
2026-10-07T01:43:51.892,0x100,BRAKE,100,100,True,True,True,False,True,30,MEDIUM,REPLAY_DETECTED,MONITOR
2026-10-07T01:43:51.899,0x100,BRAKE,100,100,True,True,True,False,True,30,MEDIUM,REPLAY_DETECTED,MONITOR
2026-10-07T01:43:51.899,0x200,SPEED,253,50,True,True,True,True,True,60,HIGH,ABNORMAL_MESSAGE_RATE|REPLAY_DETECTED,BLOCK
2026-10-07T01:43:51.912,0x100,BRAKE,100,100,True,True,True,False,True,30,MEDIUM,REPLAY_DETECTED,MONITOR
2026-10-07T01:43:51.918,0x100,BRAKE,101,100,True,True,True,False,True,30,MEDIUM,REPLAY_DETECTED,MONITOR
2026-10-07T01:43:51.919,0x200,SPEED,253,50,True,True,True,True,True,60,HIGH,ABNORMAL_MESSAGE_RATE|REPLAY_DETECTED,BLOCK
2026-10-07T01:43:51.930,0x100,BRAKE,100,100,True,True,True,False,True,30,MEDIUM,REPLAY_DETECTED,MONITOR
2026-10-07T01:43:51.937,0x100,BRAKE,100,100,True,True,True,False,True,30,MEDIUM,REPLAY_DETECTED,MONITOR
2026-10-07T01:43:51.937,0x200,SPEED,252,50,True,True,True,True,True,60,HIGH,ABNORMAL_MESSAGE_RATE|REPLAY_DETECTED,BLOCK
2026-10-07T01:43:51.951,0x100,BRAKE,100,100,True,True,True,False,True,30,MEDIUM,REPLAY_DETECTED,MONITOR
2026-10-07T01:43:51.957,0x100,BRAKE,101,100,True,True,True,False,True,30,MEDIUM,REPLAY_DETECTED,MONITOR
2026-10-07T01:43:51.957,0x200,SPEED,253,50,True,True,True,True,True,60,HIGH,ABNORMAL_MESSAGE_RATE|REPLAY_DETECTED,BLOCK
2026-10-07T01:43:51.970,0x100,BRAKE,100,100,True,True,True,False,True,30,MEDIUM,REPLAY_DETECTED,MONITOR
2026-10-07T01:43:51.977,0x100,BRAKE,101,100,True,True,True,False,True,30,MEDIUM,REPLAY_DETECTED,MONITOR
2026-10-07T01:43:51.977,0x200,SPEED,253,50,True,True,True,True,True,60,HIGH,ABNORMAL_MESSAGE_RATE|REPLAY_DETECTED,BLOCK
2026-10-07T01:43:51.990,0x100,BRAKE,101,100,True,True,True,False,True,30,MEDIUM,REPLAY_DETECTED,MONITOR
2026-10-07T01:43:51.996,0x100,BRAKE,101,100,True,True,True,False,True,30,MEDIUM,REPLAY_DETECTED,MONITOR
2026-10-07T01:43:51.996,0x200,SPEED,253,50,True,True,True,True,False,30,MEDIUM,ABNORMAL_MESSAGE_RATE,MONITOR
2026-10-07T01:43:52.009,0x100,BRAKE,101,100,True,True,True,False,True,30,MEDIUM,REPLAY_DETECTED,MONITOR
2026-10-07T01:43:52.016,0x100,BRAKE,101,100,True,True,True,False,True,30,MEDIUM,REPLAY_DETECTED,MONITOR
2026-10-07T01:43:52.016,0x200,SPEED,253,50,True,True,True,True,True,60,HIGH,ABNORMAL_MESSAGE_RATE|REPLAY_DETECTED,BLOCK
2026-10-07T01:43:52.028,0x100,BRAKE,101,100,True,True,True,False,True,30,MEDIUM,REPLAY_DETECTED,MONITOR
2026-10-07T01:43:52.041,0x100,BRAKE,100,100,True,True,True,False,True,30,MEDIUM,REPLAY_DETECTED,MONITOR
2026-10-07T01:43:52.042,0x200,SPEED,252,50,True,True,True,True,True,60,HIGH,ABNORMAL_MESSAGE_RATE|REPLAY_DETECTED,BLOCK
2026-10-07T01:43:52.048,0x100,BRAKE,101,100,True,True,True,False,True,30,MEDIUM,REPLAY_DETECTED,MONITOR
2026-10-07T01:43:52.061,0x100,BRAKE,100,100,True,True,True,False,True,30,MEDIUM,REPLAY_DETECTED,MONITOR
2026-10-07T01:43:52.061,0x200,SPEED,252,50,True,True,True,True,True,60,HIGH,ABNORMAL_MESSAGE_RATE|REPLAY_DETECTED,BLOCK
2026-10-07T01:43:52.067,0x100,BRAKE,101,100,True,True,True,False,True,30,MEDIUM,REPLAY_DETECTED,MONITOR
2026-10-07T01:43:52.080,0x100,BRAKE,100,100,True,True,True,False,True,30,MEDIUM,REPLAY_DETECTED,MONITOR
2026-10-07T01:43:52.080,0x200,SPEED,252,50,True,True,True,True,True,60,HIGH,ABNORMAL_MESSAGE_RATE|REPLAY_DETECTED,BLOCK
2026-10-07T01:43:52.087,0x100,BRAKE,101,100,True,True,True,False,True,30,MEDIUM,REPLAY_DETECTED,MONITOR
2026-10-07T01:43:52.100,0x100,BRAKE,100,100,True,True,True,False,True,30,MEDIUM,REPLAY_DETECTED,MONITOR
2026-10-07T01:43:52.101,0x200,SPEED,252,50,True,True,True,True,True,60,HIGH,ABNORMAL_MESSAGE_RATE|REPLAY_DETECTED,BLOCK
2026-10-07T01:43:52.108,0x100,BRAKE,100,100,True,True,True,False,True,30,MEDIUM,REPLAY_DETECTED,MONITOR
2026-10-07T01:43:52.119,0x100,BRAKE,101,100,True,True,True,False,True,30,MEDIUM,REPLAY_DETECTED,MONITOR
2026-10-07T01:43:52.120,0x200,SPEED,253,50,True,True,True,True,True,60,HIGH,ABNORMAL_MESSAGE_RATE|REPLAY_DETECTED,BLOCK
2026-10-07T01:43:52.127,0x100,BRAKE,101,100,True,True,True,False,True,30,MEDIUM,REPLAY_DETECTED,MONITOR
2026-10-07T01:43:52.142,0x100,BRAKE,100,100,True,True,True,False,True,30,MEDIUM,REPLAY_DETECTED,MONITOR
2026-10-07T01:43:52.143,0x200,SPEED,253,50,True,True,True,True,False,30,MEDIUM,ABNORMAL_MESSAGE_RATE,MONITOR
2026-10-07T01:43:52.151,0x100,BRAKE,100,100,True,True,True,False,True,30,MEDIUM,REPLAY_DETECTED,MONITOR
2026-10-07T01:43:52.158,0x100,BRAKE,100,100,True,True,True,False,True,30,MEDIUM,REPLAY_DETECTED,MONITOR
2026-10-07T01:43:52.159,0x200,SPEED,252,50,True,True,True,True,False,30,MEDIUM,ABNORMAL_MESSAGE_RATE,MONITOR
2026-10-07T01:43:52.172,0x100,BRAKE,100,100,True,True,True,False,True,30,MEDIUM,REPLAY_DETECTED,MONITOR
2026-10-07T01:43:52.179,0x100,BRAKE,100,100,True,True,True,False,True,30,MEDIUM,REPLAY_DETECTED,MONITOR
2026-10-07T01:43:52.180,0x200,SPEED,252,50,True,True,True,True,True,60,HIGH,ABNORMAL_MESSAGE_RATE|REPLAY_DETECTED,BLOCK
2026-10-07T01:43:52.187,0x100,BRAKE,101,100,True,True,True,False,True,30,MEDIUM,REPLAY_DETECTED,MONITOR
2026-10-07T01:43:52.200,0x100,BRAKE,100,100,True,True,True,False,True,30,MEDIUM,REPLAY_DETECTED,MONITOR
2026-10-07T01:43:52.201,0x120,STEERING,50,50,True,True,True,False,True,30,MEDIUM,REPLAY_DETECTED,MONITOR
2026-10-07T01:43:52.202,0x200,SPEED,251,50,True,True,True,True,True,60,HIGH,ABNORMAL_MESSAGE_RATE|REPLAY_DETECTED,BLOCK
2026-10-07T01:43:52.209,0x100,BRAKE,101,100,True,True,True,False,True,30,MEDIUM,REPLAY_DETECTED,MONITOR
2026-10-07T01:43:52.216,0x100,BRAKE,101,100,True,True,True,False,True,30,MEDIUM,REPLAY_DETECTED,MONITOR
2026-10-07T01:43:52.217,0x200,SPEED,252,50,True,True,True,True,True,60,HIGH,ABNORMAL_MESSAGE_RATE|REPLAY_DETECTED,BLOCK
2026-10-07T01:43:52.218,0x300,INSTRUMENT,10,10,True,True,True,False,True,30,MEDIUM,REPLAY_DETECTED,MONITOR
2026-10-07T01:43:52.231,0x100,BRAKE,100,100,True,True,True,False,True,30,MEDIUM,REPLAY_DETECTED,MONITOR
2026-10-07T01:43:52.239,0x100,BRAKE,100,100,True,True,True,False,True,30,MEDIUM,REPLAY_DETECTED,MONITOR
2026-10-07T01:43:52.243,0x200,SPEED,251,50,True,True,True,True,False,30,MEDIUM,ABNORMAL_MESSAGE_RATE,MONITOR
2026-10-07T01:43:52.250,0x100,BRAKE,101,100,True,True,True,False,True,30,MEDIUM,REPLAY_DETECTED,MONITOR
2026-10-07T01:43:52.259,0x100,BRAKE,100,100,True,True,True,False,True,30,MEDIUM,REPLAY_DETECTED,MONITOR
2026-10-07T01:43:52.260,0x200,SPEED,251,50,True,True,True,True,True,60,HIGH,ABNORMAL_MESSAGE_RATE|REPLAY_DETECTED,BLOCK
2026-10-07T01:43:52.267,0x100,BRAKE,101,100,True,True,True,False,True,30,MEDIUM,REPLAY_DETECTED,MONITOR
2026-10-07T01:43:52.279,0x100,BRAKE,100,100,True,True,True,False,True,30,MEDIUM,REPLAY_DETECTED,MONITOR
2026-10-07T01:43:52.280,0x200,SPEED,251,50,True,True,True,True,True,60,HIGH,ABNORMAL_MESSAGE_RATE|REPLAY_DETECTED,BLOCK
2026-10-07T01:43:52.286,0x100,BRAKE,101,100,True,True,True,False,True,30,MEDIUM,REPLAY_DETECTED,MONITOR
2026-10-07T01:43:52.299,0x100,BRAKE,100,100,True,True,True,False,True,30,MEDIUM,REPLAY_DETECTED,MONITOR
2026-10-07T01:43:52.303,0x200,SPEED,251,50,True,True,True,True,True,60,HIGH,ABNORMAL_MESSAGE_RATE|REPLAY_DETECTED,BLOCK
2026-10-07T01:43:52.310,0x100,BRAKE,100,100,True,True,True,False,True,30,MEDIUM,REPLAY_DETECTED,MONITOR
2026-10-07T01:43:52.317,0x100,BRAKE,100,100,True,True,True,False,True,30,MEDIUM,REPLAY_DETECTED,MONITOR
2026-10-07T01:43:52.318,0x200,SPEED,251,50,True,True,True,True,True,60,HIGH,ABNORMAL_MESSAGE_RATE|REPLAY_DETECTED,BLOCK
2026-10-07T01:43:52.331,0x100,BRAKE,100,100,True,True,True,False,True,30,MEDIUM,REPLAY_DETECTED,MONITOR
2026-10-07T01:43:52.338,0x100,BRAKE,100,100,True,True,True,False,True,30,MEDIUM,REPLAY_DETECTED,MONITOR
2026-10-07T01:43:52.339,0x200,SPEED,251,50,True,True,True,True,False,30,MEDIUM,ABNORMAL_MESSAGE_RATE,MONITOR
2026-10-07T01:43:52.346,0x100,BRAKE,101,100,True,True,True,False,True,30,MEDIUM,REPLAY_DETECTED,MONITOR
2026-10-07T01:43:52.360,0x100,BRAKE,100,100,True,True,True,False,True,30,MEDIUM,REPLAY_DETECTED,MONITOR
2026-10-07T01:43:52.361,0x120,STEERING,51,50,True,True,True,False,True,30,MEDIUM,REPLAY_DETECTED,MONITOR
2026-10-07T01:43:52.362,0x200,SPEED,252,50,True,True,True,True,True,60,HIGH,ABNORMAL_MESSAGE_RATE|REPLAY_DETECTED,BLOCK
2026-10-07T01:43:52.369,0x100,BRAKE,101,100,True,True,True,False,True,30,MEDIUM,REPLAY_DETECTED,MONITOR
2026-10-07T01:43:52.376,0x100,BRAKE,101,100,True,True,True,False,True,30,MEDIUM,REPLAY_DETECTED,MONITOR
2026-10-07T01:43:52.378,0x200,SPEED,252,50,True,True,True,True,True,60,HIGH,ABNORMAL_MESSAGE_RATE|REPLAY_DETECTED,BLOCK
2026-10-07T01:43:52.390,0x100,BRAKE,100,100,True,True,True,False,True,30,MEDIUM,REPLAY_DETECTED,MONITOR
2026-10-07T01:43:52.392,0x200,ATTACKER,252,50,True,True,True,True,True,60,HIGH,ABNORMAL_MESSAGE_RATE|REPLAY_DETECTED,BLOCK
2026-10-07T01:43:52.398,0x100,BRAKE,101,100,True,True,True,False,True,30,MEDIUM,REPLAY_DETECTED,MONITOR
2026-10-07T01:43:52.399,0x200,SPEED,253,50,True,True,True,True,True,60,HIGH,ABNORMAL_MESSAGE_RATE|REPLAY_DETECTED,BLOCK
2026-10-07T01:43:52.412,0x100,BRAKE,100,100,True,True,True,False,True,30,MEDIUM,REPLAY_DETECTED,MONITOR
2026-10-07T01:43:52.419,0x100,BRAKE,100,100,True,True,True,False,True,30,MEDIUM,REPLAY_DETECTED,MONITOR
2026-10-07T01:43:52.421,0x180,ADAS,21,20,True,True,True,False,True,30,MEDIUM,REPLAY_DETECTED,MONITOR
2026-10-07T01:43:52.422,0x200,SPEED,252,50,True,True,True,True,True,60,HIGH,ABNORMAL_MESSAGE_RATE|REPLAY_DETECTED,BLOCK
2026-10-07T01:43:52.429,0x100,BRAKE,100,100,True,True,True,False,True,30,MEDIUM,REPLAY_DETECTED,MONITOR
2026-10-07T01:43:52.437,0x100,BRAKE,101,100,True,True,True,False,True,30,MEDIUM,REPLAY_DETECTED,MONITOR
2026-10-07T01:43:52.438,0x200,SPEED,253,50,True,True,True,True,True,60,HIGH,ABNORMAL_MESSAGE_RATE|REPLAY_DETECTED,BLOCK
2026-10-07T01:43:52.451,0x100,BRAKE,100,100,True,True,True,False,True,30,MEDIUM,REPLAY_DETECTED,MONITOR
2026-10-07T01:43:52.459,0x100,BRAKE,101,100,True,True,True,False,True,30,MEDIUM,REPLAY_DETECTED,MONITOR
2026-10-07T01:43:52.460,0x200,SPEED,253,50,True,True,True,True,True,60,HIGH,ABNORMAL_MESSAGE_RATE|REPLAY_DETECTED,BLOCK
2026-10-07T01:43:52.467,0x100,BRAKE,101,100,True,True,True,False,True,30,MEDIUM,REPLAY_DETECTED,MONITOR
2026-10-07T01:43:52.480,0x100,BRAKE,101,100,True,True,True,False,True,30,MEDIUM,REPLAY_DETECTED,MONITOR
2026-10-07T01:43:52.481,0x200,SPEED,253,50,True,True,True,True,False,30,MEDIUM,ABNORMAL_MESSAGE_RATE,MONITOR
2026-10-07T01:43:52.488,0x100,BRAKE,100,100,True,True,True,False,True,30,MEDIUM,REPLAY_DETECTED,MONITOR
2026-10-07T01:43:52.501,0x100,BRAKE,100,100,True,True,True,False,True,30,MEDIUM,REPLAY_DETECTED,MONITOR
2026-10-07T01:43:52.502,0x200,SPEED,252,50,True,True,True,True,False,30,MEDIUM,ABNORMAL_MESSAGE_RATE,MONITOR
2026-10-07T01:43:52.509,0x100,BRAKE,100,100,True,True,True,False,True,30,MEDIUM,REPLAY_DETECTED,MONITOR
2026-10-07T01:43:52.516,0x100,BRAKE,101,100,True,True,True,False,True,30,MEDIUM,REPLAY_DETECTED,MONITOR
2026-10-07T01:43:52.517,0x180,ADAS,21,20,True,True,True,False,True,30,MEDIUM,REPLAY_DETECTED,MONITOR
2026-10-07T01:43:52.518,0x200,SPEED,253,50,True,True,True,True,True,60,HIGH,ABNORMAL_MESSAGE_RATE|REPLAY_DETECTED,BLOCK
2026-10-07T01:43:52.532,0x100,BRAKE,100,100,True,True,True,False,True,30,MEDIUM,REPLAY_DETECTED,MONITOR
2026-10-07T01:43:52.538,0x100,BRAKE,101,100,True,True,True,False,True,30,MEDIUM,REPLAY_DETECTED,MONITOR
2026-10-07T01:43:52.538,0x200,SPEED,253,50,True,True,True,True,True,60,HIGH,ABNORMAL_MESSAGE_RATE|REPLAY_DETECTED,BLOCK
2026-10-07T01:43:52.539,0x200,ATTACKER,254,50,True,True,False,True,True,90,CRITICAL,ABNORMAL_MESSAGE_RATE|INVALID_PAYLOAD|REPLAY_DETECTED,BLOCK_AND_ISOLATE
2026-10-07T01:43:52.546,0x100,BRAKE,101,100,True,True,True,False,True,30,MEDIUM,REPLAY_DETECTED,MONITOR
2026-10-07T01:43:52.560,0x100,BRAKE,101,100,True,True,True,False,True,30,MEDIUM,REPLAY_DETECTED,MONITOR
2026-10-07T01:43:52.561,0x200,SPEED,254,50,True,True,True,True,True,60,HIGH,ABNORMAL_MESSAGE_RATE|REPLAY_DETECTED,BLOCK
2026-10-07T01:43:52.567,0x100,BRAKE,101,100,True,True,True,False,True,30,MEDIUM,REPLAY_DETECTED,MONITOR
2026-10-07T01:43:52.581,0x100,BRAKE,101,100,True,True,True,False,True,30,MEDIUM,REPLAY_DETECTED,MONITOR
2026-10-07T01:43:52.582,0x200,SPEED,254,50,True,True,True,True,True,60,HIGH,ABNORMAL_MESSAGE_RATE|REPLAY_DETECTED,BLOCK
2026-10-07T01:43:52.588,0x100,BRAKE,101,100,True,True,True,False,True,30,MEDIUM,REPLAY_DETECTED,MONITOR
2026-10-07T01:43:52.601,0x100,BRAKE,100,100,True,True,True,False,True,30,MEDIUM,REPLAY_DETECTED,MONITOR
2026-10-07T01:43:52.603,0x200,SPEED,253,50,True,True,True,True,True,60,HIGH,ABNORMAL_MESSAGE_RATE|REPLAY_DETECTED,BLOCK
2026-10-07T01:43:52.610,0x100,BRAKE,100,100,True,True,True,False,True,30,MEDIUM,REPLAY_DETECTED,MONITOR
2026-10-07T01:43:52.617,0x100,BRAKE,101,100,True,True,True,False,True,30,MEDIUM,REPLAY_DETECTED,MONITOR
2026-10-07T01:43:52.617,0x200,SPEED,227,50,True,True,True,True,True,60,HIGH,ABNORMAL_MESSAGE_RATE|REPLAY_DETECTED,BLOCK
2026-10-07T01:43:52.630,0x100,BRAKE,102,100,True,True,True,False,True,30,MEDIUM,REPLAY_DETECTED,MONITOR
2026-10-07T01:43:52.637,0x100,BRAKE,103,100,True,True,True,False,True,30,MEDIUM,REPLAY_DETECTED,MONITOR
2026-10-07T01:43:52.639,0x200,SPEED,168,50,True,True,True,True,True,60,HIGH,ABNORMAL_MESSAGE_RATE|REPLAY_DETECTED,BLOCK
2026-10-07T01:43:52.649,0x100,BRAKE,104,100,True,True,True,False,True,30,MEDIUM,REPLAY_DETECTED,MONITOR
2026-10-07T01:43:52.661,0x100,BRAKE,105,100,True,True,True,False,True,30,MEDIUM,REPLAY_DETECTED,MONITOR
2026-10-07T01:43:52.662,0x200,SPEED,113,50,True,True,True,True,True,60,HIGH,ABNORMAL_MESSAGE_RATE|REPLAY_DETECTED,BLOCK
2026-10-07T01:43:52.669,0x100,BRAKE,106,100,True,True,True,False,True,30,MEDIUM,REPLAY_DETECTED,MONITOR
2026-10-07T01:43:52.670,0x180,ADAS,22,20,True,True,True,False,True,30,MEDIUM,REPLAY_DETECTED,MONITOR
2026-10-07T01:43:52.676,0x100,BRAKE,107,100,True,True,True,False,True,30,MEDIUM,REPLAY_DETECTED,MONITOR
2026-10-07T01:43:52.678,0x200,SPEED,90,50,True,True,True,False,True,30,MEDIUM,REPLAY_DETECTED,MONITOR
2026-10-07T01:43:52.694,0x100,BRAKE,108,100,True,True,True,False,True,30,MEDIUM,REPLAY_DETECTED,MONITOR
2026-10-07T01:43:52.705,0x100,BRAKE,108,100,True,True,True,False,True,30,MEDIUM,REPLAY_DETECTED,MONITOR
2026-10-07T01:43:52.709,0x120,STEERING,53,50,True,True,True,False,True,30,MEDIUM,REPLAY_DETECTED,MONITOR
2026-10-07T01:43:52.711,0x200,SPEED,55,50,True,True,True,False,True,30,MEDIUM,REPLAY_DETECTED,MONITOR
2026-10-07T01:43:52.718,0x100,BRAKE,107,100,True,True,True,False,True,30,MEDIUM,REPLAY_DETECTED,MONITOR
2026-10-07T01:43:52.719,0x180,ADAS,21,20,True,True,True,False,True,30,MEDIUM,REPLAY_DETECTED,MONITOR
2026-10-07T01:43:52.720,0x200,SPEED,55,50,True,True,True,False,True,30,MEDIUM,REPLAY_DETECTED,MONITOR
2026-10-07T01:43:52.728,0x100,BRAKE,107,100,True,True,True,False,True,30,MEDIUM,REPLAY_DETECTED,MONITOR
2026-10-07T01:43:52.735,0x100,BRAKE,107,100,True,True,True,False,True,30,MEDIUM,REPLAY_DETECTED,MONITOR
2026-10-07T01:43:52.742,0x100,BRAKE,107,100,True,True,True,False,True,30,MEDIUM,REPLAY_DETECTED,MONITOR
2026-10-07T01:43:52.743,0x200,SPEED,53,50,True,True,True,False,True,30,MEDIUM,REPLAY_DETECTED,MONITOR
2026-10-07T01:43:52.750,0x100,BRAKE,107,100,True,True,True,False,True,30,MEDIUM,REPLAY_DETECTED,MONITOR
2026-10-07T01:43:52.757,0x100,BRAKE,106,100,True,True,True,False,True,30,MEDIUM,REPLAY_DETECTED,MONITOR
2026-10-07T01:43:52.758,0x200,SPEED,52,50,True,True,True,False,True,30,MEDIUM,REPLAY_DETECTED,MONITOR
2026-10-07T01:43:52.770,0x100,BRAKE,106,100,True,True,True,False,True,30,MEDIUM,REPLAY_DETECTED,MONITOR
2026-10-07T01:43:52.771,0x180,ADAS,20,20,True,True,True,False,True,30,MEDIUM,REPLAY_DETECTED,MONITOR
2026-10-07T01:43:52.772,0x555,ATTACKER,1,,False,True,True,True,True,100,CRITICAL,UNKNOWN_CAN_ID|ABNORMAL_MESSAGE_RATE|REPLAY_DETECTED,BLOCK_AND_ISOLATE
2026-10-07T01:43:52.779,0x100,BRAKE,105,100,True,True,True,False,True,30,MEDIUM,REPLAY_DETECTED,MONITOR
2026-10-07T01:43:52.780,0x200,SPEED,52,50,True,True,True,False,True,30,MEDIUM,REPLAY_DETECTED,MONITOR
2026-10-07T01:43:52.787,0x100,BRAKE,105,100,True,True,True,False,True,30,MEDIUM,REPLAY_DETECTED,MONITOR
2026-10-07T01:43:52.801,0x100,BRAKE,104,100,True,True,True,False,True,30,MEDIUM,REPLAY_DETECTED,MONITOR
2026-10-07T01:43:52.802,0x200,SPEED,52,50,True,True,True,False,True,30,MEDIUM,REPLAY_DETECTED,MONITOR
2026-10-07T01:43:52.809,0x100,BRAKE,104,100,True,True,True,False,True,30,MEDIUM,REPLAY_DETECTED,MONITOR
2026-10-07T01:43:52.816,0x100,BRAKE,104,100,True,True,True,False,True,30,MEDIUM,REPLAY_DETECTED,MONITOR
2026-10-07T01:43:52.818,0x200,SPEED,53,50,True,True,True,False,True,30,MEDIUM,REPLAY_DETECTED,MONITOR
2026-10-07T01:43:52.818,0x300,INSTRUMENT,10,10,True,True,True,False,True,30,MEDIUM,REPLAY_DETECTED,MONITOR
2026-10-07T01:43:52.832,0x100,BRAKE,102,100,True,True,True,False,True,30,MEDIUM,REPLAY_DETECTED,MONITOR
2026-10-07T01:43:52.841,0x100,BRAKE,102,100,True,True,True,False,True,30,MEDIUM,REPLAY_DETECTED,MONITOR
2026-10-07T01:43:52.849,0x100,BRAKE,102,100,True,True,True,False,True,30,MEDIUM,REPLAY_DETECTED,MONITOR
2026-10-07T01:43:52.865,0x100,BRAKE,101,100,True,True,True,False,True,30,MEDIUM,REPLAY_DETECTED,MONITOR
2026-10-07T01:43:52.866,0x200,SPEED,52,50,True,True,True,False,True,30,MEDIUM,REPLAY_DETECTED,MONITOR
2026-10-07T01:43:52.876,0x100,BRAKE,100,100,True,True,True,False,True,30,MEDIUM,REPLAY_DETECTED,MONITOR
2026-10-07T01:43:52.884,0x100,BRAKE,100,100,True,True,True,False,True,30,MEDIUM,REPLAY_DETECTED,MONITOR
2026-10-07T01:43:52.892,0x100,BRAKE,100,100,True,True,True,False,True,30,MEDIUM,REPLAY_DETECTED,MONITOR
2026-10-07T01:43:52.899,0x100,BRAKE,100,100,True,True,True,False,True,30,MEDIUM,REPLAY_DETECTED,MONITOR
2026-10-07T01:43:52.900,0x200,SPEED,52,50,True,True,True,False,True,30,MEDIUM,REPLAY_DETECTED,MONITOR
2026-10-07T01:43:52.909,0x100,BRAKE,101,100,True,True,True,False,True,30,MEDIUM,REPLAY_DETECTED,MONITOR
2026-10-07T01:43:52.916,0x100,BRAKE,101,100,True,True,True,False,True,30,MEDIUM,REPLAY_DETECTED,MONITOR
2026-10-07T01:43:52.917,0x180,ADAS,21,20,True,True,True,False,True,30,MEDIUM,REPLAY_DETECTED,MONITOR
2026-10-07T01:43:52.917,0x200,SPEED,53,50,True,True,True,False,True,30,MEDIUM,REPLAY_DETECTED,MONITOR
2026-10-07T01:43:52.918,0x300,INSTRUMENT,11,10,True,True,True,False,True,30,MEDIUM,REPLAY_DETECTED,MONITOR
2026-10-07T01:43:52.932,0x100,BRAKE,100,100,True,True,True,False,True,30,MEDIUM,REPLAY_DETECTED,MONITOR
2026-10-07T01:43:52.938,0x100,BRAKE,100,100,True,True,True,False,True,30,MEDIUM,REPLAY_DETECTED,MONITOR
2026-10-07T01:43:52.938,0x200,SPEED,52,50,True,True,True,False,True,30,MEDIUM,REPLAY_DETECTED,MONITOR
2026-10-07T01:43:52.952,0x100,BRAKE,100,100,True,True,True,False,True,30,MEDIUM,REPLAY_DETECTED,MONITOR
2026-10-07T01:43:52.959,0x100,BRAKE,100,100,True,True,True,False,True,30,MEDIUM,REPLAY_DETECTED,MONITOR
2026-10-07T01:43:52.960,0x200,SPEED,52,50,True,True,True,False,True,30,MEDIUM,REPLAY_DETECTED,MONITOR
2026-10-07T01:43:52.967,0x100,BRAKE,101,100,True,True,True,False,True,30,MEDIUM,REPLAY_DETECTED,MONITOR
2026-10-07T01:43:52.982,0x100,BRAKE,100,100,True,True,True,False,True,30,MEDIUM,REPLAY_DETECTED,MONITOR
2026-10-07T01:43:52.982,0x200,SPEED,52,50,True,True,True,False,True,30,MEDIUM,REPLAY_DETECTED,MONITOR
2026-10-07T01:43:52.992,0x100,BRAKE,100,100,True,True,True,False,True,30,MEDIUM,REPLAY_DETECTED,MONITOR
2026-10-07T01:43:52.999,0x100,BRAKE,100,100,True,True,True,False,True,30,MEDIUM,REPLAY_DETECTED,MONITOR
2026-10-07T01:43:53.000,0x200,SPEED,52,50,True,True,True,False,True,30,MEDIUM,REPLAY_DETECTED,MONITOR
2026-10-07T01:43:53.008,0x100,BRAKE,101,100,True,True,True,False,True,30,MEDIUM,REPLAY_DETECTED,MONITOR
2026-10-07T01:43:53.024,0x100,BRAKE,100,100,True,True,True,False,True,30,MEDIUM,REPLAY_DETECTED,MONITOR
2026-10-07T01:43:53.025,0x200,SPEED,52,50,True,True,True,False,True,30,MEDIUM,REPLAY_DETECTED,MONITOR
2026-10-07T01:43:53.026,0x300,INSTRUMENT,10,10,True,True,True,False,True,30,MEDIUM,REPLAY_DETECTED,MONITOR
2026-10-07T01:43:53.032,0x100,BRAKE,100,100,True,True,True,False,True,30,MEDIUM,REPLAY_DETECTED,MONITOR
2026-10-07T01:43:53.039,0x100,BRAKE,101,100,True,True,True,False,True,30,MEDIUM,REPLAY_DETECTED,MONITOR
2026-10-07T01:43:53.040,0x120,STEERING,51,50,True,True,True,False,True,30,MEDIUM,REPLAY_DETECTED,MONITOR
2026-10-07T01:43:53.040,0x200,SPEED,53,50,True,True,True,False,True,30,MEDIUM,REPLAY_DETECTED,MONITOR
2026-10-07T01:43:53.047,0x100,BRAKE,101,100,True,True,True,False,True,30,MEDIUM,REPLAY_DETECTED,MONITOR
2026-10-07T01:43:53.060,0x100,BRAKE,101,100,True,True,True,False,True,30,MEDIUM,REPLAY_DETECTED,MONITOR
2026-10-07T01:43:53.068,0x100,BRAKE,100,100,True,True,True,False,True,30,MEDIUM,REPLAY_DETECTED,MONITOR
2026-10-07T01:43:53.068,0x180,ADAS,20,20,True,True,True,False,True,30,MEDIUM,REPLAY_DETECTED,MONITOR
2026-10-07T01:43:53.080,0x100,BRAKE,100,100,True,True,True,False,True,30,MEDIUM,REPLAY_DETECTED,MONITOR
2026-10-07T01:43:53.081,0x120,STEERING,50,50,True,True,True,False,True,30,MEDIUM,REPLAY_DETECTED,MONITOR
2026-10-07T01:43:53.082,0x200,SPEED,52,50,True,True,True,False,True,30,MEDIUM,REPLAY_DETECTED,MONITOR
2026-10-07T01:43:53.089,0x100,BRAKE,100,100,True,True,True,False,True,30,MEDIUM,REPLAY_DETECTED,MONITOR
2026-10-07T01:43:53.098,0x100,BRAKE,101,100,True,True,True,False,True,30,MEDIUM,REPLAY_DETECTED,MONITOR
2026-10-07T01:43:53.099,0x200,SPEED,53,50,True,True,True,False,True,30,MEDIUM,REPLAY_DETECTED,MONITOR
2026-10-07T01:43:53.106,0x100,BRAKE,101,100,True,True,True,False,True,30,MEDIUM,REPLAY_DETECTED,MONITOR
2026-10-07T01:43:53.119,0x100,BRAKE,101,100,True,True,True,False,True,30,MEDIUM,REPLAY_DETECTED,MONITOR
2026-10-07T01:43:53.119,0x200,SPEED,53,50,True,True,True,False,True,30,MEDIUM,REPLAY_DETECTED,MONITOR
2026-10-07T01:43:53.126,0x100,BRAKE,101,100,True,True,True,False,True,30,MEDIUM,REPLAY_DETECTED,MONITOR
2026-10-07T01:43:53.139,0x100,BRAKE,101,100,True,True,True,False,True,30,MEDIUM,REPLAY_DETECTED,MONITOR
2026-10-07T01:43:53.140,0x200,SPEED,53,50,True,True,True,False,True,30,MEDIUM,REPLAY_DETECTED,MONITOR
2026-10-07T01:43:53.146,0x100,BRAKE,101,100,True,True,True,False,True,30,MEDIUM,REPLAY_DETECTED,MONITOR
2026-10-07T01:43:53.153,0x200,ATTACKER,53,50,True,True,True,False,True,30,MEDIUM,REPLAY_DETECTED,MONITOR
2026-10-07T01:43:53.160,0x100,BRAKE,100,100,True,True,True,False,True,30,MEDIUM,REPLAY_DETECTED,MONITOR
2026-10-07T01:43:53.167,0x100,BRAKE,101,100,True,True,True,False,True,30,MEDIUM,REPLAY_DETECTED,MONITOR
2026-10-07T01:43:53.168,0x180,ADAS,21,20,True,True,True,False,True,30,MEDIUM,REPLAY_DETECTED,MONITOR
2026-10-07T01:43:53.181,0x100,BRAKE,100,100,True,True,True,False,True,30,MEDIUM,REPLAY_DETECTED,MONITOR
2026-10-07T01:43:53.181,0x200,SPEED,53,50,True,True,True,False,True,30,MEDIUM,REPLAY_DETECTED,MONITOR
2026-10-07T01:43:53.189,0x100,BRAKE,100,100,True,True,True,False,True,30,MEDIUM,REPLAY_DETECTED,MONITOR
2026-10-07T01:43:53.197,0x100,BRAKE,101,100,True,True,True,False,True,30,MEDIUM,REPLAY_DETECTED,MONITOR
2026-10-07T01:43:53.198,0x200,SPEED,54,50,True,True,True,False,True,30,MEDIUM,REPLAY_DETECTED,MONITOR
2026-10-07T01:43:53.211,0x100,BRAKE,100,100,True,True,True,False,True,30,MEDIUM,REPLAY_DETECTED,MONITOR
2026-10-07T01:43:53.218,0x100,BRAKE,100,100,True,True,True,False,True,30,MEDIUM,REPLAY_DETECTED,MONITOR
2026-10-07T01:43:53.219,0x180,ADAS,20,20,True,True,True,False,True,30,MEDIUM,REPLAY_DETECTED,MONITOR
2026-10-07T01:43:53.220,0x200,SPEED,53,50,True,True,True,False,True,30,MEDIUM,REPLAY_DETECTED,MONITOR
2026-10-07T01:43:53.227,0x100,BRAKE,101,100,True,True,True,False,True,30,MEDIUM,REPLAY_DETECTED,MONITOR
2026-10-07T01:43:53.240,0x100,BRAKE,100,100,True,True,True,False,True,30,MEDIUM,REPLAY_DETECTED,MONITOR
2026-10-07T01:43:53.240,0x200,SPEED,54,50,True,True,True,False,True,30,MEDIUM,REPLAY_DETECTED,MONITOR
2026-10-07T01:43:53.247,0x100,BRAKE,101,100,True,True,True,False,True,30,MEDIUM,REPLAY_DETECTED,MONITOR
2026-10-07T01:43:53.261,0x100,BRAKE,100,100,True,True,True,False,True,30,MEDIUM,REPLAY_DETECTED,MONITOR
2026-10-07T01:43:53.268,0x100,BRAKE,100,100,True,True,True,False,True,30,MEDIUM,REPLAY_DETECTED,MONITOR
2026-10-07T01:43:53.276,0x100,BRAKE,101,100,True,True,True,False,True,30,MEDIUM,REPLAY_DETECTED,MONITOR
2026-10-07T01:43:53.277,0x200,SPEED,54,50,True,True,True,False,True,30,MEDIUM,REPLAY_DETECTED,MONITOR
2026-10-07T01:43:53.293,0x100,BRAKE,100,100,True,True,True,False,True,30,MEDIUM,REPLAY_DETECTED,MONITOR
2026-10-07T01:43:53.300,0x100,BRAKE,100,100,True,True,True,False,True,30,MEDIUM,REPLAY_DETECTED,MONITOR
2026-10-07T01:43:53.300,0x200,SPEED,54,50,True,True,True,False,True,30,MEDIUM,REPLAY_DETECTED,MONITOR
2026-10-07T01:43:53.307,0x100,BRAKE,101,100,True,True,True,False,True,30,MEDIUM,REPLAY_DETECTED,MONITOR
2026-10-07T01:43:53.319,0x100,BRAKE,100,100,True,True,True,False,True,30,MEDIUM,REPLAY_DETECTED,MONITOR
2026-10-07T01:43:53.321,0x200,SPEED,53,50,True,True,True,False,True,30,MEDIUM,REPLAY_DETECTED,MONITOR
2026-10-07T01:43:53.328,0x100,BRAKE,101,100,True,True,True,False,True,30,MEDIUM,REPLAY_DETECTED,MONITOR
2026-10-07T01:43:53.342,0x100,BRAKE,100,100,True,True,True,False,True,30,MEDIUM,REPLAY_DETECTED,MONITOR
2026-10-07T01:43:53.343,0x200,SPEED,53,50,True,True,True,False,True,30,MEDIUM,REPLAY_DETECTED,MONITOR
2026-10-07T01:43:53.350,0x100,BRAKE,100,100,True,True,True,False,True,30,MEDIUM,REPLAY_DETECTED,MONITOR
2026-10-07T01:43:53.358,0x100,BRAKE,101,100,True,True,True,False,True,30,MEDIUM,REPLAY_DETECTED,MONITOR
2026-10-07T01:43:53.359,0x200,SPEED,54,50,True,True,True,False,True,30,MEDIUM,REPLAY_DETECTED,MONITOR
2026-10-07T01:43:53.371,0x100,BRAKE,100,100,True,True,True,False,True,30,MEDIUM,REPLAY_DETECTED,MONITOR
2026-10-07T01:43:53.372,0x180,ADAS,20,20,True,True,True,False,True,30,MEDIUM,REPLAY_DETECTED,MONITOR
2026-10-07T01:43:53.383,0x100,BRAKE,100,100,True,True,True,False,True,30,MEDIUM,REPLAY_DETECTED,MONITOR
2026-10-07T01:43:53.384,0x200,SPEED,53,50,True,True,True,False,True,30,MEDIUM,REPLAY_DETECTED,MONITOR
2026-10-07T01:43:53.392,0x100,BRAKE,100,100,True,True,True,False,True,30,MEDIUM,REPLAY_DETECTED,MONITOR
2026-10-07T01:43:53.399,0x100,BRAKE,100,100,True,True,True,False,True,30,MEDIUM,REPLAY_DETECTED,MONITOR
2026-10-07T01:43:53.400,0x200,SPEED,52,50,True,True,True,False,True,30,MEDIUM,REPLAY_DETECTED,MONITOR
2026-10-07T01:43:53.407,0x100,BRAKE,101,100,True,True,True,False,True,30,MEDIUM,REPLAY_DETECTED,MONITOR
2026-10-07T01:43:53.420,0x100,BRAKE,100,100,True,True,True,False,True,30,MEDIUM,REPLAY_DETECTED,MONITOR
2026-10-07T01:43:53.422,0x180,ADAS,20,20,True,True,True,False,True,30,MEDIUM,REPLAY_DETECTED,MONITOR
2026-10-07T01:43:53.426,0x200,SPEED,52,50,True,True,True,False,True,30,MEDIUM,REPLAY_DETECTED,MONITOR
2026-10-07T01:43:53.433,0x100,BRAKE,100,100,True,True,True,False,True,30,MEDIUM,REPLAY_DETECTED,MONITOR
2026-10-07T01:43:53.442,0x100,BRAKE,100,100,True,True,True,False,True,30,MEDIUM,REPLAY_DETECTED,MONITOR
2026-10-07T01:43:53.444,0x200,SPEED,52,50,True,True,True,False,True,30,MEDIUM,REPLAY_DETECTED,MONITOR
2026-10-07T01:43:53.451,0x100,BRAKE,101,100,True,True,True,False,True,30,MEDIUM,REPLAY_DETECTED,MONITOR
2026-10-07T01:43:53.459,0x100,BRAKE,100,100,True,True,True,False,True,30,MEDIUM,REPLAY_DETECTED,MONITOR
2026-10-07T01:43:53.460,0x200,SPEED,53,50,True,True,True,False,True,30,MEDIUM,REPLAY_DETECTED,MONITOR
2026-10-07T01:43:53.466,0x100,BRAKE,101,100,True,True,True,False,True,30,MEDIUM,REPLAY_DETECTED,MONITOR
2026-10-07T01:43:53.467,0x180,ADAS,21,20,True,True,True,False,True,30,MEDIUM,REPLAY_DETECTED,MONITOR
2026-10-07T01:43:53.480,0x100,BRAKE,101,100,True,True,True,False,True,30,MEDIUM,REPLAY_DETECTED,MONITOR
2026-10-07T01:43:53.487,0x100,BRAKE,101,100,True,True,True,False,True,30,MEDIUM,REPLAY_DETECTED,MONITOR
2026-10-07T01:43:53.500,0x100,BRAKE,101,100,True,True,True,False,True,30,MEDIUM,REPLAY_DETECTED,MONITOR
2026-10-07T01:43:53.501,0x120,STEERING,51,50,True,True,True,False,True,30,MEDIUM,REPLAY_DETECTED,MONITOR
2026-10-07T01:43:53.509,0x100,BRAKE,101,100,True,True,True,False,True,30,MEDIUM,REPLAY_DETECTED,MONITOR
2026-10-07T01:43:53.516,0x100,BRAKE,101,100,True,True,True,False,True,30,MEDIUM,REPLAY_DETECTED,MONITOR
2026-10-07T01:43:53.517,0x200,SPEED,53,50,True,True,True,False,True,30,MEDIUM,REPLAY_DETECTED,MONITOR
2026-10-07T01:43:53.518,0x300,INSTRUMENT,11,10,True,True,True,False,True,30,MEDIUM,REPLAY_DETECTED,MONITOR
2026-10-07T01:43:53.532,0x100,BRAKE,101,100,True,True,True,False,True,30,MEDIUM,REPLAY_DETECTED,MONITOR
2026-10-07T01:43:53.539,0x100,BRAKE,100,100,True,True,True,False,True,30,MEDIUM,REPLAY_DETECTED,MONITOR
2026-10-07T01:43:53.540,0x200,SPEED,51,50,True,True,True,False,True,30,MEDIUM,REPLAY_DETECTED,MONITOR
2026-10-07T01:43:53.547,0x100,BRAKE,100,100,True,True,True,False,True,30,MEDIUM,REPLAY_DETECTED,MONITOR
2026-10-07T01:43:53.560,0x100,BRAKE,100,100,True,True,True,False,True,30,MEDIUM,REPLAY_DETECTED,MONITOR
2026-10-07T01:43:53.561,0x200,SPEED,51,50,True,True,True,False,True,30,MEDIUM,REPLAY_DETECTED,MONITOR
2026-10-07T01:43:53.567,0x100,BRAKE,100,100,True,True,True,False,True,30,MEDIUM,REPLAY_DETECTED,MONITOR
2026-10-07T01:43:53.568,0x180,ADAS,21,20,True,True,True,False,True,30,MEDIUM,REPLAY_DETECTED,MONITOR
2026-10-07T01:43:53.580,0x100,BRAKE,101,100,True,True,True,False,True,30,MEDIUM,REPLAY_DETECTED,MONITOR
2026-10-07T01:43:53.582,0x200,SPEED,52,50,True,True,True,False,True,30,MEDIUM,REPLAY_DETECTED,MONITOR
2026-10-07T01:43:53.590,0x100,BRAKE,100,100,True,True,True,False,True,30,MEDIUM,REPLAY_DETECTED,MONITOR
2026-10-07T01:43:53.597,0x100,BRAKE,101,100,True,True,True,False,True,30,MEDIUM,REPLAY_DETECTED,MONITOR
2026-10-07T01:43:53.597,0x200,SPEED,52,50,True,True,True,False,True,30,MEDIUM,REPLAY_DETECTED,MONITOR
2026-10-07T01:43:53.610,0x100,BRAKE,100,100,True,True,True,False,True,30,MEDIUM,REPLAY_DETECTED,MONITOR
2026-10-07T01:43:53.617,0x100,BRAKE,101,100,True,True,True,False,True,30,MEDIUM,REPLAY_DETECTED,MONITOR
2026-10-07T01:43:53.617,0x180,ADAS,21,20,True,True,True,False,True,30,MEDIUM,REPLAY_DETECTED,MONITOR
2026-10-07T01:43:53.618,0x200,SPEED,51,50,True,True,True,False,True,30,MEDIUM,REPLAY_DETECTED,MONITOR
2026-10-07T01:43:53.630,0x100,BRAKE,101,100,True,True,True,False,True,30,MEDIUM,REPLAY_DETECTED,MONITOR
2026-10-07T01:43:53.637,0x100,BRAKE,101,100,True,True,True,False,True,30,MEDIUM,REPLAY_DETECTED,MONITOR
2026-10-07T01:43:53.637,0x200,SPEED,52,50,True,True,True,False,True,30,MEDIUM,REPLAY_DETECTED,MONITOR
2026-10-07T01:43:53.650,0x100,BRAKE,100,100,True,True,True,False,True,30,MEDIUM,REPLAY_DETECTED,MONITOR
2026-10-07T01:43:53.656,0x100,BRAKE,101,100,True,True,True,False,True,30,MEDIUM,REPLAY_DETECTED,MONITOR
2026-10-07T01:43:53.657,0x200,SPEED,52,50,True,True,True,False,True,30,MEDIUM,REPLAY_DETECTED,MONITOR
2026-10-07T01:43:53.670,0x100,BRAKE,100,100,True,True,True,False,True,30,MEDIUM,REPLAY_DETECTED,MONITOR
2026-10-07T01:43:53.678,0x100,BRAKE,100,100,True,True,True,False,True,30,MEDIUM,REPLAY_DETECTED,MONITOR
2026-10-07T01:43:53.679,0x200,SPEED,51,50,True,True,True,False,True,30,MEDIUM,REPLAY_DETECTED,MONITOR
2026-10-07T01:43:53.691,0x100,BRAKE,101,100,True,True,True,False,True,30,MEDIUM,REPLAY_DETECTED,MONITOR
2026-10-07T01:43:53.697,0x100,BRAKE,101,100,True,True,True,False,True,30,MEDIUM,REPLAY_DETECTED,MONITOR
2026-10-07T01:43:53.698,0x200,SPEED,52,50,True,True,True,False,True,30,MEDIUM,REPLAY_DETECTED,MONITOR
2026-10-07T01:43:53.707,0x100,BRAKE,101,100,True,True,True,False,True,30,MEDIUM,REPLAY_DETECTED,MONITOR
2026-10-07T01:43:53.720,0x100,BRAKE,101,100,True,True,True,False,True,30,MEDIUM,REPLAY_DETECTED,MONITOR
2026-10-07T01:43:53.721,0x180,ADAS,20,20,True,True,True,False,True,30,MEDIUM,REPLAY_DETECTED,MONITOR
2026-10-07T01:43:53.725,0x200,SPEED,51,50,True,True,True,False,True,30,MEDIUM,REPLAY_DETECTED,MONITOR
2026-10-07T01:43:53.726,0x300,INSTRUMENT,10,10,True,True,True,False,True,30,MEDIUM,REPLAY_DETECTED,MONITOR
2026-10-07T01:43:53.732,0x100,BRAKE,101,100,True,True,True,False,True,30,MEDIUM,REPLAY_DETECTED,MONITOR
2026-10-07T01:43:53.745,0x100,BRAKE,100,100,True,True,True,False,True,30,MEDIUM,REPLAY_DETECTED,MONITOR
2026-10-07T01:43:53.752,0x100,BRAKE,100,100,True,True,True,False,True,30,MEDIUM,REPLAY_DETECTED,MONITOR
2026-10-07T01:43:53.759,0x100,BRAKE,100,100,True,True,True,False,True,30,MEDIUM,REPLAY_DETECTED,MONITOR
2026-10-07T01:43:53.760,0x200,SPEED,51,50,True,True,True,False,True,30,MEDIUM,REPLAY_DETECTED,MONITOR
2026-10-07T01:43:53.766,0x100,BRAKE,101,100,True,True,True,False,True,30,MEDIUM,REPLAY_DETECTED,MONITOR
2026-10-07T01:43:53.779,0x100,BRAKE,101,100,True,True,True,False,True,30,MEDIUM,REPLAY_DETECTED,MONITOR
2026-10-07T01:43:53.780,0x200,SPEED,52,50,True,True,True,False,True,30,MEDIUM,REPLAY_DETECTED,MONITOR
2026-10-07T01:43:53.791,0x100,BRAKE,100,100,True,True,True,False,True,30,MEDIUM,REPLAY_DETECTED,MONITOR
2026-10-07T01:43:53.797,0x100,BRAKE,101,100,True,True,True,False,True,30,MEDIUM,REPLAY_DETECTED,MONITOR
2026-10-07T01:43:53.798,0x200,SPEED,52,50,True,True,True,False,True,30,MEDIUM,REPLAY_DETECTED,MONITOR
2026-10-07T01:43:53.811,0x100,BRAKE,100,100,True,True,True,False,True,30,MEDIUM,REPLAY_DETECTED,MONITOR
2026-10-07T01:43:53.819,0x100,BRAKE,100,100,True,True,True,False,True,30,MEDIUM,REPLAY_DETECTED,MONITOR
2026-10-07T01:43:53.820,0x300,INSTRUMENT,10,10,True,True,True,False,True,30,MEDIUM,REPLAY_DETECTED,MONITOR
2026-10-07T01:43:53.827,0x100,BRAKE,101,100,True,True,True,False,True,30,MEDIUM,REPLAY_DETECTED,MONITOR
2026-10-07T01:43:53.843,0x100,BRAKE,100,100,True,True,True,False,True,30,MEDIUM,REPLAY_DETECTED,MONITOR
2026-10-07T01:43:53.844,0x200,SPEED,51,50,True,True,True,False,True,30,MEDIUM,REPLAY_DETECTED,MONITOR
2026-10-07T01:43:53.851,0x100,BRAKE,100,100,True,True,True,False,True,30,MEDIUM,REPLAY_DETECTED,MONITOR
2026-10-07T01:43:53.859,0x100,BRAKE,101,100,True,True,True,False,True,30,MEDIUM,REPLAY_DETECTED,MONITOR
2026-10-07T01:43:53.860,0x200,SPEED,52,50,True,True,True,False,True,30,MEDIUM,REPLAY_DETECTED,MONITOR
2026-10-07T01:43:53.866,0x100,BRAKE,101,100,True,True,True,False,True,30,MEDIUM,REPLAY_DETECTED,MONITOR
2026-10-07T01:43:53.867,0x180,ADAS,21,20,True,True,True,False,True,30,MEDIUM,REPLAY_DETECTED,MONITOR
2026-10-07T01:43:53.880,0x100,BRAKE,101,100,True,True,True,False,True,30,MEDIUM,REPLAY_DETECTED,MONITOR
2026-10-07T01:43:53.881,0x200,SPEED,51,50,True,True,True,False,True,30,MEDIUM,REPLAY_DETECTED,MONITOR
2026-10-07T01:43:53.888,0x100,BRAKE,101,100,True,True,True,False,True,30,MEDIUM,REPLAY_DETECTED,MONITOR
2026-10-07T01:43:53.900,0x100,BRAKE,100,100,True,True,True,False,True,30,MEDIUM,REPLAY_DETECTED,MONITOR
2026-10-07T01:43:53.901,0x200,SPEED,51,50,True,True,True,False,True,30,MEDIUM,REPLAY_DETECTED,MONITOR
2026-10-07T01:43:53.902,0x200,ATTACKER,52,50,True,True,True,False,True,30,MEDIUM,REPLAY_DETECTED,MONITOR
2026-10-07T01:43:53.902,0x200,ATTACKER,53,50,True,True,False,False,True,60,HIGH,INVALID_PAYLOAD|REPLAY_DETECTED,BLOCK
2026-10-07T01:43:53.903,0x200,ATTACKER,54,50,True,True,True,False,True,30,MEDIUM,REPLAY_DETECTED,MONITOR
2026-10-07T01:43:53.904,0x200,ATTACKER,55,50,True,True,True,False,True,30,MEDIUM,REPLAY_DETECTED,MONITOR
2026-10-07T01:43:53.904,0x200,ATTACKER,56,50,True,True,True,False,True,30,MEDIUM,REPLAY_DETECTED,MONITOR
2026-10-07T01:43:53.905,0x200,ATTACKER,57,50,True,True,True,False,True,30,MEDIUM,REPLAY_DETECTED,MONITOR
2026-10-07T01:43:53.910,0x200,ATTACKER,58,50,True,True,True,False,True,30,MEDIUM,REPLAY_DETECTED,MONITOR
2026-10-07T01:43:53.910,0x200,ATTACKER,59,50,True,True,True,False,True,30,MEDIUM,REPLAY_DETECTED,MONITOR
2026-10-07T01:43:53.911,0x200,ATTACKER,60,50,True,True,True,False,True,30,MEDIUM,REPLAY_DETECTED,MONITOR
2026-10-07T01:43:53.911,0x200,ATTACKER,61,50,True,True,True,False,True,30,MEDIUM,REPLAY_DETECTED,MONITOR
2026-10-07T01:43:53.912,0x200,ATTACKER,62,50,True,True,True,False,True,30,MEDIUM,REPLAY_DETECTED,MONITOR
2026-10-07T01:43:53.913,0x200,ATTACKER,63,50,True,True,True,False,True,30,MEDIUM,REPLAY_DETECTED,MONITOR
2026-10-07T01:43:53.913,0x200,ATTACKER,64,50,True,True,True,False,True,30,MEDIUM,REPLAY_DETECTED,MONITOR
2026-10-07T01:43:53.914,0x200,ATTACKER,65,50,True,True,True,False,True,30,MEDIUM,REPLAY_DETECTED,MONITOR
2026-10-07T01:43:53.914,0x200,ATTACKER,66,50,True,True,True,False,True,30,MEDIUM,REPLAY_DETECTED,MONITOR
2026-10-07T01:43:53.915,0x200,ATTACKER,67,50,True,True,True,False,True,30,MEDIUM,REPLAY_DETECTED,MONITOR
2026-10-07T01:43:53.915,0x200,ATTACKER,68,50,True,True,True,False,True,30,MEDIUM,REPLAY_DETECTED,MONITOR
2026-10-07T01:43:53.916,0x200,ATTACKER,69,50,True,True,True,False,True,30,MEDIUM,REPLAY_DETECTED,MONITOR
2026-10-07T01:43:53.917,0x200,ATTACKER,70,50,True,True,True,False,True,30,MEDIUM,REPLAY_DETECTED,MONITOR
2026-10-07T01:43:53.917,0x200,ATTACKER,71,50,True,True,True,False,True,30,MEDIUM,REPLAY_DETECTED,MONITOR
2026-10-07T01:43:53.918,0x200,ATTACKER,71,50,True,True,True,False,True,30,MEDIUM,REPLAY_DETECTED,MONITOR
2026-10-07T01:43:53.918,0x200,ATTACKER,72,50,True,True,True,False,True,30,MEDIUM,REPLAY_DETECTED,MONITOR
2026-10-07T01:43:53.919,0x200,ATTACKER,73,50,True,True,True,False,True,30,MEDIUM,REPLAY_DETECTED,MONITOR
2026-10-07T01:43:53.919,0x200,ATTACKER,74,50,True,True,True,False,True,30,MEDIUM,REPLAY_DETECTED,MONITOR
2026-10-07T01:43:53.920,0x200,ATTACKER,75,50,True,True,True,False,True,30,MEDIUM,REPLAY_DETECTED,MONITOR
2026-10-07T01:43:53.920,0x200,ATTACKER,76,50,True,True,True,False,True,30,MEDIUM,REPLAY_DETECTED,MONITOR
2026-10-07T01:43:53.921,0x200,ATTACKER,77,50,True,True,True,False,True,30,MEDIUM,REPLAY_DETECTED,MONITOR
2026-10-07T01:43:53.921,0x200,ATTACKER,78,50,True,True,True,False,True,30,MEDIUM,REPLAY_DETECTED,MONITOR
2026-10-07T01:43:53.922,0x200,ATTACKER,79,50,True,True,True,False,True,30,MEDIUM,REPLAY_DETECTED,MONITOR
2026-10-07T01:43:53.922,0x200,ATTACKER,80,50,True,True,True,False,True,30,MEDIUM,REPLAY_DETECTED,MONITOR
2026-10-07T01:43:53.923,0x200,ATTACKER,81,50,True,True,True,False,True,30,MEDIUM,REPLAY_DETECTED,MONITOR
2026-10-07T01:43:53.924,0x200,ATTACKER,82,50,True,True,True,False,True,30,MEDIUM,REPLAY_DETECTED,MONITOR
2026-10-07T01:43:53.924,0x200,ATTACKER,83,50,True,True,True,False,True,30,MEDIUM,REPLAY_DETECTED,MONITOR
2026-10-07T01:43:53.925,0x200,ATTACKER,84,50,True,True,True,False,True,30,MEDIUM,REPLAY_DETECTED,MONITOR
2026-10-07T01:43:53.925,0x200,ATTACKER,85,50,True,True,True,False,True,30,MEDIUM,REPLAY_DETECTED,MONITOR
2026-10-07T01:43:53.926,0x200,ATTACKER,86,50,True,True,True,False,True,30,MEDIUM,REPLAY_DETECTED,MONITOR
2026-10-07T01:43:53.926,0x200,ATTACKER,87,50,True,True,True,False,True,30,MEDIUM,REPLAY_DETECTED,MONITOR
2026-10-07T01:43:53.926,0x200,ATTACKER,88,50,True,True,True,False,True,30,MEDIUM,REPLAY_DETECTED,MONITOR
2026-10-07T01:43:53.927,0x200,ATTACKER,89,50,True,True,True,False,True,30,MEDIUM,REPLAY_DETECTED,MONITOR
2026-10-07T01:43:53.927,0x200,ATTACKER,90,50,True,True,True,False,True,30,MEDIUM,REPLAY_DETECTED,MONITOR
2026-10-07T01:43:53.928,0x200,ATTACKER,91,50,True,True,True,False,True,30,MEDIUM,REPLAY_DETECTED,MONITOR
2026-10-07T01:43:53.928,0x200,ATTACKER,92,50,True,True,True,False,True,30,MEDIUM,REPLAY_DETECTED,MONITOR
2026-10-07T01:43:53.928,0x200,ATTACKER,93,50,True,True,True,False,True,30,MEDIUM,REPLAY_DETECTED,MONITOR
2026-10-07T01:43:53.929,0x200,ATTACKER,94,50,True,True,True,False,True,30,MEDIUM,REPLAY_DETECTED,MONITOR
2026-10-07T01:43:53.929,0x200,ATTACKER,95,50,True,True,True,False,True,30,MEDIUM,REPLAY_DETECTED,MONITOR
2026-10-07T01:43:53.930,0x200,ATTACKER,96,50,True,True,True,False,True,30,MEDIUM,REPLAY_DETECTED,MONITOR
2026-10-07T01:43:53.930,0x200,ATTACKER,97,50,True,True,True,False,True,30,MEDIUM,REPLAY_DETECTED,MONITOR
2026-10-07T01:43:53.930,0x200,ATTACKER,98,50,True,True,True,False,True,30,MEDIUM,REPLAY_DETECTED,MONITOR
2026-10-07T01:43:53.931,0x200,ATTACKER,99,50,True,True,True,False,True,30,MEDIUM,REPLAY_DETECTED,MONITOR
2026-10-07T01:43:53.931,0x200,ATTACKER,100,50,True,True,True,False,True,30,MEDIUM,REPLAY_DETECTED,MONITOR
2026-10-07T01:43:53.931,0x200,ATTACKER,101,50,True,True,True,True,True,60,HIGH,ABNORMAL_MESSAGE_RATE|REPLAY_DETECTED,BLOCK
2026-10-07T01:43:53.932,0x200,ATTACKER,102,50,True,True,True,True,True,60,HIGH,ABNORMAL_MESSAGE_RATE|REPLAY_DETECTED,BLOCK
2026-10-07T01:43:53.932,0x200,ATTACKER,103,50,True,True,True,True,True,60,HIGH,ABNORMAL_MESSAGE_RATE|REPLAY_DETECTED,BLOCK
2026-10-07T01:43:53.932,0x200,ATTACKER,104,50,True,True,True,True,True,60,HIGH,ABNORMAL_MESSAGE_RATE|REPLAY_DETECTED,BLOCK
2026-10-07T01:43:53.933,0x200,ATTACKER,105,50,True,True,True,True,True,60,HIGH,ABNORMAL_MESSAGE_RATE|REPLAY_DETECTED,BLOCK
2026-10-07T01:43:53.933,0x200,ATTACKER,106,50,True,True,True,True,True,60,HIGH,ABNORMAL_MESSAGE_RATE|REPLAY_DETECTED,BLOCK
2026-10-07T01:43:53.933,0x200,ATTACKER,107,50,True,True,True,True,True,60,HIGH,ABNORMAL_MESSAGE_RATE|REPLAY_DETECTED,BLOCK
2026-10-07T01:43:53.934,0x200,ATTACKER,108,50,True,True,True,True,True,60,HIGH,ABNORMAL_MESSAGE_RATE|REPLAY_DETECTED,BLOCK
2026-10-07T01:43:53.934,0x200,ATTACKER,109,50,True,True,True,True,True,60,HIGH,ABNORMAL_MESSAGE_RATE|REPLAY_DETECTED,BLOCK
2026-10-07T01:43:53.934,0x200,ATTACKER,110,50,True,True,True,True,True,60,HIGH,ABNORMAL_MESSAGE_RATE|REPLAY_DETECTED,BLOCK
2026-10-07T01:43:53.935,0x200,ATTACKER,111,50,True,True,True,True,True,60,HIGH,ABNORMAL_MESSAGE_RATE|REPLAY_DETECTED,BLOCK
2026-10-07T01:43:53.935,0x200,ATTACKER,112,50,True,True,True,True,True,60,HIGH,ABNORMAL_MESSAGE_RATE|REPLAY_DETECTED,BLOCK
2026-10-07T01:43:53.935,0x200,ATTACKER,113,50,True,True,True,True,True,60,HIGH,ABNORMAL_MESSAGE_RATE|REPLAY_DETECTED,BLOCK
2026-10-07T01:43:53.936,0x200,ATTACKER,114,50,True,True,True,True,True,60,HIGH,ABNORMAL_MESSAGE_RATE|REPLAY_DETECTED,BLOCK
2026-10-07T01:43:53.936,0x200,ATTACKER,115,50,True,True,True,True,True,60,HIGH,ABNORMAL_MESSAGE_RATE|REPLAY_DETECTED,BLOCK
2026-10-07T01:43:53.936,0x200,ATTACKER,116,50,True,True,True,True,True,60,HIGH,ABNORMAL_MESSAGE_RATE|REPLAY_DETECTED,BLOCK
2026-10-07T01:43:53.937,0x200,ATTACKER,117,50,True,True,True,True,True,60,HIGH,ABNORMAL_MESSAGE_RATE|REPLAY_DETECTED,BLOCK
2026-10-07T01:43:53.937,0x200,ATTACKER,118,50,True,True,True,True,True,60,HIGH,ABNORMAL_MESSAGE_RATE|REPLAY_DETECTED,BLOCK
2026-10-07T01:43:53.937,0x200,ATTACKER,119,50,True,True,True,True,True,60,HIGH,ABNORMAL_MESSAGE_RATE|REPLAY_DETECTED,BLOCK
2026-10-07T01:43:53.938,0x200,ATTACKER,120,50,True,True,True,True,True,60,HIGH,ABNORMAL_MESSAGE_RATE|REPLAY_DETECTED,BLOCK
2026-10-07T01:43:53.938,0x200,ATTACKER,121,50,True,True,True,True,True,60,HIGH,ABNORMAL_MESSAGE_RATE|REPLAY_DETECTED,BLOCK
2026-10-07T01:43:53.938,0x200,ATTACKER,122,50,True,True,True,True,True,60,HIGH,ABNORMAL_MESSAGE_RATE|REPLAY_DETECTED,BLOCK
2026-10-07T01:43:53.939,0x200,ATTACKER,122,50,True,True,True,True,True,60,HIGH,ABNORMAL_MESSAGE_RATE|REPLAY_DETECTED,BLOCK
2026-10-07T01:43:53.939,0x200,ATTACKER,123,50,True,True,True,True,True,60,HIGH,ABNORMAL_MESSAGE_RATE|REPLAY_DETECTED,BLOCK
2026-10-07T01:43:53.940,0x200,ATTACKER,124,50,True,True,True,True,True,60,HIGH,ABNORMAL_MESSAGE_RATE|REPLAY_DETECTED,BLOCK
2026-10-07T01:43:53.940,0x200,ATTACKER,125,50,True,True,True,True,True,60,HIGH,ABNORMAL_MESSAGE_RATE|REPLAY_DETECTED,BLOCK
2026-10-07T01:43:53.940,0x200,ATTACKER,126,50,True,True,True,True,True,60,HIGH,ABNORMAL_MESSAGE_RATE|REPLAY_DETECTED,BLOCK
2026-10-07T01:43:53.941,0x200,ATTACKER,127,50,True,True,True,True,True,60,HIGH,ABNORMAL_MESSAGE_RATE|REPLAY_DETECTED,BLOCK
2026-10-07T01:43:53.941,0x200,ATTACKER,128,50,True,True,True,True,True,60,HIGH,ABNORMAL_MESSAGE_RATE|REPLAY_DETECTED,BLOCK
2026-10-07T01:43:53.941,0x200,ATTACKER,129,50,True,True,True,True,True,60,HIGH,ABNORMAL_MESSAGE_RATE|REPLAY_DETECTED,BLOCK
2026-10-07T01:43:53.942,0x200,ATTACKER,130,50,True,True,True,True,True,60,HIGH,ABNORMAL_MESSAGE_RATE|REPLAY_DETECTED,BLOCK
2026-10-07T01:43:53.942,0x200,ATTACKER,131,50,True,True,True,True,True,60,HIGH,ABNORMAL_MESSAGE_RATE|REPLAY_DETECTED,BLOCK
2026-10-07T01:43:53.942,0x200,ATTACKER,132,50,True,True,True,True,True,60,HIGH,ABNORMAL_MESSAGE_RATE|REPLAY_DETECTED,BLOCK
2026-10-07T01:43:53.943,0x200,ATTACKER,133,50,True,True,True,True,True,60,HIGH,ABNORMAL_MESSAGE_RATE|REPLAY_DETECTED,BLOCK
2026-10-07T01:43:53.943,0x200,ATTACKER,134,50,True,True,True,True,True,60,HIGH,ABNORMAL_MESSAGE_RATE|REPLAY_DETECTED,BLOCK
2026-10-07T01:43:53.943,0x200,ATTACKER,135,50,True,True,True,True,True,60,HIGH,ABNORMAL_MESSAGE_RATE|REPLAY_DETECTED,BLOCK
2026-10-07T01:43:53.944,0x200,ATTACKER,136,50,True,True,True,True,True,60,HIGH,ABNORMAL_MESSAGE_RATE|REPLAY_DETECTED,BLOCK
2026-10-07T01:43:53.944,0x200,ATTACKER,137,50,True,True,True,True,True,60,HIGH,ABNORMAL_MESSAGE_RATE|REPLAY_DETECTED,BLOCK
2026-10-07T01:43:53.944,0x200,ATTACKER,138,50,True,True,True,True,True,60,HIGH,ABNORMAL_MESSAGE_RATE|REPLAY_DETECTED,BLOCK
2026-10-07T01:43:53.944,0x200,ATTACKER,139,50,True,True,True,True,True,60,HIGH,ABNORMAL_MESSAGE_RATE|REPLAY_DETECTED,BLOCK
2026-10-07T01:43:53.945,0x200,ATTACKER,140,50,True,True,True,True,True,60,HIGH,ABNORMAL_MESSAGE_RATE|REPLAY_DETECTED,BLOCK
2026-10-07T01:43:53.945,0x200,ATTACKER,141,50,True,True,True,True,True,60,HIGH,ABNORMAL_MESSAGE_RATE|REPLAY_DETECTED,BLOCK
2026-10-07T01:43:53.945,0x200,ATTACKER,142,50,True,True,True,True,True,60,HIGH,ABNORMAL_MESSAGE_RATE|REPLAY_DETECTED,BLOCK
2026-10-07T01:43:53.946,0x200,ATTACKER,143,50,True,True,True,True,True,60,HIGH,ABNORMAL_MESSAGE_RATE|REPLAY_DETECTED,BLOCK
2026-10-07T01:43:53.946,0x200,ATTACKER,144,50,True,True,True,True,True,60,HIGH,ABNORMAL_MESSAGE_RATE|REPLAY_DETECTED,BLOCK
2026-10-07T01:43:53.946,0x200,ATTACKER,145,50,True,True,True,True,True,60,HIGH,ABNORMAL_MESSAGE_RATE|REPLAY_DETECTED,BLOCK
2026-10-07T01:43:53.947,0x200,ATTACKER,146,50,True,True,True,True,True,60,HIGH,ABNORMAL_MESSAGE_RATE|REPLAY_DETECTED,BLOCK
2026-10-07T01:43:53.947,0x200,ATTACKER,147,50,True,True,True,True,True,60,HIGH,ABNORMAL_MESSAGE_RATE|REPLAY_DETECTED,BLOCK
2026-10-07T01:43:53.947,0x200,ATTACKER,148,50,True,True,True,True,True,60,HIGH,ABNORMAL_MESSAGE_RATE|REPLAY_DETECTED,BLOCK
2026-10-07T01:43:53.948,0x200,ATTACKER,149,50,True,True,True,True,True,60,HIGH,ABNORMAL_MESSAGE_RATE|REPLAY_DETECTED,BLOCK
2026-10-07T01:43:53.948,0x200,ATTACKER,150,50,True,True,True,True,True,60,HIGH,ABNORMAL_MESSAGE_RATE|REPLAY_DETECTED,BLOCK
2026-10-07T01:43:53.948,0x200,ATTACKER,151,50,True,True,True,True,True,60,HIGH,ABNORMAL_MESSAGE_RATE|REPLAY_DETECTED,BLOCK
2026-10-07T01:43:53.949,0x200,ATTACKER,152,50,True,True,True,True,True,60,HIGH,ABNORMAL_MESSAGE_RATE|REPLAY_DETECTED,BLOCK
2026-10-07T01:43:53.949,0x200,ATTACKER,153,50,True,True,True,True,True,60,HIGH,ABNORMAL_MESSAGE_RATE|REPLAY_DETECTED,BLOCK
2026-10-07T01:43:53.949,0x200,ATTACKER,154,50,True,True,True,True,True,60,HIGH,ABNORMAL_MESSAGE_RATE|REPLAY_DETECTED,BLOCK
2026-10-07T01:43:53.950,0x200,ATTACKER,155,50,True,True,True,True,True,60,HIGH,ABNORMAL_MESSAGE_RATE|REPLAY_DETECTED,BLOCK
2026-10-07T01:43:53.950,0x200,ATTACKER,156,50,True,True,True,True,True,60,HIGH,ABNORMAL_MESSAGE_RATE|REPLAY_DETECTED,BLOCK
2026-10-07T01:43:53.950,0x200,ATTACKER,157,50,True,True,True,True,True,60,HIGH,ABNORMAL_MESSAGE_RATE|REPLAY_DETECTED,BLOCK
2026-10-07T01:43:53.951,0x200,ATTACKER,158,50,True,True,True,True,True,60,HIGH,ABNORMAL_MESSAGE_RATE|REPLAY_DETECTED,BLOCK
2026-10-07T01:43:53.951,0x200,ATTACKER,159,50,True,True,True,True,True,60,HIGH,ABNORMAL_MESSAGE_RATE|REPLAY_DETECTED,BLOCK
2026-10-07T01:43:53.951,0x200,ATTACKER,160,50,True,True,True,True,True,60,HIGH,ABNORMAL_MESSAGE_RATE|REPLAY_DETECTED,BLOCK
2026-10-07T01:43:53.952,0x200,ATTACKER,161,50,True,True,True,True,True,60,HIGH,ABNORMAL_MESSAGE_RATE|REPLAY_DETECTED,BLOCK
2026-10-07T01:43:53.952,0x200,ATTACKER,162,50,True,True,True,True,True,60,HIGH,ABNORMAL_MESSAGE_RATE|REPLAY_DETECTED,BLOCK
2026-10-07T01:43:53.952,0x200,ATTACKER,163,50,True,True,True,True,True,60,HIGH,ABNORMAL_MESSAGE_RATE|REPLAY_DETECTED,BLOCK
2026-10-07T01:43:53.953,0x200,ATTACKER,164,50,True,True,True,True,True,60,HIGH,ABNORMAL_MESSAGE_RATE|REPLAY_DETECTED,BLOCK
2026-10-07T01:43:53.953,0x200,ATTACKER,165,50,True,True,True,True,True,60,HIGH,ABNORMAL_MESSAGE_RATE|REPLAY_DETECTED,BLOCK
2026-10-07T01:43:53.953,0x200,ATTACKER,166,50,True,True,True,True,True,60,HIGH,ABNORMAL_MESSAGE_RATE|REPLAY_DETECTED,BLOCK
2026-10-07T01:43:53.954,0x200,ATTACKER,167,50,True,True,True,True,True,60,HIGH,ABNORMAL_MESSAGE_RATE|REPLAY_DETECTED,BLOCK
2026-10-07T01:43:53.954,0x200,ATTACKER,168,50,True,True,True,True,True,60,HIGH,ABNORMAL_MESSAGE_RATE|REPLAY_DETECTED,BLOCK
2026-10-07T01:43:53.954,0x200,ATTACKER,169,50,True,True,True,True,True,60,HIGH,ABNORMAL_MESSAGE_RATE|REPLAY_DETECTED,BLOCK
2026-10-07T01:43:53.955,0x200,ATTACKER,170,50,True,True,True,True,True,60,HIGH,ABNORMAL_MESSAGE_RATE|REPLAY_DETECTED,BLOCK
2026-10-07T01:43:53.955,0x200,ATTACKER,171,50,True,True,True,True,True,60,HIGH,ABNORMAL_MESSAGE_RATE|REPLAY_DETECTED,BLOCK
2026-10-07T01:43:53.956,0x200,ATTACKER,172,50,True,True,True,True,True,60,HIGH,ABNORMAL_MESSAGE_RATE|REPLAY_DETECTED,BLOCK
2026-10-07T01:43:53.956,0x200,ATTACKER,173,50,True,True,True,True,True,60,HIGH,ABNORMAL_MESSAGE_RATE|REPLAY_DETECTED,BLOCK
2026-10-07T01:43:53.956,0x200,ATTACKER,174,50,True,True,True,True,True,60,HIGH,ABNORMAL_MESSAGE_RATE|REPLAY_DETECTED,BLOCK
2026-10-07T01:43:53.957,0x200,ATTACKER,175,50,True,True,True,True,True,60,HIGH,ABNORMAL_MESSAGE_RATE|REPLAY_DETECTED,BLOCK
2026-10-07T01:43:53.957,0x200,ATTACKER,176,50,True,True,True,True,True,60,HIGH,ABNORMAL_MESSAGE_RATE|REPLAY_DETECTED,BLOCK
2026-10-07T01:43:53.957,0x200,ATTACKER,177,50,True,True,True,True,True,60,HIGH,ABNORMAL_MESSAGE_RATE|REPLAY_DETECTED,BLOCK
2026-10-07T01:43:53.958,0x200,ATTACKER,178,50,True,True,True,True,True,60,HIGH,ABNORMAL_MESSAGE_RATE|REPLAY_DETECTED,BLOCK
2026-10-07T01:43:53.958,0x200,ATTACKER,179,50,True,True,True,True,True,60,HIGH,ABNORMAL_MESSAGE_RATE|REPLAY_DETECTED,BLOCK
2026-10-07T01:43:53.958,0x200,ATTACKER,180,50,True,True,True,True,True,60,HIGH,ABNORMAL_MESSAGE_RATE|REPLAY_DETECTED,BLOCK
2026-10-07T01:43:53.959,0x200,ATTACKER,181,50,True,True,True,True,True,60,HIGH,ABNORMAL_MESSAGE_RATE|REPLAY_DETECTED,BLOCK
2026-10-07T01:43:53.959,0x200,ATTACKER,182,50,True,True,True,True,True,60,HIGH,ABNORMAL_MESSAGE_RATE|REPLAY_DETECTED,BLOCK
2026-10-07T01:43:53.959,0x200,ATTACKER,183,50,True,True,True,True,True,60,HIGH,ABNORMAL_MESSAGE_RATE|REPLAY_DETECTED,BLOCK
2026-10-07T01:43:53.960,0x200,ATTACKER,184,50,True,True,True,True,True,60,HIGH,ABNORMAL_MESSAGE_RATE|REPLAY_DETECTED,BLOCK
2026-10-07T01:43:53.960,0x200,ATTACKER,185,50,True,True,True,True,True,60,HIGH,ABNORMAL_MESSAGE_RATE|REPLAY_DETECTED,BLOCK
2026-10-07T01:43:53.960,0x200,ATTACKER,186,50,True,True,True,True,True,60,HIGH,ABNORMAL_MESSAGE_RATE|REPLAY_DETECTED,BLOCK
2026-10-07T01:43:53.961,0x200,ATTACKER,186,50,True,True,True,True,True,60,HIGH,ABNORMAL_MESSAGE_RATE|REPLAY_DETECTED,BLOCK
2026-10-07T01:43:53.961,0x200,ATTACKER,187,50,True,True,True,True,True,60,HIGH,ABNORMAL_MESSAGE_RATE|REPLAY_DETECTED,BLOCK
2026-10-07T01:43:53.961,0x200,ATTACKER,188,50,True,True,True,True,True,60,HIGH,ABNORMAL_MESSAGE_RATE|REPLAY_DETECTED,BLOCK
2026-10-07T01:43:53.962,0x200,ATTACKER,189,50,True,True,True,True,True,60,HIGH,ABNORMAL_MESSAGE_RATE|REPLAY_DETECTED,BLOCK
2026-10-07T01:43:53.962,0x200,ATTACKER,190,50,True,True,True,True,True,60,HIGH,ABNORMAL_MESSAGE_RATE|REPLAY_DETECTED,BLOCK
2026-10-07T01:43:53.962,0x200,ATTACKER,191,50,True,True,True,True,True,60,HIGH,ABNORMAL_MESSAGE_RATE|REPLAY_DETECTED,BLOCK
2026-10-07T01:43:53.963,0x200,ATTACKER,192,50,True,True,True,True,True,60,HIGH,ABNORMAL_MESSAGE_RATE|REPLAY_DETECTED,BLOCK
2026-10-07T01:43:53.963,0x200,ATTACKER,193,50,True,True,True,True,True,60,HIGH,ABNORMAL_MESSAGE_RATE|REPLAY_DETECTED,BLOCK
2026-10-07T01:43:53.963,0x200,ATTACKER,194,50,True,True,True,True,True,60,HIGH,ABNORMAL_MESSAGE_RATE|REPLAY_DETECTED,BLOCK
2026-10-07T01:43:53.964,0x200,ATTACKER,195,50,True,True,True,True,True,60,HIGH,ABNORMAL_MESSAGE_RATE|REPLAY_DETECTED,BLOCK
2026-10-07T01:43:53.964,0x200,ATTACKER,196,50,True,True,True,True,True,60,HIGH,ABNORMAL_MESSAGE_RATE|REPLAY_DETECTED,BLOCK
2026-10-07T01:43:53.964,0x200,ATTACKER,197,50,True,True,True,True,True,60,HIGH,ABNORMAL_MESSAGE_RATE|REPLAY_DETECTED,BLOCK
2026-10-07T01:43:53.964,0x200,ATTACKER,198,50,True,True,True,True,True,60,HIGH,ABNORMAL_MESSAGE_RATE|REPLAY_DETECTED,BLOCK
2026-10-07T01:43:53.965,0x200,ATTACKER,199,50,True,True,True,True,True,60,HIGH,ABNORMAL_MESSAGE_RATE|REPLAY_DETECTED,BLOCK
2026-10-07T01:43:53.965,0x200,ATTACKER,200,50,True,True,True,True,True,60,HIGH,ABNORMAL_MESSAGE_RATE|REPLAY_DETECTED,BLOCK
2026-10-07T01:43:53.965,0x200,ATTACKER,201,50,True,True,True,True,True,60,HIGH,ABNORMAL_MESSAGE_RATE|REPLAY_DETECTED,BLOCK
2026-10-07T01:43:53.966,0x200,ATTACKER,202,50,True,True,True,True,True,60,HIGH,ABNORMAL_MESSAGE_RATE|REPLAY_DETECTED,BLOCK
2026-10-07T01:43:53.966,0x200,ATTACKER,203,50,True,True,True,True,True,60,HIGH,ABNORMAL_MESSAGE_RATE|REPLAY_DETECTED,BLOCK
2026-10-07T01:43:53.966,0x200,ATTACKER,204,50,True,True,True,True,True,60,HIGH,ABNORMAL_MESSAGE_RATE|REPLAY_DETECTED,BLOCK
2026-10-07T01:43:53.967,0x200,ATTACKER,205,50,True,True,True,True,True,60,HIGH,ABNORMAL_MESSAGE_RATE|REPLAY_DETECTED,BLOCK
2026-10-07T01:43:53.967,0x200,ATTACKER,206,50,True,True,True,True,True,60,HIGH,ABNORMAL_MESSAGE_RATE|REPLAY_DETECTED,BLOCK
2026-10-07T01:43:53.967,0x200,ATTACKER,207,50,True,True,True,True,True,60,HIGH,ABNORMAL_MESSAGE_RATE|REPLAY_DETECTED,BLOCK
2026-10-07T01:43:53.968,0x200,ATTACKER,208,50,True,True,True,True,True,60,HIGH,ABNORMAL_MESSAGE_RATE|REPLAY_DETECTED,BLOCK
2026-10-07T01:43:53.968,0x200,ATTACKER,209,50,True,True,True,True,True,60,HIGH,ABNORMAL_MESSAGE_RATE|REPLAY_DETECTED,BLOCK
2026-10-07T01:43:53.968,0x200,ATTACKER,210,50,True,True,True,True,True,60,HIGH,ABNORMAL_MESSAGE_RATE|REPLAY_DETECTED,BLOCK
2026-10-07T01:43:53.969,0x200,ATTACKER,211,50,True,True,True,True,True,60,HIGH,ABNORMAL_MESSAGE_RATE|REPLAY_DETECTED,BLOCK
2026-10-07T01:43:53.969,0x200,ATTACKER,212,50,True,True,True,True,True,60,HIGH,ABNORMAL_MESSAGE_RATE|REPLAY_DETECTED,BLOCK
2026-10-07T01:43:53.969,0x200,ATTACKER,213,50,True,True,True,True,True,60,HIGH,ABNORMAL_MESSAGE_RATE|REPLAY_DETECTED,BLOCK
2026-10-07T01:43:53.970,0x200,ATTACKER,214,50,True,True,True,True,True,60,HIGH,ABNORMAL_MESSAGE_RATE|REPLAY_DETECTED,BLOCK
2026-10-07T01:43:53.970,0x200,ATTACKER,215,50,True,True,True,True,True,60,HIGH,ABNORMAL_MESSAGE_RATE|REPLAY_DETECTED,BLOCK
2026-10-07T01:43:53.970,0x200,ATTACKER,216,50,True,True,True,True,True,60,HIGH,ABNORMAL_MESSAGE_RATE|REPLAY_DETECTED,BLOCK
2026-10-07T01:43:53.971,0x200,ATTACKER,217,50,True,True,True,True,True,60,HIGH,ABNORMAL_MESSAGE_RATE|REPLAY_DETECTED,BLOCK
2026-10-07T01:43:53.971,0x200,ATTACKER,218,50,True,True,True,True,True,60,HIGH,ABNORMAL_MESSAGE_RATE|REPLAY_DETECTED,BLOCK
2026-10-07T01:43:53.971,0x200,ATTACKER,219,50,True,True,True,True,True,60,HIGH,ABNORMAL_MESSAGE_RATE|REPLAY_DETECTED,BLOCK
2026-10-07T01:43:53.972,0x200,ATTACKER,220,50,True,True,True,True,True,60,HIGH,ABNORMAL_MESSAGE_RATE|REPLAY_DETECTED,BLOCK
2026-10-07T01:43:53.972,0x200,ATTACKER,221,50,True,True,True,True,True,60,HIGH,ABNORMAL_MESSAGE_RATE|REPLAY_DETECTED,BLOCK
2026-10-07T01:43:53.973,0x200,ATTACKER,222,50,True,True,True,True,True,60,HIGH,ABNORMAL_MESSAGE_RATE|REPLAY_DETECTED,BLOCK
2026-10-07T01:43:53.973,0x200,ATTACKER,223,50,True,True,True,True,True,60,HIGH,ABNORMAL_MESSAGE_RATE|REPLAY_DETECTED,BLOCK
2026-10-07T01:43:53.973,0x200,ATTACKER,224,50,True,True,True,True,True,60,HIGH,ABNORMAL_MESSAGE_RATE|REPLAY_DETECTED,BLOCK
2026-10-07T01:43:53.974,0x200,ATTACKER,225,50,True,True,True,True,True,60,HIGH,ABNORMAL_MESSAGE_RATE|REPLAY_DETECTED,BLOCK
2026-10-07T01:43:53.974,0x200,ATTACKER,226,50,True,True,True,True,True,60,HIGH,ABNORMAL_MESSAGE_RATE|REPLAY_DETECTED,BLOCK
2026-10-07T01:43:53.974,0x200,ATTACKER,227,50,True,True,True,True,True,60,HIGH,ABNORMAL_MESSAGE_RATE|REPLAY_DETECTED,BLOCK
2026-10-07T01:43:53.975,0x200,ATTACKER,228,50,True,True,True,True,True,60,HIGH,ABNORMAL_MESSAGE_RATE|REPLAY_DETECTED,BLOCK
2026-10-07T01:43:53.975,0x200,ATTACKER,229,50,True,True,True,True,True,60,HIGH,ABNORMAL_MESSAGE_RATE|REPLAY_DETECTED,BLOCK
2026-10-07T01:43:53.975,0x200,ATTACKER,230,50,True,True,True,True,True,60,HIGH,ABNORMAL_MESSAGE_RATE|REPLAY_DETECTED,BLOCK
2026-10-07T01:43:53.976,0x200,ATTACKER,231,50,True,True,True,True,True,60,HIGH,ABNORMAL_MESSAGE_RATE|REPLAY_DETECTED,BLOCK
2026-10-07T01:43:53.976,0x200,ATTACKER,232,50,True,True,True,True,True,60,HIGH,ABNORMAL_MESSAGE_RATE|REPLAY_DETECTED,BLOCK
2026-10-07T01:43:53.976,0x200,ATTACKER,233,50,True,True,True,True,True,60,HIGH,ABNORMAL_MESSAGE_RATE|REPLAY_DETECTED,BLOCK
2026-10-07T01:43:53.977,0x200,ATTACKER,234,50,True,True,True,True,True,60,HIGH,ABNORMAL_MESSAGE_RATE|REPLAY_DETECTED,BLOCK
2026-10-07T01:43:53.977,0x200,ATTACKER,235,50,True,True,True,True,True,60,HIGH,ABNORMAL_MESSAGE_RATE|REPLAY_DETECTED,BLOCK
2026-10-07T01:43:53.977,0x200,ATTACKER,236,50,True,True,True,True,True,60,HIGH,ABNORMAL_MESSAGE_RATE|REPLAY_DETECTED,BLOCK
2026-10-07T01:43:53.978,0x200,ATTACKER,237,50,True,True,True,True,True,60,HIGH,ABNORMAL_MESSAGE_RATE|REPLAY_DETECTED,BLOCK
2026-10-07T01:43:53.978,0x200,ATTACKER,238,50,True,True,True,True,True,60,HIGH,ABNORMAL_MESSAGE_RATE|REPLAY_DETECTED,BLOCK
2026-10-07T01:43:53.978,0x200,ATTACKER,239,50,True,True,True,True,True,60,HIGH,ABNORMAL_MESSAGE_RATE|REPLAY_DETECTED,BLOCK
2026-10-07T01:43:53.979,0x200,ATTACKER,240,50,True,True,True,True,True,60,HIGH,ABNORMAL_MESSAGE_RATE|REPLAY_DETECTED,BLOCK
2026-10-07T01:43:53.979,0x200,ATTACKER,241,50,True,True,True,True,True,60,HIGH,ABNORMAL_MESSAGE_RATE|REPLAY_DETECTED,BLOCK
2026-10-07T01:43:53.979,0x200,ATTACKER,242,50,True,True,True,True,True,60,HIGH,ABNORMAL_MESSAGE_RATE|REPLAY_DETECTED,BLOCK
2026-10-07T01:43:53.980,0x200,ATTACKER,243,50,True,True,True,True,True,60,HIGH,ABNORMAL_MESSAGE_RATE|REPLAY_DETECTED,BLOCK
2026-10-07T01:43:53.980,0x200,ATTACKER,244,50,True,True,True,True,True,60,HIGH,ABNORMAL_MESSAGE_RATE|REPLAY_DETECTED,BLOCK
2026-10-07T01:43:53.980,0x200,ATTACKER,245,50,True,True,True,True,True,60,HIGH,ABNORMAL_MESSAGE_RATE|REPLAY_DETECTED,BLOCK
2026-10-07T01:43:53.980,0x200,ATTACKER,246,50,True,True,True,True,True,60,HIGH,ABNORMAL_MESSAGE_RATE|REPLAY_DETECTED,BLOCK
2026-10-07T01:43:53.981,0x200,ATTACKER,247,50,True,True,True,True,True,60,HIGH,ABNORMAL_MESSAGE_RATE|REPLAY_DETECTED,BLOCK
2026-10-07T01:43:53.981,0x200,ATTACKER,248,50,True,True,True,True,True,60,HIGH,ABNORMAL_MESSAGE_RATE|REPLAY_DETECTED,BLOCK
2026-10-07T01:43:53.981,0x200,ATTACKER,249,50,True,True,True,True,True,60,HIGH,ABNORMAL_MESSAGE_RATE|REPLAY_DETECTED,BLOCK
2026-10-07T01:43:53.982,0x200,ATTACKER,250,50,True,True,True,True,True,60,HIGH,ABNORMAL_MESSAGE_RATE|REPLAY_DETECTED,BLOCK
2026-10-07T01:43:53.988,0x100,BRAKE,93,100,True,True,True,False,True,30,MEDIUM,REPLAY_DETECTED,MONITOR
2026-10-07T01:43:53.989,0x180,ADAS,19,20,True,True,True,False,True,30,MEDIUM,REPLAY_DETECTED,MONITOR
2026-10-07T01:43:53.989,0x200,SPEED,250,50,True,True,True,True,True,60,HIGH,ABNORMAL_MESSAGE_RATE|REPLAY_DETECTED,BLOCK
2026-10-07T01:43:53.990,0x300,INSTRUMENT,10,10,True,True,True,False,True,30,MEDIUM,REPLAY_DETECTED,MONITOR
2026-10-07T01:43:53.996,0x100,BRAKE,93,100,True,True,True,False,True,30,MEDIUM,REPLAY_DETECTED,MONITOR
2026-10-07T01:43:53.997,0x180,ADAS,20,20,True,True,True,False,True,30,MEDIUM,REPLAY_DETECTED,MONITOR
2026-10-07T01:43:53.997,0x200,SPEED,251,50,True,True,True,True,True,60,HIGH,ABNORMAL_MESSAGE_RATE|REPLAY_DETECTED,BLOCK
2026-10-07T01:43:54.004,0x100,BRAKE,93,100,True,True,True,False,True,30,MEDIUM,REPLAY_DETECTED,MONITOR
2026-10-07T01:43:54.004,0x120,STEERING,48,50,True,True,True,False,True,30,MEDIUM,REPLAY_DETECTED,MONITOR
2026-10-07T01:43:54.004,0x200,SPEED,251,50,True,True,True,True,False,30,MEDIUM,ABNORMAL_MESSAGE_RATE,MONITOR
2026-10-07T01:43:54.011,0x100,BRAKE,93,100,True,True,True,False,True,30,MEDIUM,REPLAY_DETECTED,MONITOR
2026-10-07T01:43:54.012,0x200,SPEED,252,50,True,True,True,True,True,60,HIGH,ABNORMAL_MESSAGE_RATE|REPLAY_DETECTED,BLOCK
2026-10-07T01:43:54.018,0x100,BRAKE,94,100,True,True,True,False,True,30,MEDIUM,REPLAY_DETECTED,MONITOR
2026-10-07T01:43:54.019,0x180,ADAS,21,20,True,True,True,False,True,30,MEDIUM,REPLAY_DETECTED,MONITOR
2026-10-07T01:43:54.019,0x200,SPEED,253,50,True,True,True,True,True,60,HIGH,ABNORMAL_MESSAGE_RATE|REPLAY_DETECTED,BLOCK
2026-10-07T01:43:54.026,0x100,BRAKE,94,100,True,True,True,False,True,30,MEDIUM,REPLAY_DETECTED,MONITOR
2026-10-07T01:43:54.026,0x200,SPEED,253,50,True,True,True,True,True,60,HIGH,ABNORMAL_MESSAGE_RATE|REPLAY_DETECTED,BLOCK
2026-10-07T01:43:54.033,0x100,BRAKE,94,100,True,True,True,False,True,30,MEDIUM,REPLAY_DETECTED,MONITOR
2026-10-07T01:43:54.039,0x100,BRAKE,94,100,True,True,True,False,True,30,MEDIUM,REPLAY_DETECTED,MONITOR
2026-10-07T01:43:54.040,0x120,STEERING,51,50,True,True,True,False,True,30,MEDIUM,REPLAY_DETECTED,MONITOR
2026-10-07T01:43:54.040,0x200,SPEED,254,50,True,True,True,True,True,60,HIGH,ABNORMAL_MESSAGE_RATE|REPLAY_DETECTED,BLOCK
2026-10-07T01:43:54.047,0x100,BRAKE,95,100,True,True,True,False,True,30,MEDIUM,REPLAY_DETECTED,MONITOR
2026-10-07T01:43:54.053,0x100,BRAKE,95,100,True,True,True,False,True,30,MEDIUM,REPLAY_DETECTED,MONITOR
2026-10-07T01:43:54.060,0x100,BRAKE,96,100,True,True,True,False,True,30,MEDIUM,REPLAY_DETECTED,MONITOR
2026-10-07T01:43:54.060,0x200,SPEED,254,50,True,True,True,True,False,30,MEDIUM,ABNORMAL_MESSAGE_RATE,MONITOR
2026-10-07T01:43:54.067,0x100,BRAKE,96,100,True,True,True,False,True,30,MEDIUM,REPLAY_DETECTED,MONITOR
2026-10-07T01:43:54.074,0x100,BRAKE,96,100,True,True,True,False,True,30,MEDIUM,REPLAY_DETECTED,MONITOR
2026-10-07T01:43:54.080,0x100,BRAKE,96,100,True,True,True,False,True,30,MEDIUM,REPLAY_DETECTED,MONITOR
2026-10-07T01:43:54.081,0x200,SPEED,254,50,True,True,True,True,False,30,MEDIUM,ABNORMAL_MESSAGE_RATE,MONITOR
2026-10-07T01:43:54.087,0x100,BRAKE,97,100,True,True,True,False,True,30,MEDIUM,REPLAY_DETECTED,MONITOR
2026-10-07T01:43:54.094,0x100,BRAKE,97,100,True,True,True,False,True,30,MEDIUM,REPLAY_DETECTED,MONITOR
2026-10-07T01:43:54.101,0x100,BRAKE,97,100,True,True,True,False,True,30,MEDIUM,REPLAY_DETECTED,MONITOR
2026-10-07T01:43:54.101,0x200,SPEED,253,50,True,True,True,True,False,30,MEDIUM,ABNORMAL_MESSAGE_RATE,MONITOR
2026-10-07T01:43:54.107,0x100,BRAKE,97,100,True,True,True,False,True,30,MEDIUM,REPLAY_DETECTED,MONITOR
2026-10-07T01:43:54.114,0x100,BRAKE,98,100,True,True,True,False,True,30,MEDIUM,REPLAY_DETECTED,MONITOR
2026-10-07T01:43:54.121,0x100,BRAKE,98,100,True,True,True,False,True,30,MEDIUM,REPLAY_DETECTED,MONITOR
2026-10-07T01:43:54.121,0x120,STEERING,50,50,True,True,True,False,True,30,MEDIUM,REPLAY_DETECTED,MONITOR
2026-10-07T01:43:54.122,0x180,ADAS,20,20,True,True,True,False,True,30,MEDIUM,REPLAY_DETECTED,MONITOR
2026-10-07T01:43:54.122,0x200,SPEED,253,50,True,True,True,True,True,60,HIGH,ABNORMAL_MESSAGE_RATE|REPLAY_DETECTED,BLOCK
2026-10-07T01:43:54.123,0x300,INSTRUMENT,10,10,True,True,True,False,True,30,MEDIUM,REPLAY_DETECTED,MONITOR
2026-10-07T01:43:54.129,0x100,BRAKE,98,100,True,True,True,False,True,30,MEDIUM,REPLAY_DETECTED,MONITOR
2026-10-07T01:43:54.136,0x100,BRAKE,99,100,True,True,True,False,True,30,MEDIUM,REPLAY_DETECTED,MONITOR
2026-10-07T01:43:54.137,0x200,SPEED,254,50,True,True,True,True,True,60,HIGH,ABNORMAL_MESSAGE_RATE|REPLAY_DETECTED,BLOCK
2026-10-07T01:43:54.144,0x100,BRAKE,99,100,True,True,True,False,True,30,MEDIUM,REPLAY_DETECTED,MONITOR
2026-10-07T01:43:54.150,0x100,BRAKE,99,100,True,True,True,False,True,30,MEDIUM,REPLAY_DETECTED,MONITOR
2026-10-07T01:43:54.157,0x100,BRAKE,100,100,True,True,True,False,True,30,MEDIUM,REPLAY_DETECTED,MONITOR
2026-10-07T01:43:54.158,0x200,SPEED,253,50,True,True,True,True,True,60,HIGH,ABNORMAL_MESSAGE_RATE|REPLAY_DETECTED,BLOCK
2026-10-07T01:43:54.164,0x100,BRAKE,100,100,True,True,True,False,True,30,MEDIUM,REPLAY_DETECTED,MONITOR
2026-10-07T01:43:54.171,0x100,BRAKE,100,100,True,True,True,False,True,30,MEDIUM,REPLAY_DETECTED,MONITOR
2026-10-07T01:43:54.178,0x100,BRAKE,101,100,True,True,True,False,True,30,MEDIUM,REPLAY_DETECTED,MONITOR
2026-10-07T01:43:54.179,0x120,STEERING,51,50,True,True,True,False,True,30,MEDIUM,REPLAY_DETECTED,MONITOR
2026-10-07T01:43:54.179,0x200,SPEED,253,50,True,True,True,True,False,30,MEDIUM,ABNORMAL_MESSAGE_RATE,MONITOR
2026-10-07T01:43:54.192,0x100,BRAKE,100,100,True,True,True,False,True,30,MEDIUM,REPLAY_DETECTED,MONITOR
2026-10-07T01:43:54.199,0x100,BRAKE,100,100,True,True,True,False,True,30,MEDIUM,REPLAY_DETECTED,MONITOR
2026-10-07T01:43:54.199,0x200,SPEED,252,50,True,True,True,True,True,60,HIGH,ABNORMAL_MESSAGE_RATE|REPLAY_DETECTED,BLOCK
2026-10-07T01:43:54.212,0x100,BRAKE,100,100,True,True,True,False,True,30,MEDIUM,REPLAY_DETECTED,MONITOR
2026-10-07T01:43:54.218,0x100,BRAKE,100,100,True,True,True,False,True,30,MEDIUM,REPLAY_DETECTED,MONITOR
2026-10-07T01:43:54.219,0x180,ADAS,21,20,True,True,True,False,True,30,MEDIUM,REPLAY_DETECTED,MONITOR
2026-10-07T01:43:54.219,0x200,SPEED,253,50,True,True,True,True,True,60,HIGH,ABNORMAL_MESSAGE_RATE|REPLAY_DETECTED,BLOCK
2026-10-07T01:43:54.219,0x300,INSTRUMENT,11,10,True,True,True,False,True,30,MEDIUM,REPLAY_DETECTED,MONITOR
2026-10-07T01:43:54.232,0x100,BRAKE,100,100,True,True,True,False,True,30,MEDIUM,REPLAY_DETECTED,MONITOR
2026-10-07T01:43:54.238,0x100,BRAKE,101,100,True,True,True,False,True,30,MEDIUM,REPLAY_DETECTED,MONITOR
2026-10-07T01:43:54.239,0x200,SPEED,253,50,True,True,True,True,True,60,HIGH,ABNORMAL_MESSAGE_RATE|REPLAY_DETECTED,BLOCK
2026-10-07T01:43:54.252,0x100,BRAKE,100,100,True,True,True,False,True,30,MEDIUM,REPLAY_DETECTED,MONITOR
2026-10-07T01:43:54.258,0x100,BRAKE,101,100,True,True,True,False,True,30,MEDIUM,REPLAY_DETECTED,MONITOR
2026-10-07T01:43:54.259,0x200,SPEED,253,50,True,True,True,True,False,30,MEDIUM,ABNORMAL_MESSAGE_RATE,MONITOR
2026-10-07T01:43:54.272,0x100,BRAKE,100,100,True,True,True,False,True,30,MEDIUM,REPLAY_DETECTED,MONITOR
2026-10-07T01:43:54.279,0x100,BRAKE,100,100,True,True,True,False,True,30,MEDIUM,REPLAY_DETECTED,MONITOR
2026-10-07T01:43:54.279,0x200,SPEED,252,50,True,True,True,True,True,60,HIGH,ABNORMAL_MESSAGE_RATE|REPLAY_DETECTED,BLOCK
2026-10-07T01:43:54.286,0x100,BRAKE,101,100,True,True,True,False,True,30,MEDIUM,REPLAY_DETECTED,MONITOR
2026-10-07T01:43:54.299,0x100,BRAKE,101,100,True,True,True,False,True,30,MEDIUM,REPLAY_DETECTED,MONITOR
2026-10-07T01:43:54.300,0x200,SPEED,253,50,True,True,True,True,True,60,HIGH,ABNORMAL_MESSAGE_RATE|REPLAY_DETECTED,BLOCK
2026-10-07T01:43:54.312,0x100,BRAKE,100,100,True,True,True,False,True,30,MEDIUM,REPLAY_DETECTED,MONITOR
2026-10-07T01:43:54.319,0x100,BRAKE,101,100,True,True,True,False,True,30,MEDIUM,REPLAY_DETECTED,MONITOR
2026-10-07T01:43:54.319,0x200,SPEED,253,50,True,True,True,True,False,30,MEDIUM,ABNORMAL_MESSAGE_RATE,MONITOR
2026-10-07T01:43:54.326,0x100,BRAKE,101,100,True,True,True,False,True,30,MEDIUM,REPLAY_DETECTED,MONITOR
2026-10-07T01:43:54.339,0x100,BRAKE,101,100,True,True,True,False,True,30,MEDIUM,REPLAY_DETECTED,MONITOR
2026-10-07T01:43:54.342,0x200,SPEED,253,50,True,True,True,True,False,30,MEDIUM,ABNORMAL_MESSAGE_RATE,MONITOR
2026-10-07T01:43:54.349,0x100,BRAKE,101,100,True,True,True,False,True,30,MEDIUM,REPLAY_DETECTED,MONITOR
2026-10-07T01:43:54.362,0x100,BRAKE,100,100,True,True,True,False,True,30,MEDIUM,REPLAY_DETECTED,MONITOR
2026-10-07T01:43:54.363,0x120,STEERING,50,50,True,True,True,False,True,30,MEDIUM,REPLAY_DETECTED,MONITOR
2026-10-07T01:43:54.364,0x200,SPEED,252,50,True,True,True,True,True,60,HIGH,ABNORMAL_MESSAGE_RATE|REPLAY_DETECTED,BLOCK
2026-10-07T01:43:54.371,0x100,BRAKE,101,100,True,True,True,False,True,30,MEDIUM,REPLAY_DETECTED,MONITOR
2026-10-07T01:43:54.378,0x100,BRAKE,101,100,True,True,True,False,True,30,MEDIUM,REPLAY_DETECTED,MONITOR
2026-10-07T01:43:54.378,0x200,SPEED,253,50,True,True,True,True,True,60,HIGH,ABNORMAL_MESSAGE_RATE|REPLAY_DETECTED,BLOCK
2026-10-07T01:43:54.389,0x100,BRAKE,101,100,True,True,True,False,True,30,MEDIUM,REPLAY_DETECTED,MONITOR
2026-10-07T01:43:54.396,0x100,BRAKE,101,100,True,True,True,False,True,30,MEDIUM,REPLAY_DETECTED,MONITOR
2026-10-07T01:43:54.397,0x200,SPEED,253,50,True,True,True,True,False,30,MEDIUM,ABNORMAL_MESSAGE_RATE,MONITOR
2026-10-07T01:43:54.410,0x100,BRAKE,100,100,True,True,True,False,True,30,MEDIUM,REPLAY_DETECTED,MONITOR
2026-10-07T01:43:54.417,0x100,BRAKE,101,100,True,True,True,False,True,30,MEDIUM,REPLAY_DETECTED,MONITOR
2026-10-07T01:43:54.418,0x180,ADAS,21,20,True,True,True,False,True,30,MEDIUM,REPLAY_DETECTED,MONITOR
2026-10-07T01:43:54.418,0x200,SPEED,253,50,True,True,True,True,True,60,HIGH,ABNORMAL_MESSAGE_RATE|REPLAY_DETECTED,BLOCK
2026-10-07T01:43:54.432,0x100,BRAKE,101,100,True,True,True,False,True,30,MEDIUM,REPLAY_DETECTED,MONITOR
2026-10-07T01:43:54.442,0x100,BRAKE,101,100,True,True,True,False,True,30,MEDIUM,REPLAY_DETECTED,MONITOR
2026-10-07T01:43:54.443,0x200,SPEED,253,50,True,True,True,True,True,60,HIGH,ABNORMAL_MESSAGE_RATE|REPLAY_DETECTED,BLOCK
2026-10-07T01:43:54.449,0x100,BRAKE,101,100,True,True,True,False,True,30,MEDIUM,REPLAY_DETECTED,MONITOR
2026-10-07T01:43:54.462,0x100,BRAKE,100,100,True,True,True,False,True,30,MEDIUM,REPLAY_DETECTED,MONITOR
2026-10-07T01:43:54.463,0x200,SPEED,252,50,True,True,True,True,True,60,HIGH,ABNORMAL_MESSAGE_RATE|REPLAY_DETECTED,BLOCK
2026-10-07T01:43:54.470,0x100,BRAKE,100,100,True,True,True,False,True,30,MEDIUM,REPLAY_DETECTED,MONITOR
2026-10-07T01:43:54.470,0x180,ADAS,20,20,True,True,True,False,True,30,MEDIUM,REPLAY_DETECTED,MONITOR
2026-10-07T01:43:54.477,0x100,BRAKE,101,100,True,True,True,False,True,30,MEDIUM,REPLAY_DETECTED,MONITOR
2026-10-07T01:43:54.479,0x200,SPEED,253,50,True,True,True,True,True,60,HIGH,ABNORMAL_MESSAGE_RATE|REPLAY_DETECTED,BLOCK
2026-10-07T01:43:54.491,0x100,BRAKE,100,100,True,True,True,False,True,30,MEDIUM,REPLAY_DETECTED,MONITOR
2026-10-07T01:43:54.499,0x100,BRAKE,101,100,True,True,True,False,True,30,MEDIUM,REPLAY_DETECTED,MONITOR
2026-10-07T01:43:54.500,0x200,SPEED,253,50,True,True,True,True,True,60,HIGH,ABNORMAL_MESSAGE_RATE|REPLAY_DETECTED,BLOCK
2026-10-07T01:43:54.507,0x100,BRAKE,101,100,True,True,True,False,True,30,MEDIUM,REPLAY_DETECTED,MONITOR
2026-10-07T01:43:54.521,0x100,BRAKE,100,100,True,True,True,False,True,30,MEDIUM,REPLAY_DETECTED,MONITOR
2026-10-07T01:43:54.523,0x180,ADAS,20,20,True,True,True,False,True,30,MEDIUM,REPLAY_DETECTED,MONITOR
2026-10-07T01:43:54.524,0x200,SPEED,252,50,True,True,True,True,True,60,HIGH,ABNORMAL_MESSAGE_RATE|REPLAY_DETECTED,BLOCK
2026-10-07T01:43:54.525,0x300,INSTRUMENT,10,10,True,True,True,False,True,30,MEDIUM,REPLAY_DETECTED,MONITOR
2026-10-07T01:43:54.532,0x100,BRAKE,100,100,True,True,True,False,True,30,MEDIUM,REPLAY_DETECTED,MONITOR
2026-10-07T01:43:54.539,0x100,BRAKE,100,100,True,True,True,False,True,30,MEDIUM,REPLAY_DETECTED,MONITOR
2026-10-07T01:43:54.541,0x200,SPEED,252,50,True,True,True,True,True,60,HIGH,ABNORMAL_MESSAGE_RATE|REPLAY_DETECTED,BLOCK
2026-10-07T01:43:54.549,0x100,BRAKE,100,100,True,True,True,False,True,30,MEDIUM,REPLAY_DETECTED,MONITOR
2026-10-07T01:43:54.560,0x100,BRAKE,101,100,True,True,True,False,True,30,MEDIUM,REPLAY_DETECTED,MONITOR
2026-10-07T01:43:54.561,0x120,STEERING,50,50,True,True,True,False,True,30,MEDIUM,REPLAY_DETECTED,MONITOR
2026-10-07T01:43:54.562,0x200,SPEED,252,50,True,True,True,True,True,60,HIGH,ABNORMAL_MESSAGE_RATE|REPLAY_DETECTED,BLOCK
2026-10-07T01:43:54.569,0x100,BRAKE,100,100,True,True,True,False,True,30,MEDIUM,REPLAY_DETECTED,MONITOR
2026-10-07T01:43:54.570,0x180,ADAS,20,20,True,True,True,False,True,30,MEDIUM,REPLAY_DETECTED,MONITOR
2026-10-07T01:43:54.577,0x100,BRAKE,101,100,True,True,True,False,True,30,MEDIUM,REPLAY_DETECTED,MONITOR
2026-10-07T01:43:54.578,0x200,SPEED,253,50,True,True,True,True,True,60,HIGH,ABNORMAL_MESSAGE_RATE|REPLAY_DETECTED,BLOCK
2026-10-07T01:43:54.592,0x100,BRAKE,100,100,True,True,True,False,True,30,MEDIUM,REPLAY_DETECTED,MONITOR
2026-10-07T01:43:54.598,0x100,BRAKE,100,100,True,True,True,False,True,30,MEDIUM,REPLAY_DETECTED,MONITOR
2026-10-07T01:43:54.599,0x200,SPEED,252,50,True,True,True,True,True,60,HIGH,ABNORMAL_MESSAGE_RATE|REPLAY_DETECTED,BLOCK
2026-10-07T01:43:54.612,0x100,BRAKE,100,100,True,True,True,False,True,30,MEDIUM,REPLAY_DETECTED,MONITOR
2026-10-07T01:43:54.619,0x100,BRAKE,100,100,True,True,True,False,True,30,MEDIUM,REPLAY_DETECTED,MONITOR
2026-10-07T01:43:54.620,0x180,ADAS,20,20,True,True,True,False,True,30,MEDIUM,REPLAY_DETECTED,MONITOR
2026-10-07T01:43:54.621,0x200,SPEED,252,50,True,True,True,True,True,60,HIGH,ABNORMAL_MESSAGE_RATE|REPLAY_DETECTED,BLOCK
2026-10-07T01:43:54.622,0x300,INSTRUMENT,10,10,True,True,True,False,True,30,MEDIUM,REPLAY_DETECTED,MONITOR
2026-10-07T01:43:54.633,0x100,BRAKE,100,100,True,True,True,False,True,30,MEDIUM,REPLAY_DETECTED,MONITOR
2026-10-07T01:43:54.642,0x100,BRAKE,100,100,True,True,True,False,True,30,MEDIUM,REPLAY_DETECTED,MONITOR
2026-10-07T01:43:54.643,0x120,STEERING,50,50,True,True,True,False,True,30,MEDIUM,REPLAY_DETECTED,MONITOR
2026-10-07T01:43:54.644,0x200,SPEED,252,50,True,True,True,True,True,60,HIGH,ABNORMAL_MESSAGE_RATE|REPLAY_DETECTED,BLOCK
2026-10-07T01:43:54.651,0x100,BRAKE,100,100,True,True,True,False,True,30,MEDIUM,REPLAY_DETECTED,MONITOR
2026-10-07T01:43:54.659,0x100,BRAKE,100,100,True,True,True,False,True,30,MEDIUM,REPLAY_DETECTED,MONITOR
2026-10-07T01:43:54.660,0x200,SPEED,252,50,True,True,True,True,True,60,HIGH,ABNORMAL_MESSAGE_RATE|REPLAY_DETECTED,BLOCK
2026-10-07T01:43:54.667,0x100,BRAKE,101,100,True,True,True,False,True,30,MEDIUM,REPLAY_DETECTED,MONITOR
2026-10-07T01:43:54.668,0x180,ADAS,21,20,True,True,True,False,True,30,MEDIUM,REPLAY_DETECTED,MONITOR
2026-10-07T01:43:54.682,0x100,BRAKE,100,100,True,True,True,False,True,30,MEDIUM,REPLAY_DETECTED,MONITOR
2026-10-07T01:43:54.683,0x200,SPEED,252,50,True,True,True,True,True,60,HIGH,ABNORMAL_MESSAGE_RATE|REPLAY_DETECTED,BLOCK
2026-10-07T01:43:54.689,0x100,BRAKE,101,100,True,True,True,False,True,30,MEDIUM,REPLAY_DETECTED,MONITOR
2026-10-07T01:43:54.700,0x100,BRAKE,100,100,True,True,True,False,True,30,MEDIUM,REPLAY_DETECTED,MONITOR
2026-10-07T01:43:54.701,0x120,STEERING,50,50,True,True,True,False,True,30,MEDIUM,REPLAY_DETECTED,MONITOR
2026-10-07T01:43:54.702,0x200,SPEED,252,50,True,True,True,True,False,30,MEDIUM,ABNORMAL_MESSAGE_RATE,MONITOR
2026-10-07T01:43:54.709,0x100,BRAKE,100,100,True,True,True,False,True,30,MEDIUM,REPLAY_DETECTED,MONITOR
2026-10-07T01:43:54.716,0x100,BRAKE,101,100,True,True,True,False,True,30,MEDIUM,REPLAY_DETECTED,MONITOR
2026-10-07T01:43:54.717,0x180,ADAS,21,20,True,True,True,False,True,30,MEDIUM,REPLAY_DETECTED,MONITOR
2026-10-07T01:43:54.718,0x200,SPEED,253,50,True,True,True,True,True,60,HIGH,ABNORMAL_MESSAGE_RATE|REPLAY_DETECTED,BLOCK
2026-10-07T01:43:54.718,0x200,ATTACKER,254,50,True,True,True,True,False,30,MEDIUM,ABNORMAL_MESSAGE_RATE,MONITOR
2026-10-07T01:43:54.719,0x555,ATTACKER,1,,False,True,True,True,True,100,CRITICAL,UNKNOWN_CAN_ID|ABNORMAL_MESSAGE_RATE|REPLAY_DETECTED,BLOCK_AND_ISOLATE
2026-10-07T01:43:54.732,0x100,BRAKE,101,100,True,True,True,False,True,30,MEDIUM,REPLAY_DETECTED,MONITOR
2026-10-07T01:43:54.741,0x100,BRAKE,101,100,True,True,True,False,True,30,MEDIUM,REPLAY_DETECTED,MONITOR
2026-10-07T01:43:54.743,0x200,SPEED,254,50,True,True,True,True,True,60,HIGH,ABNORMAL_MESSAGE_RATE|REPLAY_DETECTED,BLOCK
2026-10-07T01:43:54.750,0x100,BRAKE,101,100,True,True,True,False,True,30,MEDIUM,REPLAY_DETECTED,MONITOR
2026-10-07T01:43:54.758,0x100,BRAKE,101,100,True,True,True,False,True,30,MEDIUM,REPLAY_DETECTED,MONITOR
2026-10-07T01:43:54.760,0x120,STEERING,51,50,True,True,True,False,True,30,MEDIUM,REPLAY_DETECTED,MONITOR
2026-10-07T01:43:54.760,0x200,SPEED,253,50,True,True,True,True,True,60,HIGH,ABNORMAL_MESSAGE_RATE|REPLAY_DETECTED,BLOCK
2026-10-07T01:43:54.767,0x100,BRAKE,100,100,True,True,True,False,True,30,MEDIUM,REPLAY_DETECTED,MONITOR
2026-10-07T01:43:54.768,0x180,ADAS,20,20,True,True,True,False,True,30,MEDIUM,REPLAY_DETECTED,MONITOR
2026-10-07T01:43:54.781,0x100,BRAKE,100,100,True,True,True,False,True,30,MEDIUM,REPLAY_DETECTED,MONITOR
2026-10-07T01:43:54.783,0x200,SPEED,253,50,True,True,True,True,True,60,HIGH,ABNORMAL_MESSAGE_RATE|REPLAY_DETECTED,BLOCK
2026-10-07T01:43:54.790,0x100,BRAKE,101,100,True,True,True,False,True,30,MEDIUM,REPLAY_DETECTED,MONITOR
2026-10-07T01:43:54.798,0x100,BRAKE,100,100,True,True,True,False,True,30,MEDIUM,REPLAY_DETECTED,MONITOR
2026-10-07T01:43:54.799,0x200,SPEED,253,50,True,True,True,True,True,60,HIGH,ABNORMAL_MESSAGE_RATE|REPLAY_DETECTED,BLOCK
2026-10-07T01:43:54.811,0x100,BRAKE,100,100,True,True,True,False,True,30,MEDIUM,REPLAY_DETECTED,MONITOR
2026-10-07T01:43:54.819,0x100,BRAKE,101,100,True,True,True,False,True,30,MEDIUM,REPLAY_DETECTED,MONITOR
2026-10-07T01:43:54.820,0x200,SPEED,254,50,True,True,True,True,True,60,HIGH,ABNORMAL_MESSAGE_RATE|REPLAY_DETECTED,BLOCK
2026-10-07T01:43:54.820,0x300,INSTRUMENT,10,10,True,True,True,False,True,30,MEDIUM,REPLAY_DETECTED,MONITOR
2026-10-07T01:43:54.827,0x100,BRAKE,101,100,True,True,True,False,True,30,MEDIUM,REPLAY_DETECTED,MONITOR
2026-10-07T01:43:54.841,0x100,BRAKE,101,100,True,True,True,False,True,30,MEDIUM,REPLAY_DETECTED,MONITOR
2026-10-07T01:43:54.842,0x120,STEERING,51,50,True,True,True,False,True,30,MEDIUM,REPLAY_DETECTED,MONITOR
2026-10-07T01:43:54.843,0x200,SPEED,254,50,True,True,True,True,True,60,HIGH,ABNORMAL_MESSAGE_RATE|REPLAY_DETECTED,BLOCK
2026-10-07T01:43:54.851,0x100,BRAKE,101,100,True,True,True,False,True,30,MEDIUM,REPLAY_DETECTED,MONITOR
2026-10-07T01:43:54.858,0x100,BRAKE,101,100,True,True,True,False,True,30,MEDIUM,REPLAY_DETECTED,MONITOR
2026-10-07T01:43:54.859,0x200,SPEED,254,50,True,True,True,True,True,60,HIGH,ABNORMAL_MESSAGE_RATE|REPLAY_DETECTED,BLOCK
2026-10-07T01:43:54.867,0x100,BRAKE,100,100,True,True,True,False,True,30,MEDIUM,REPLAY_DETECTED,MONITOR
2026-10-07T01:43:54.880,0x100,BRAKE,101,100,True,True,True,False,True,30,MEDIUM,REPLAY_DETECTED,MONITOR
2026-10-07T01:43:54.881,0x200,SPEED,254,50,True,True,True,True,True,60,HIGH,ABNORMAL_MESSAGE_RATE|REPLAY_DETECTED,BLOCK
2026-10-07T01:43:54.888,0x100,BRAKE,100,100,True,True,True,False,True,30,MEDIUM,REPLAY_DETECTED,MONITOR
2026-10-07T01:43:54.898,0x100,BRAKE,101,100,True,True,True,False,True,30,MEDIUM,REPLAY_DETECTED,MONITOR
2026-10-07T01:43:54.899,0x200,SPEED,254,50,True,True,True,True,True,60,HIGH,ABNORMAL_MESSAGE_RATE|REPLAY_DETECTED,BLOCK
2026-10-07T01:43:54.907,0x100,BRAKE,101,100,True,True,True,False,True,30,MEDIUM,REPLAY_DETECTED,MONITOR
2026-10-07T01:43:54.921,0x100,BRAKE,102,100,True,True,True,False,True,30,MEDIUM,REPLAY_DETECTED,MONITOR
2026-10-07T01:43:54.922,0x180,ADAS,21,20,True,True,True,False,True,30,MEDIUM,REPLAY_DETECTED,MONITOR
2026-10-07T01:43:54.927,0x200,SPEED,216,50,True,True,True,True,True,60,HIGH,ABNORMAL_MESSAGE_RATE|REPLAY_DETECTED,BLOCK
2026-10-07T01:43:54.933,0x100,BRAKE,103,100,True,True,True,False,True,30,MEDIUM,REPLAY_DETECTED,MONITOR
2026-10-07T01:43:54.940,0x100,BRAKE,104,100,True,True,True,False,True,30,MEDIUM,REPLAY_DETECTED,MONITOR
2026-10-07T01:43:54.940,0x200,SPEED,178,50,True,True,True,True,True,60,HIGH,ABNORMAL_MESSAGE_RATE|REPLAY_DETECTED,BLOCK
2026-10-07T01:43:54.947,0x100,BRAKE,105,100,True,True,True,False,True,30,MEDIUM,REPLAY_DETECTED,MONITOR
2026-10-07T01:43:54.960,0x100,BRAKE,106,100,True,True,True,False,True,30,MEDIUM,REPLAY_DETECTED,MONITOR
2026-10-07T01:43:54.961,0x200,SPEED,118,50,True,True,True,True,True,60,HIGH,ABNORMAL_MESSAGE_RATE|REPLAY_DETECTED,BLOCK
2026-10-07T01:43:54.968,0x100,BRAKE,107,100,True,True,True,False,True,30,MEDIUM,REPLAY_DETECTED,MONITOR
2026-10-07T01:43:54.976,0x100,BRAKE,108,100,True,True,True,False,True,30,MEDIUM,REPLAY_DETECTED,MONITOR
2026-10-07T01:43:54.977,0x200,SPEED,70,50,True,True,True,False,True,30,MEDIUM,REPLAY_DETECTED,MONITOR
2026-10-07T01:43:54.992,0x100,BRAKE,108,100,True,True,True,False,True,30,MEDIUM,REPLAY_DETECTED,MONITOR
2026-10-07T01:43:54.999,0x100,BRAKE,108,100,True,True,True,False,True,30,MEDIUM,REPLAY_DETECTED,MONITOR
2026-10-07T01:43:55.000,0x200,SPEED,54,50,True,True,True,False,True,30,MEDIUM,REPLAY_DETECTED,MONITOR
2026-10-07T01:43:55.006,0x100,BRAKE,108,100,True,True,True,False,True,30,MEDIUM,REPLAY_DETECTED,MONITOR
2026-10-07T01:43:55.019,0x100,BRAKE,107,100,True,True,True,False,True,30,MEDIUM,REPLAY_DETECTED,MONITOR
2026-10-07T01:43:55.020,0x180,ADAS,20,20,True,True,True,False,True,30,MEDIUM,REPLAY_DETECTED,MONITOR
2026-10-07T01:43:55.028,0x100,BRAKE,107,100,True,True,True,False,True,30,MEDIUM,REPLAY_DETECTED,MONITOR
2026-10-07T01:43:55.042,0x100,BRAKE,106,100,True,True,True,False,True,30,MEDIUM,REPLAY_DETECTED,MONITOR
2026-10-07T01:43:55.043,0x120,STEERING,50,50,True,True,True,False,True,30,MEDIUM,REPLAY_DETECTED,MONITOR
2026-10-07T01:43:55.044,0x200,SPEED,51,50,True,True,True,False,True,30,MEDIUM,REPLAY_DETECTED,MONITOR
2026-10-07T01:43:55.051,0x100,BRAKE,106,100,True,True,True,False,True,30,MEDIUM,REPLAY_DETECTED,MONITOR
2026-10-07T01:43:55.059,0x100,BRAKE,106,100,True,True,True,False,True,30,MEDIUM,REPLAY_DETECTED,MONITOR
2026-10-07T01:43:55.067,0x100,BRAKE,106,100,True,True,True,False,True,30,MEDIUM,REPLAY_DETECTED,MONITOR
2026-10-07T01:43:55.082,0x100,BRAKE,104,100,True,True,True,False,True,30,MEDIUM,REPLAY_DETECTED,MONITOR
2026-10-07T01:43:55.083,0x200,SPEED,51,50,True,True,True,False,True,30,MEDIUM,REPLAY_DETECTED,MONITOR
2026-10-07T01:43:55.092,0x100,BRAKE,104,100,True,True,True,False,True,30,MEDIUM,REPLAY_DETECTED,MONITOR
2026-10-07T01:43:55.099,0x100,BRAKE,104,100,True,True,True,False,True,30,MEDIUM,REPLAY_DETECTED,MONITOR
2026-10-07T01:43:55.100,0x200,SPEED,52,50,True,True,True,False,True,30,MEDIUM,REPLAY_DETECTED,MONITOR
2026-10-07T01:43:55.107,0x100,BRAKE,103,100,True,True,True,False,True,30,MEDIUM,REPLAY_DETECTED,MONITOR
2026-10-07T01:43:55.121,0x100,BRAKE,103,100,True,True,True,False,True,30,MEDIUM,REPLAY_DETECTED,MONITOR
2026-10-07T01:43:55.124,0x180,ADAS,20,20,True,True,True,False,True,30,MEDIUM,REPLAY_DETECTED,MONITOR
2026-10-07T01:43:55.125,0x300,INSTRUMENT,10,10,True,True,True,False,True,30,MEDIUM,REPLAY_DETECTED,MONITOR
2026-10-07T01:43:55.132,0x100,BRAKE,102,100,True,True,True,False,True,30,MEDIUM,REPLAY_DETECTED,MONITOR
2026-10-07T01:43:55.141,0x100,BRAKE,102,100,True,True,True,False,True,30,MEDIUM,REPLAY_DETECTED,MONITOR
2026-10-07T01:43:55.142,0x200,SPEED,51,50,True,True,True,False,True,30,MEDIUM,REPLAY_DETECTED,MONITOR
2026-10-07T01:43:55.149,0x100,BRAKE,102,100,True,True,True,False,True,30,MEDIUM,REPLAY_DETECTED,MONITOR
2026-10-07T01:43:55.156,0x100,BRAKE,102,100,True,True,True,False,True,30,MEDIUM,REPLAY_DETECTED,MONITOR
2026-10-07T01:43:55.157,0x200,SPEED,52,50,True,True,True,False,True,30,MEDIUM,REPLAY_DETECTED,MONITOR
2026-10-07T01:43:55.170,0x100,BRAKE,101,100,True,True,True,False,True,30,MEDIUM,REPLAY_DETECTED,MONITOR
2026-10-07T01:43:55.178,0x100,BRAKE,101,100,True,True,True,False,True,30,MEDIUM,REPLAY_DETECTED,MONITOR
2026-10-07T01:43:55.179,0x120,STEERING,50,50,True,True,True,False,True,30,MEDIUM,REPLAY_DETECTED,MONITOR
2026-10-07T01:43:55.179,0x200,SPEED,51,50,True,True,True,False,True,30,MEDIUM,REPLAY_DETECTED,MONITOR
2026-10-07T01:43:55.191,0x100,BRAKE,101,100,True,True,True,False,True,30,MEDIUM,REPLAY_DETECTED,MONITOR
2026-10-07T01:43:55.199,0x100,BRAKE,100,100,True,True,True,False,True,30,MEDIUM,REPLAY_DETECTED,MONITOR
2026-10-07T01:43:55.200,0x200,SPEED,51,50,True,True,True,False,True,30,MEDIUM,REPLAY_DETECTED,MONITOR
2026-10-07T01:43:55.208,0x100,BRAKE,101,100,True,True,True,False,True,30,MEDIUM,REPLAY_DETECTED,MONITOR
2026-10-07T01:43:55.221,0x100,BRAKE,100,100,True,True,True,False,True,30,MEDIUM,REPLAY_DETECTED,MONITOR
2026-10-07T01:43:55.224,0x200,SPEED,51,50,True,True,True,False,True,30,MEDIUM,REPLAY_DETECTED,MONITOR
2026-10-07T01:43:55.225,0x300,INSTRUMENT,10,10,True,True,True,False,True,30,MEDIUM,REPLAY_DETECTED,MONITOR
2026-10-07T01:43:55.231,0x100,BRAKE,101,100,True,True,True,False,True,30,MEDIUM,REPLAY_DETECTED,MONITOR
2026-10-07T01:43:55.238,0x100,BRAKE,101,100,True,True,True,False,True,30,MEDIUM,REPLAY_DETECTED,MONITOR
2026-10-07T01:43:55.242,0x200,SPEED,51,50,True,True,True,False,True,30,MEDIUM,REPLAY_DETECTED,MONITOR
2026-10-07T01:43:55.249,0x100,BRAKE,101,100,True,True,True,False,True,30,MEDIUM,REPLAY_DETECTED,MONITOR
2026-10-07T01:43:55.257,0x100,BRAKE,101,100,True,True,True,False,True,30,MEDIUM,REPLAY_DETECTED,MONITOR
2026-10-07T01:43:55.271,0x100,BRAKE,101,100,True,True,True,False,True,30,MEDIUM,REPLAY_DETECTED,MONITOR
2026-10-07T01:43:55.278,0x100,BRAKE,101,100,True,True,True,False,True,30,MEDIUM,REPLAY_DETECTED,MONITOR
2026-10-07T01:43:55.278,0x200,SPEED,52,50,True,True,True,False,True,30,MEDIUM,REPLAY_DETECTED,MONITOR
2026-10-07T01:43:55.292,0x100,BRAKE,100,100,True,True,True,False,True,30,MEDIUM,REPLAY_DETECTED,MONITOR
2026-10-07T01:43:55.299,0x100,BRAKE,100,100,True,True,True,False,True,30,MEDIUM,REPLAY_DETECTED,MONITOR
2026-10-07T01:43:55.300,0x200,SPEED,51,50,True,True,True,False,True,30,MEDIUM,REPLAY_DETECTED,MONITOR
2026-10-07T01:43:55.312,0x100,BRAKE,100,100,True,True,True,False,True,30,MEDIUM,REPLAY_DETECTED,MONITOR
2026-10-07T01:43:55.319,0x100,BRAKE,101,100,True,True,True,False,True,30,MEDIUM,REPLAY_DETECTED,MONITOR
2026-10-07T01:43:55.319,0x120,STEERING,50,50,True,True,True,False,True,30,MEDIUM,REPLAY_DETECTED,MONITOR
2026-10-07T01:43:55.320,0x180,ADAS,20,20,True,True,True,False,True,30,MEDIUM,REPLAY_DETECTED,MONITOR
2026-10-07T01:43:55.321,0x200,SPEED,51,50,True,True,True,False,True,30,MEDIUM,REPLAY_DETECTED,MONITOR
2026-10-07T01:43:55.322,0x300,INSTRUMENT,10,10,True,True,True,False,True,30,MEDIUM,REPLAY_DETECTED,MONITOR
2026-10-07T01:43:55.332,0x100,BRAKE,100,100,True,True,True,False,True,30,MEDIUM,REPLAY_DETECTED,MONITOR
2026-10-07T01:43:55.342,0x100,BRAKE,100,100,True,True,True,False,True,30,MEDIUM,REPLAY_DETECTED,MONITOR
2026-10-07T01:43:55.343,0x200,SPEED,51,50,True,True,True,False,True,30,MEDIUM,REPLAY_DETECTED,MONITOR
2026-10-07T01:43:55.344,0x200,ATTACKER,52,50,True,True,False,False,True,60,HIGH,INVALID_PAYLOAD|REPLAY_DETECTED,BLOCK
2026-10-07T01:43:55.350,0x100,BRAKE,100,100,True,True,True,False,True,30,MEDIUM,REPLAY_DETECTED,MONITOR
2026-10-07T01:43:55.359,0x100,BRAKE,101,100,True,True,True,False,True,30,MEDIUM,REPLAY_DETECTED,MONITOR
2026-10-07T01:43:55.360,0x200,SPEED,53,50,True,True,True,False,True,30,MEDIUM,REPLAY_DETECTED,MONITOR
2026-10-07T01:43:55.367,0x100,BRAKE,101,100,True,True,True,False,True,30,MEDIUM,REPLAY_DETECTED,MONITOR
2026-10-07T01:43:55.381,0x100,BRAKE,100,100,True,True,True,False,True,30,MEDIUM,REPLAY_DETECTED,MONITOR
2026-10-07T01:43:55.382,0x120,STEERING,50,50,True,True,True,False,True,30,MEDIUM,REPLAY_DETECTED,MONITOR
2026-10-07T01:43:55.383,0x200,SPEED,52,50,True,True,True,False,True,30,MEDIUM,REPLAY_DETECTED,MONITOR
2026-10-07T01:43:55.389,0x100,BRAKE,101,100,True,True,True,False,True,30,MEDIUM,REPLAY_DETECTED,MONITOR
2026-10-07T01:43:55.401,0x100,BRAKE,100,100,True,True,True,False,True,30,MEDIUM,REPLAY_DETECTED,MONITOR
2026-10-07T01:43:55.409,0x100,BRAKE,101,100,True,True,True,False,True,30,MEDIUM,REPLAY_DETECTED,MONITOR
2026-10-07T01:43:55.416,0x100,BRAKE,101,100,True,True,True,False,True,30,MEDIUM,REPLAY_DETECTED,MONITOR
2026-10-07T01:43:55.417,0x180,ADAS,21,20,True,True,True,False,True,30,MEDIUM,REPLAY_DETECTED,MONITOR
2026-10-07T01:43:55.418,0x200,SPEED,53,50,True,True,True,False,True,30,MEDIUM,REPLAY_DETECTED,MONITOR
2026-10-07T01:43:55.431,0x100,BRAKE,101,100,True,True,True,False,True,30,MEDIUM,REPLAY_DETECTED,MONITOR
2026-10-07T01:43:55.438,0x100,BRAKE,101,100,True,True,True,False,True,30,MEDIUM,REPLAY_DETECTED,MONITOR
2026-10-07T01:43:55.443,0x200,SPEED,52,50,True,True,True,False,True,30,MEDIUM,REPLAY_DETECTED,MONITOR
2026-10-07T01:43:55.450,0x100,BRAKE,100,100,True,True,True,False,True,30,MEDIUM,REPLAY_DETECTED,MONITOR
2026-10-07T01:43:55.459,0x100,BRAKE,101,100,True,True,True,False,True,30,MEDIUM,REPLAY_DETECTED,MONITOR
2026-10-07T01:43:55.460,0x200,SPEED,53,50,True,True,True,False,True,30,MEDIUM,REPLAY_DETECTED,MONITOR
2026-10-07T01:43:55.467,0x100,BRAKE,101,100,True,True,True,False,True,30,MEDIUM,REPLAY_DETECTED,MONITOR
2026-10-07T01:43:55.467,0x180,ADAS,21,20,True,True,True,False,True,30,MEDIUM,REPLAY_DETECTED,MONITOR
2026-10-07T01:43:55.481,0x100,BRAKE,100,100,True,True,True,False,True,30,MEDIUM,REPLAY_DETECTED,MONITOR
2026-10-07T01:43:55.481,0x200,SPEED,52,50,True,True,True,False,True,30,MEDIUM,REPLAY_DETECTED,MONITOR
2026-10-07T01:43:55.488,0x100,BRAKE,101,100,True,True,True,False,True,30,MEDIUM,REPLAY_DETECTED,MONITOR
2026-10-07T01:43:55.499,0x100,BRAKE,100,100,True,True,True,False,True,30,MEDIUM,REPLAY_DETECTED,MONITOR
2026-10-07T01:43:55.509,0x100,BRAKE,100,100,True,True,True,False,True,30,MEDIUM,REPLAY_DETECTED,MONITOR
2026-10-07T01:43:55.510,0x200,ATTACKER,53,50,True,True,True,False,True,30,MEDIUM,REPLAY_DETECTED,MONITOR
2026-10-07T01:43:55.517,0x100,BRAKE,101,100,True,True,True,False,True,30,MEDIUM,REPLAY_DETECTED,MONITOR
2026-10-07T01:43:55.518,0x200,SPEED,54,50,True,True,True,False,True,30,MEDIUM,REPLAY_DETECTED,MONITOR
2026-10-07T01:43:55.519,0x300,INSTRUMENT,11,10,True,True,True,False,True,30,MEDIUM,REPLAY_DETECTED,MONITOR
2026-10-07T01:43:55.526,0x100,BRAKE,101,100,True,True,True,False,True,30,MEDIUM,REPLAY_DETECTED,MONITOR
2026-10-07T01:43:55.538,0x100,BRAKE,101,100,True,True,True,False,True,30,MEDIUM,REPLAY_DETECTED,MONITOR
2026-10-07T01:43:55.542,0x200,SPEED,53,50,True,True,True,False,True,30,MEDIUM,REPLAY_DETECTED,MONITOR
2026-10-07T01:43:55.549,0x100,BRAKE,100,100,True,True,True,False,True,30,MEDIUM,REPLAY_DETECTED,MONITOR
2026-10-07T01:43:55.562,0x100,BRAKE,100,100,True,True,True,False,True,30,MEDIUM,REPLAY_DETECTED,MONITOR
2026-10-07T01:43:55.563,0x200,SPEED,53,50,True,True,True,False,True,30,MEDIUM,REPLAY_DETECTED,MONITOR
2026-10-07T01:43:55.569,0x100,BRAKE,101,100,True,True,True,False,True,30,MEDIUM,REPLAY_DETECTED,MONITOR
2026-10-07T01:43:55.576,0x100,BRAKE,101,100,True,True,True,False,True,30,MEDIUM,REPLAY_DETECTED,MONITOR
2026-10-07T01:43:55.577,0x200,SPEED,54,50,True,True,True,False,True,30,MEDIUM,REPLAY_DETECTED,MONITOR
2026-10-07T01:43:55.590,0x100,BRAKE,101,100,True,True,True,False,True,30,MEDIUM,REPLAY_DETECTED,MONITOR
2026-10-07T01:43:55.597,0x100,BRAKE,101,100,True,True,True,False,True,30,MEDIUM,REPLAY_DETECTED,MONITOR
2026-10-07T01:43:55.597,0x200,SPEED,54,50,True,True,True,False,True,30,MEDIUM,REPLAY_DETECTED,MONITOR
2026-10-07T01:43:55.611,0x100,BRAKE,101,100,True,True,True,False,True,30,MEDIUM,REPLAY_DETECTED,MONITOR
2026-10-07T01:43:55.618,0x100,BRAKE,101,100,True,True,True,False,True,30,MEDIUM,REPLAY_DETECTED,MONITOR
2026-10-07T01:43:55.630,0x100,BRAKE,101,100,True,True,True,False,True,30,MEDIUM,REPLAY_DETECTED,MONITOR
2026-10-07T01:43:55.638,0x100,BRAKE,101,100,True,True,True,False,True,30,MEDIUM,REPLAY_DETECTED,MONITOR
2026-10-07T01:43:55.651,0x100,BRAKE,100,100,True,True,True,False,True,30,MEDIUM,REPLAY_DETECTED,MONITOR
2026-10-07T01:43:55.659,0x100,BRAKE,100,100,True,True,True,False,True,30,MEDIUM,REPLAY_DETECTED,MONITOR
2026-10-07T01:43:55.660,0x200,SPEED,53,50,True,True,True,False,True,30,MEDIUM,REPLAY_DETECTED,MONITOR
2026-10-07T01:43:55.667,0x100,BRAKE,101,100,True,True,True,False,True,30,MEDIUM,REPLAY_DETECTED,MONITOR
2026-10-07T01:43:55.682,0x100,BRAKE,101,100,True,True,True,False,True,30,MEDIUM,REPLAY_DETECTED,MONITOR
2026-10-07T01:43:55.682,0x200,SPEED,54,50,True,True,True,False,True,30,MEDIUM,REPLAY_DETECTED,MONITOR
2026-10-07T01:43:55.689,0x100,BRAKE,101,100,True,True,True,False,True,30,MEDIUM,REPLAY_DETECTED,MONITOR
2026-10-07T01:43:55.701,0x100,BRAKE,100,100,True,True,True,False,True,30,MEDIUM,REPLAY_DETECTED,MONITOR
2026-10-07T01:43:55.708,0x100,BRAKE,101,100,True,True,True,False,True,30,MEDIUM,REPLAY_DETECTED,MONITOR
2026-10-07T01:43:55.721,0x100,BRAKE,100,100,True,True,True,False,True,30,MEDIUM,REPLAY_DETECTED,MONITOR
2026-10-07T01:43:55.726,0x200,SPEED,52,50,True,True,True,False,True,30,MEDIUM,REPLAY_DETECTED,MONITOR
2026-10-07T01:43:55.733,0x100,BRAKE,100,100,True,True,True,False,True,30,MEDIUM,REPLAY_DETECTED,MONITOR
2026-10-07T01:43:55.742,0x100,BRAKE,100,100,True,True,True,False,True,30,MEDIUM,REPLAY_DETECTED,MONITOR
2026-10-07T01:43:55.743,0x200,SPEED,52,50,True,True,True,False,True,30,MEDIUM,REPLAY_DETECTED,MONITOR
2026-10-07T01:43:55.750,0x100,BRAKE,100,100,True,True,True,False,True,30,MEDIUM,REPLAY_DETECTED,MONITOR
2026-10-07T01:43:55.759,0x100,BRAKE,100,100,True,True,True,False,True,30,MEDIUM,REPLAY_DETECTED,MONITOR
2026-10-07T01:43:55.760,0x200,SPEED,52,50,True,True,True,False,True,30,MEDIUM,REPLAY_DETECTED,MONITOR
2026-10-07T01:43:55.767,0x100,BRAKE,100,100,True,True,True,False,True,30,MEDIUM,REPLAY_DETECTED,MONITOR
2026-10-07T01:43:55.768,0x180,ADAS,20,20,True,True,True,False,True,30,MEDIUM,REPLAY_DETECTED,MONITOR
2026-10-07T01:43:55.776,0x100,BRAKE,101,100,True,True,True,False,True,30,MEDIUM,REPLAY_DETECTED,MONITOR
2026-10-07T01:43:55.777,0x200,SPEED,53,50,True,True,True,False,True,30,MEDIUM,REPLAY_DETECTED,MONITOR
2026-10-07T01:43:55.793,0x100,BRAKE,100,100,True,True,True,False,True,30,MEDIUM,REPLAY_DETECTED,MONITOR
2026-10-07T01:43:55.800,0x100,BRAKE,100,100,True,True,True,False,True,30,MEDIUM,REPLAY_DETECTED,MONITOR
2026-10-07T01:43:55.801,0x200,SPEED,52,50,True,True,True,False,True,30,MEDIUM,REPLAY_DETECTED,MONITOR
2026-10-07T01:43:55.810,0x100,BRAKE,101,100,True,True,True,False,True,30,MEDIUM,REPLAY_DETECTED,MONITOR
2026-10-07T01:43:55.816,0x100,BRAKE,101,100,True,True,True,False,True,30,MEDIUM,REPLAY_DETECTED,MONITOR
2026-10-07T01:43:55.817,0x180,ADAS,21,20,True,True,True,False,True,30,MEDIUM,REPLAY_DETECTED,MONITOR
2026-10-07T01:43:55.817,0x200,SPEED,53,50,True,True,True,False,True,30,MEDIUM,REPLAY_DETECTED,MONITOR
2026-10-07T01:43:55.818,0x300,INSTRUMENT,11,10,True,True,True,False,True,30,MEDIUM,REPLAY_DETECTED,MONITOR
2026-10-07T01:43:55.830,0x100,BRAKE,100,100,True,True,True,False,True,30,MEDIUM,REPLAY_DETECTED,MONITOR
2026-10-07T01:43:55.837,0x100,BRAKE,101,100,True,True,True,False,True,30,MEDIUM,REPLAY_DETECTED,MONITOR
2026-10-07T01:43:55.837,0x200,SPEED,53,50,True,True,True,False,True,30,MEDIUM,REPLAY_DETECTED,MONITOR
2026-10-07T01:43:55.849,0x100,BRAKE,101,100,True,True,True,False,True,30,MEDIUM,REPLAY_DETECTED,MONITOR
2026-10-07T01:43:55.857,0x100,BRAKE,101,100,True,True,True,False,True,30,MEDIUM,REPLAY_DETECTED,MONITOR
2026-10-07T01:43:55.858,0x200,SPEED,53,50,True,True,True,False,True,30,MEDIUM,REPLAY_DETECTED,MONITOR
2026-10-07T01:43:55.871,0x100,BRAKE,100,100,True,True,True,False,True,30,MEDIUM,REPLAY_DETECTED,MONITOR
2026-10-07T01:43:55.879,0x100,BRAKE,101,100,True,True,True,False,True,30,MEDIUM,REPLAY_DETECTED,MONITOR
2026-10-07T01:43:55.880,0x200,SPEED,53,50,True,True,True,False,True,30,MEDIUM,REPLAY_DETECTED,MONITOR
2026-10-07T01:43:55.886,0x100,BRAKE,101,100,True,True,True,False,True,30,MEDIUM,REPLAY_DETECTED,MONITOR
2026-10-07T01:43:55.900,0x100,BRAKE,100,100,True,True,True,False,True,30,MEDIUM,REPLAY_DETECTED,MONITOR
2026-10-07T01:43:55.900,0x200,SPEED,52,50,True,True,True,False,True,30,MEDIUM,REPLAY_DETECTED,MONITOR
2026-10-07T01:43:55.907,0x100,BRAKE,100,100,True,True,True,False,True,30,MEDIUM,REPLAY_DETECTED,MONITOR
2026-10-07T01:43:55.920,0x100,BRAKE,101,100,True,True,True,False,True,30,MEDIUM,REPLAY_DETECTED,MONITOR
2026-10-07T01:43:55.921,0x180,ADAS,21,20,True,True,True,False,True,30,MEDIUM,REPLAY_DETECTED,MONITOR
2026-10-07T01:43:55.921,0x200,SPEED,53,50,True,True,True,False,True,30,MEDIUM,REPLAY_DETECTED,MONITOR
2026-10-07T01:43:55.929,0x100,BRAKE,101,100,True,True,True,False,True,30,MEDIUM,REPLAY_DETECTED,MONITOR
2026-10-07T01:43:55.937,0x100,BRAKE,101,100,True,True,True,False,True,30,MEDIUM,REPLAY_DETECTED,MONITOR
2026-10-07T01:43:55.945,0x200,SPEED,52,50,True,True,True,False,True,30,MEDIUM,REPLAY_DETECTED,MONITOR
2026-10-07T01:43:55.955,0x100,BRAKE,100,100,True,True,True,False,True,30,MEDIUM,REPLAY_DETECTED,MONITOR
2026-10-07T01:43:55.972,0x100,BRAKE,99,100,True,True,True,False,True,30,MEDIUM,REPLAY_DETECTED,MONITOR
2026-10-07T01:43:55.974,0x200,SPEED,52,50,True,True,True,False,True,30,MEDIUM,REPLAY_DETECTED,MONITOR
2026-10-07T01:43:55.990,0x100,BRAKE,99,100,True,True,True,False,True,30,MEDIUM,REPLAY_DETECTED,MONITOR
2026-10-07T01:43:55.992,0x200,SPEED,52,50,True,True,True,False,True,30,MEDIUM,REPLAY_DETECTED,MONITOR
2026-10-07T01:43:56.002,0x100,BRAKE,98,100,True,True,True,False,True,30,MEDIUM,REPLAY_DETECTED,MONITOR
2026-10-07T01:43:56.023,0x100,BRAKE,97,100,True,True,True,False,True,30,MEDIUM,REPLAY_DETECTED,MONITOR
2026-10-07T01:43:56.024,0x300,INSTRUMENT,10,10,True,True,True,False,True,30,MEDIUM,REPLAY_DETECTED,MONITOR
2026-10-07T01:43:56.032,0x100,BRAKE,97,100,True,True,True,False,True,30,MEDIUM,REPLAY_DETECTED,MONITOR
2026-10-07T01:43:56.039,0x100,BRAKE,98,100,True,True,True,False,True,30,MEDIUM,REPLAY_DETECTED,MONITOR
2026-10-07T01:43:56.040,0x200,SPEED,53,50,True,True,True,False,True,30,MEDIUM,REPLAY_DETECTED,MONITOR
2026-10-07T01:43:56.048,0x100,BRAKE,98,100,True,True,True,False,True,30,MEDIUM,REPLAY_DETECTED,MONITOR
2026-10-07T01:43:56.055,0x100,BRAKE,98,100,True,True,True,False,True,30,MEDIUM,REPLAY_DETECTED,MONITOR
2026-10-07T01:43:56.063,0x100,BRAKE,98,100,True,True,True,False,True,30,MEDIUM,REPLAY_DETECTED,MONITOR
2026-10-07T01:43:56.064,0x120,STEERING,50,50,True,True,True,False,True,30,MEDIUM,REPLAY_DETECTED,MONITOR
2026-10-07T01:43:56.070,0x100,BRAKE,98,100,True,True,True,False,True,30,MEDIUM,REPLAY_DETECTED,MONITOR
2026-10-07T01:43:56.077,0x100,BRAKE,99,100,True,True,True,False,True,30,MEDIUM,REPLAY_DETECTED,MONITOR
2026-10-07T01:43:56.078,0x200,SPEED,53,50,True,True,True,False,True,30,MEDIUM,REPLAY_DETECTED,MONITOR
2026-10-07T01:43:56.085,0x100,BRAKE,99,100,True,True,True,False,True,30,MEDIUM,REPLAY_DETECTED,MONITOR
2026-10-07T01:43:56.092,0x100,BRAKE,100,100,True,True,True,False,True,30,MEDIUM,REPLAY_DETECTED,MONITOR
2026-10-07T01:43:56.099,0x100,BRAKE,100,100,True,True,True,False,True,30,MEDIUM,REPLAY_DETECTED,MONITOR
2026-10-07T01:43:56.099,0x200,SPEED,53,50,True,True,True,False,True,30,MEDIUM,REPLAY_DETECTED,MONITOR
2026-10-07T01:43:56.106,0x100,BRAKE,100,100,True,True,True,False,True,30,MEDIUM,REPLAY_DETECTED,MONITOR
2026-10-07T01:43:56.113,0x100,BRAKE,100,100,True,True,True,False,True,30,MEDIUM,REPLAY_DETECTED,MONITOR
2026-10-07T01:43:56.120,0x100,BRAKE,101,100,True,True,True,False,True,30,MEDIUM,REPLAY_DETECTED,MONITOR
2026-10-07T01:43:56.120,0x180,ADAS,21,20,True,True,True,False,True,30,MEDIUM,REPLAY_DETECTED,MONITOR
2026-10-07T01:43:56.121,0x300,INSTRUMENT,11,10,True,True,True,False,True,30,MEDIUM,REPLAY_DETECTED,MONITOR
2026-10-07T01:43:56.128,0x100,BRAKE,101,100,True,True,True,False,True,30,MEDIUM,REPLAY_DETECTED,MONITOR
2026-10-07T01:43:56.141,0x100,BRAKE,101,100,True,True,True,False,True,30,MEDIUM,REPLAY_DETECTED,MONITOR
2026-10-07T01:43:56.141,0x200,SPEED,53,50,True,True,True,False,True,30,MEDIUM,REPLAY_DETECTED,MONITOR
2026-10-07T01:43:56.148,0x100,BRAKE,101,100,True,True,True,False,True,30,MEDIUM,REPLAY_DETECTED,MONITOR
2026-10-07T01:43:56.161,0x100,BRAKE,100,100,True,True,True,False,True,30,MEDIUM,REPLAY_DETECTED,MONITOR
2026-10-07T01:43:56.162,0x200,SPEED,52,50,True,True,True,False,True,30,MEDIUM,REPLAY_DETECTED,MONITOR
2026-10-07T01:43:56.168,0x100,BRAKE,101,100,True,True,True,False,True,30,MEDIUM,REPLAY_DETECTED,MONITOR
2026-10-07T01:43:56.181,0x100,BRAKE,100,100,True,True,True,False,True,30,MEDIUM,REPLAY_DETECTED,MONITOR
2026-10-07T01:43:56.182,0x200,SPEED,52,50,True,True,True,False,True,30,MEDIUM,REPLAY_DETECTED,MONITOR
2026-10-07T01:43:56.188,0x100,BRAKE,101,100,True,True,True,False,True,30,MEDIUM,REPLAY_DETECTED,MONITOR
2026-10-07T01:43:56.201,0x100,BRAKE,100,100,True,True,True,False,True,30,MEDIUM,REPLAY_DETECTED,MONITOR
2026-10-07T01:43:56.201,0x200,SPEED,52,50,True,True,True,False,True,30,MEDIUM,REPLAY_DETECTED,MONITOR
2026-10-07T01:43:56.208,0x100,BRAKE,101,100,True,True,True,False,True,30,MEDIUM,REPLAY_DETECTED,MONITOR
2026-10-07T01:43:56.221,0x100,BRAKE,101,100,True,True,True,False,True,30,MEDIUM,REPLAY_DETECTED,MONITOR
2026-10-07T01:43:56.228,0x100,BRAKE,101,100,True,True,True,False,True,30,MEDIUM,REPLAY_DETECTED,MONITOR
2026-10-07T01:43:56.241,0x100,BRAKE,100,100,True,True,True,False,True,30,MEDIUM,REPLAY_DETECTED,MONITOR
2026-10-07T01:43:56.241,0x200,SPEED,53,50,True,True,True,False,True,30,MEDIUM,REPLAY_DETECTED,MONITOR
2026-10-07T01:43:56.248,0x100,BRAKE,101,100,True,True,True,False,True,30,MEDIUM,REPLAY_DETECTED,MONITOR
2026-10-07T01:43:56.261,0x100,BRAKE,100,100,True,True,True,False,True,30,MEDIUM,REPLAY_DETECTED,MONITOR
2026-10-07T01:43:56.262,0x200,SPEED,52,50,True,True,True,False,True,30,MEDIUM,REPLAY_DETECTED,MONITOR
2026-10-07T01:43:56.269,0x100,BRAKE,101,100,True,True,True,False,True,30,MEDIUM,REPLAY_DETECTED,MONITOR
2026-10-07T01:43:56.269,0x180,ADAS,21,20,True,True,True,False,True,30,MEDIUM,REPLAY_DETECTED,MONITOR
2026-10-07T01:43:56.276,0x100,BRAKE,101,100,True,True,True,False,True,30,MEDIUM,REPLAY_DETECTED,MONITOR
2026-10-07T01:43:56.277,0x200,SPEED,53,50,True,True,True,False,True,30,MEDIUM,REPLAY_DETECTED,MONITOR
2026-10-07T01:43:56.284,0x200,ATTACKER,53,50,True,True,True,False,True,30,MEDIUM,REPLAY_DETECTED,MONITOR
2026-10-07T01:43:56.285,0x200,ATTACKER,54,50,True,True,True,False,True,30,MEDIUM,REPLAY_DETECTED,MONITOR
2026-10-07T01:43:56.285,0x200,ATTACKER,55,50,True,True,True,False,True,30,MEDIUM,REPLAY_DETECTED,MONITOR
2026-10-07T01:43:56.286,0x200,ATTACKER,56,50,True,True,True,False,True,30,MEDIUM,REPLAY_DETECTED,MONITOR
2026-10-07T01:43:56.286,0x200,ATTACKER,57,50,True,True,True,False,True,30,MEDIUM,REPLAY_DETECTED,MONITOR
2026-10-07T01:43:56.287,0x200,ATTACKER,58,50,True,True,True,False,True,30,MEDIUM,REPLAY_DETECTED,MONITOR
2026-10-07T01:43:56.288,0x200,ATTACKER,59,50,True,True,True,False,True,30,MEDIUM,REPLAY_DETECTED,MONITOR
2026-10-07T01:43:56.289,0x200,ATTACKER,60,50,True,True,True,False,True,30,MEDIUM,REPLAY_DETECTED,MONITOR
2026-10-07T01:43:56.289,0x200,ATTACKER,61,50,True,True,True,False,True,30,MEDIUM,REPLAY_DETECTED,MONITOR
2026-10-07T01:43:56.290,0x200,ATTACKER,62,50,True,True,True,False,True,30,MEDIUM,REPLAY_DETECTED,MONITOR
2026-10-07T01:43:56.290,0x200,ATTACKER,63,50,True,True,True,False,True,30,MEDIUM,REPLAY_DETECTED,MONITOR
2026-10-07T01:43:56.291,0x200,ATTACKER,64,50,True,True,True,False,True,30,MEDIUM,REPLAY_DETECTED,MONITOR
2026-10-07T01:43:56.291,0x200,ATTACKER,65,50,True,True,True,False,True,30,MEDIUM,REPLAY_DETECTED,MONITOR
2026-10-07T01:43:56.291,0x200,ATTACKER,66,50,True,True,True,False,True,30,MEDIUM,REPLAY_DETECTED,MONITOR
2026-10-07T01:43:56.292,0x200,ATTACKER,67,50,True,True,True,False,True,30,MEDIUM,REPLAY_DETECTED,MONITOR
2026-10-07T01:43:56.292,0x200,ATTACKER,68,50,True,True,True,False,True,30,MEDIUM,REPLAY_DETECTED,MONITOR
2026-10-07T01:43:56.293,0x200,ATTACKER,69,50,True,True,True,False,True,30,MEDIUM,REPLAY_DETECTED,MONITOR
2026-10-07T01:43:56.293,0x200,ATTACKER,70,50,True,True,True,False,True,30,MEDIUM,REPLAY_DETECTED,MONITOR
2026-10-07T01:43:56.294,0x200,ATTACKER,71,50,True,True,True,False,True,30,MEDIUM,REPLAY_DETECTED,MONITOR
2026-10-07T01:43:56.294,0x200,ATTACKER,72,50,True,True,True,False,True,30,MEDIUM,REPLAY_DETECTED,MONITOR
2026-10-07T01:43:56.295,0x200,ATTACKER,73,50,True,True,True,False,True,30,MEDIUM,REPLAY_DETECTED,MONITOR
2026-10-07T01:43:56.295,0x200,ATTACKER,74,50,True,True,True,False,True,30,MEDIUM,REPLAY_DETECTED,MONITOR
2026-10-07T01:43:56.295,0x200,ATTACKER,75,50,True,True,True,False,True,30,MEDIUM,REPLAY_DETECTED,MONITOR
2026-10-07T01:43:56.296,0x200,ATTACKER,76,50,True,True,True,False,True,30,MEDIUM,REPLAY_DETECTED,MONITOR
2026-10-07T01:43:56.296,0x200,ATTACKER,77,50,True,True,True,False,True,30,MEDIUM,REPLAY_DETECTED,MONITOR
2026-10-07T01:43:56.297,0x200,ATTACKER,78,50,True,True,True,False,True,30,MEDIUM,REPLAY_DETECTED,MONITOR
2026-10-07T01:43:56.297,0x200,ATTACKER,79,50,True,True,True,False,True,30,MEDIUM,REPLAY_DETECTED,MONITOR
2026-10-07T01:43:56.298,0x200,ATTACKER,80,50,True,True,True,False,True,30,MEDIUM,REPLAY_DETECTED,MONITOR
2026-10-07T01:43:56.298,0x200,ATTACKER,81,50,True,True,True,False,True,30,MEDIUM,REPLAY_DETECTED,MONITOR
2026-10-07T01:43:56.298,0x200,ATTACKER,82,50,True,True,True,False,True,30,MEDIUM,REPLAY_DETECTED,MONITOR
2026-10-07T01:43:56.299,0x200,ATTACKER,83,50,True,True,True,False,True,30,MEDIUM,REPLAY_DETECTED,MONITOR
2026-10-07T01:43:56.299,0x200,ATTACKER,84,50,True,True,True,False,True,30,MEDIUM,REPLAY_DETECTED,MONITOR
2026-10-07T01:43:56.299,0x200,ATTACKER,85,50,True,True,True,False,True,30,MEDIUM,REPLAY_DETECTED,MONITOR
2026-10-07T01:43:56.300,0x200,ATTACKER,85,50,True,True,True,False,True,30,MEDIUM,REPLAY_DETECTED,MONITOR
2026-10-07T01:43:56.300,0x200,ATTACKER,86,50,True,True,True,False,True,30,MEDIUM,REPLAY_DETECTED,MONITOR
2026-10-07T01:43:56.301,0x200,ATTACKER,87,50,True,True,True,False,True,30,MEDIUM,REPLAY_DETECTED,MONITOR
2026-10-07T01:43:56.301,0x200,ATTACKER,88,50,True,True,True,False,True,30,MEDIUM,REPLAY_DETECTED,MONITOR
2026-10-07T01:43:56.301,0x200,ATTACKER,89,50,True,True,True,False,True,30,MEDIUM,REPLAY_DETECTED,MONITOR
2026-10-07T01:43:56.302,0x200,ATTACKER,90,50,True,True,True,False,True,30,MEDIUM,REPLAY_DETECTED,MONITOR
2026-10-07T01:43:56.302,0x200,ATTACKER,91,50,True,True,True,False,True,30,MEDIUM,REPLAY_DETECTED,MONITOR
2026-10-07T01:43:56.302,0x200,ATTACKER,92,50,True,True,True,False,True,30,MEDIUM,REPLAY_DETECTED,MONITOR
2026-10-07T01:43:56.303,0x200,ATTACKER,93,50,True,True,True,False,True,30,MEDIUM,REPLAY_DETECTED,MONITOR
2026-10-07T01:43:56.303,0x200,ATTACKER,94,50,True,True,True,False,True,30,MEDIUM,REPLAY_DETECTED,MONITOR
2026-10-07T01:43:56.304,0x200,ATTACKER,95,50,True,True,True,False,True,30,MEDIUM,REPLAY_DETECTED,MONITOR
2026-10-07T01:43:56.304,0x200,ATTACKER,96,50,True,True,True,False,True,30,MEDIUM,REPLAY_DETECTED,MONITOR
2026-10-07T01:43:56.304,0x200,ATTACKER,97,50,True,True,True,False,True,30,MEDIUM,REPLAY_DETECTED,MONITOR
2026-10-07T01:43:56.305,0x200,ATTACKER,98,50,True,True,True,False,True,30,MEDIUM,REPLAY_DETECTED,MONITOR
2026-10-07T01:43:56.305,0x200,ATTACKER,99,50,True,True,True,False,True,30,MEDIUM,REPLAY_DETECTED,MONITOR
2026-10-07T01:43:56.306,0x200,ATTACKER,100,50,True,True,True,False,True,30,MEDIUM,REPLAY_DETECTED,MONITOR
2026-10-07T01:43:56.306,0x200,ATTACKER,101,50,True,True,True,True,True,60,HIGH,ABNORMAL_MESSAGE_RATE|REPLAY_DETECTED,BLOCK
2026-10-07T01:43:56.307,0x200,ATTACKER,102,50,True,True,True,True,True,60,HIGH,ABNORMAL_MESSAGE_RATE|REPLAY_DETECTED,BLOCK
2026-10-07T01:43:56.307,0x200,ATTACKER,103,50,True,True,True,True,True,60,HIGH,ABNORMAL_MESSAGE_RATE|REPLAY_DETECTED,BLOCK
2026-10-07T01:43:56.307,0x200,ATTACKER,104,50,True,True,True,True,True,60,HIGH,ABNORMAL_MESSAGE_RATE|REPLAY_DETECTED,BLOCK
2026-10-07T01:43:56.308,0x200,ATTACKER,105,50,True,True,True,True,True,60,HIGH,ABNORMAL_MESSAGE_RATE|REPLAY_DETECTED,BLOCK
2026-10-07T01:43:56.308,0x200,ATTACKER,106,50,True,True,True,True,True,60,HIGH,ABNORMAL_MESSAGE_RATE|REPLAY_DETECTED,BLOCK
2026-10-07T01:43:56.309,0x200,ATTACKER,107,50,True,True,True,True,True,60,HIGH,ABNORMAL_MESSAGE_RATE|REPLAY_DETECTED,BLOCK
2026-10-07T01:43:56.309,0x200,ATTACKER,108,50,True,True,True,True,True,60,HIGH,ABNORMAL_MESSAGE_RATE|REPLAY_DETECTED,BLOCK
2026-10-07T01:43:56.309,0x200,ATTACKER,109,50,True,True,True,True,True,60,HIGH,ABNORMAL_MESSAGE_RATE|REPLAY_DETECTED,BLOCK
2026-10-07T01:43:56.310,0x200,ATTACKER,110,50,True,True,True,True,True,60,HIGH,ABNORMAL_MESSAGE_RATE|REPLAY_DETECTED,BLOCK
2026-10-07T01:43:56.310,0x200,ATTACKER,111,50,True,True,True,True,True,60,HIGH,ABNORMAL_MESSAGE_RATE|REPLAY_DETECTED,BLOCK
2026-10-07T01:43:56.310,0x200,ATTACKER,112,50,True,True,True,True,True,60,HIGH,ABNORMAL_MESSAGE_RATE|REPLAY_DETECTED,BLOCK
2026-10-07T01:43:56.311,0x200,ATTACKER,113,50,True,True,True,True,True,60,HIGH,ABNORMAL_MESSAGE_RATE|REPLAY_DETECTED,BLOCK
2026-10-07T01:43:56.311,0x200,ATTACKER,114,50,True,True,True,True,True,60,HIGH,ABNORMAL_MESSAGE_RATE|REPLAY_DETECTED,BLOCK
2026-10-07T01:43:56.312,0x200,ATTACKER,115,50,True,True,True,True,True,60,HIGH,ABNORMAL_MESSAGE_RATE|REPLAY_DETECTED,BLOCK
2026-10-07T01:43:56.312,0x200,ATTACKER,116,50,True,True,True,True,True,60,HIGH,ABNORMAL_MESSAGE_RATE|REPLAY_DETECTED,BLOCK
2026-10-07T01:43:56.312,0x200,ATTACKER,117,50,True,True,True,True,True,60,HIGH,ABNORMAL_MESSAGE_RATE|REPLAY_DETECTED,BLOCK
2026-10-07T01:43:56.313,0x200,ATTACKER,118,50,True,True,True,True,True,60,HIGH,ABNORMAL_MESSAGE_RATE|REPLAY_DETECTED,BLOCK
2026-10-07T01:43:56.313,0x200,ATTACKER,119,50,True,True,True,True,True,60,HIGH,ABNORMAL_MESSAGE_RATE|REPLAY_DETECTED,BLOCK
2026-10-07T01:43:56.313,0x200,ATTACKER,120,50,True,True,True,True,True,60,HIGH,ABNORMAL_MESSAGE_RATE|REPLAY_DETECTED,BLOCK
2026-10-07T01:43:56.313,0x200,ATTACKER,121,50,True,True,True,True,True,60,HIGH,ABNORMAL_MESSAGE_RATE|REPLAY_DETECTED,BLOCK
2026-10-07T01:43:56.314,0x200,ATTACKER,122,50,True,True,True,True,True,60,HIGH,ABNORMAL_MESSAGE_RATE|REPLAY_DETECTED,BLOCK
2026-10-07T01:43:56.314,0x200,ATTACKER,123,50,True,True,True,True,True,60,HIGH,ABNORMAL_MESSAGE_RATE|REPLAY_DETECTED,BLOCK
2026-10-07T01:43:56.314,0x200,ATTACKER,124,50,True,True,True,True,True,60,HIGH,ABNORMAL_MESSAGE_RATE|REPLAY_DETECTED,BLOCK
2026-10-07T01:43:56.315,0x200,ATTACKER,125,50,True,True,True,True,True,60,HIGH,ABNORMAL_MESSAGE_RATE|REPLAY_DETECTED,BLOCK
2026-10-07T01:43:56.315,0x200,ATTACKER,126,50,True,True,True,True,True,60,HIGH,ABNORMAL_MESSAGE_RATE|REPLAY_DETECTED,BLOCK
2026-10-07T01:43:56.315,0x200,ATTACKER,127,50,True,True,True,True,True,60,HIGH,ABNORMAL_MESSAGE_RATE|REPLAY_DETECTED,BLOCK
2026-10-07T01:43:56.316,0x200,ATTACKER,128,50,True,True,True,True,True,60,HIGH,ABNORMAL_MESSAGE_RATE|REPLAY_DETECTED,BLOCK
2026-10-07T01:43:56.316,0x200,ATTACKER,129,50,True,True,True,True,True,60,HIGH,ABNORMAL_MESSAGE_RATE|REPLAY_DETECTED,BLOCK
2026-10-07T01:43:56.316,0x200,ATTACKER,130,50,True,True,True,True,True,60,HIGH,ABNORMAL_MESSAGE_RATE|REPLAY_DETECTED,BLOCK
2026-10-07T01:43:56.317,0x200,ATTACKER,131,50,True,True,True,True,True,60,HIGH,ABNORMAL_MESSAGE_RATE|REPLAY_DETECTED,BLOCK
2026-10-07T01:43:56.317,0x200,ATTACKER,132,50,True,True,True,True,True,60,HIGH,ABNORMAL_MESSAGE_RATE|REPLAY_DETECTED,BLOCK
2026-10-07T01:43:56.318,0x200,ATTACKER,133,50,True,True,True,True,True,60,HIGH,ABNORMAL_MESSAGE_RATE|REPLAY_DETECTED,BLOCK
2026-10-07T01:43:56.318,0x200,ATTACKER,134,50,True,True,True,True,True,60,HIGH,ABNORMAL_MESSAGE_RATE|REPLAY_DETECTED,BLOCK
2026-10-07T01:43:56.318,0x200,ATTACKER,135,50,True,True,True,True,True,60,HIGH,ABNORMAL_MESSAGE_RATE|REPLAY_DETECTED,BLOCK
2026-10-07T01:43:56.319,0x200,ATTACKER,136,50,True,True,True,True,True,60,HIGH,ABNORMAL_MESSAGE_RATE|REPLAY_DETECTED,BLOCK
2026-10-07T01:43:56.319,0x200,ATTACKER,137,50,True,True,True,True,True,60,HIGH,ABNORMAL_MESSAGE_RATE|REPLAY_DETECTED,BLOCK
2026-10-07T01:43:56.319,0x200,ATTACKER,138,50,True,True,True,True,True,60,HIGH,ABNORMAL_MESSAGE_RATE|REPLAY_DETECTED,BLOCK
2026-10-07T01:43:56.320,0x200,ATTACKER,139,50,True,True,True,True,True,60,HIGH,ABNORMAL_MESSAGE_RATE|REPLAY_DETECTED,BLOCK
2026-10-07T01:43:56.320,0x200,ATTACKER,140,50,True,True,True,True,True,60,HIGH,ABNORMAL_MESSAGE_RATE|REPLAY_DETECTED,BLOCK
2026-10-07T01:43:56.320,0x200,ATTACKER,141,50,True,True,True,True,True,60,HIGH,ABNORMAL_MESSAGE_RATE|REPLAY_DETECTED,BLOCK
2026-10-07T01:43:56.321,0x200,ATTACKER,141,50,True,True,True,True,True,60,HIGH,ABNORMAL_MESSAGE_RATE|REPLAY_DETECTED,BLOCK
2026-10-07T01:43:56.321,0x200,ATTACKER,142,50,True,True,True,True,True,60,HIGH,ABNORMAL_MESSAGE_RATE|REPLAY_DETECTED,BLOCK
2026-10-07T01:43:56.321,0x200,ATTACKER,143,50,True,True,True,True,True,60,HIGH,ABNORMAL_MESSAGE_RATE|REPLAY_DETECTED,BLOCK
2026-10-07T01:43:56.322,0x200,ATTACKER,144,50,True,True,True,True,True,60,HIGH,ABNORMAL_MESSAGE_RATE|REPLAY_DETECTED,BLOCK
2026-10-07T01:43:56.322,0x200,ATTACKER,145,50,True,True,True,True,True,60,HIGH,ABNORMAL_MESSAGE_RATE|REPLAY_DETECTED,BLOCK
2026-10-07T01:43:56.323,0x200,ATTACKER,146,50,True,True,True,True,True,60,HIGH,ABNORMAL_MESSAGE_RATE|REPLAY_DETECTED,BLOCK
2026-10-07T01:43:56.323,0x200,ATTACKER,147,50,True,True,True,True,True,60,HIGH,ABNORMAL_MESSAGE_RATE|REPLAY_DETECTED,BLOCK
2026-10-07T01:43:56.323,0x200,ATTACKER,148,50,True,True,True,True,True,60,HIGH,ABNORMAL_MESSAGE_RATE|REPLAY_DETECTED,BLOCK
2026-10-07T01:43:56.324,0x200,ATTACKER,149,50,True,True,True,True,True,60,HIGH,ABNORMAL_MESSAGE_RATE|REPLAY_DETECTED,BLOCK
2026-10-07T01:43:56.324,0x200,ATTACKER,150,50,True,True,True,True,True,60,HIGH,ABNORMAL_MESSAGE_RATE|REPLAY_DETECTED,BLOCK
2026-10-07T01:43:56.324,0x200,ATTACKER,151,50,True,True,True,True,True,60,HIGH,ABNORMAL_MESSAGE_RATE|REPLAY_DETECTED,BLOCK
2026-10-07T01:43:56.325,0x200,ATTACKER,152,50,True,True,True,True,True,60,HIGH,ABNORMAL_MESSAGE_RATE|REPLAY_DETECTED,BLOCK
2026-10-07T01:43:56.325,0x200,ATTACKER,153,50,True,True,True,True,True,60,HIGH,ABNORMAL_MESSAGE_RATE|REPLAY_DETECTED,BLOCK
2026-10-07T01:43:56.325,0x200,ATTACKER,154,50,True,True,True,True,True,60,HIGH,ABNORMAL_MESSAGE_RATE|REPLAY_DETECTED,BLOCK
2026-10-07T01:43:56.326,0x200,ATTACKER,155,50,True,True,True,True,True,60,HIGH,ABNORMAL_MESSAGE_RATE|REPLAY_DETECTED,BLOCK
2026-10-07T01:43:56.326,0x200,ATTACKER,156,50,True,True,True,True,True,60,HIGH,ABNORMAL_MESSAGE_RATE|REPLAY_DETECTED,BLOCK
2026-10-07T01:43:56.326,0x200,ATTACKER,157,50,True,True,True,True,True,60,HIGH,ABNORMAL_MESSAGE_RATE|REPLAY_DETECTED,BLOCK
2026-10-07T01:43:56.327,0x200,ATTACKER,158,50,True,True,True,True,True,60,HIGH,ABNORMAL_MESSAGE_RATE|REPLAY_DETECTED,BLOCK
2026-10-07T01:43:56.327,0x200,ATTACKER,159,50,True,True,True,True,True,60,HIGH,ABNORMAL_MESSAGE_RATE|REPLAY_DETECTED,BLOCK
2026-10-07T01:43:56.327,0x200,ATTACKER,160,50,True,True,True,True,True,60,HIGH,ABNORMAL_MESSAGE_RATE|REPLAY_DETECTED,BLOCK
2026-10-07T01:43:56.328,0x200,ATTACKER,161,50,True,True,True,True,True,60,HIGH,ABNORMAL_MESSAGE_RATE|REPLAY_DETECTED,BLOCK
2026-10-07T01:43:56.328,0x200,ATTACKER,162,50,True,True,True,True,True,60,HIGH,ABNORMAL_MESSAGE_RATE|REPLAY_DETECTED,BLOCK
2026-10-07T01:43:56.328,0x200,ATTACKER,163,50,True,True,True,True,True,60,HIGH,ABNORMAL_MESSAGE_RATE|REPLAY_DETECTED,BLOCK
2026-10-07T01:43:56.329,0x200,ATTACKER,164,50,True,True,True,True,True,60,HIGH,ABNORMAL_MESSAGE_RATE|REPLAY_DETECTED,BLOCK
2026-10-07T01:43:56.329,0x200,ATTACKER,165,50,True,True,True,True,True,60,HIGH,ABNORMAL_MESSAGE_RATE|REPLAY_DETECTED,BLOCK
2026-10-07T01:43:56.329,0x200,ATTACKER,166,50,True,True,True,True,True,60,HIGH,ABNORMAL_MESSAGE_RATE|REPLAY_DETECTED,BLOCK
2026-10-07T01:43:56.330,0x200,ATTACKER,167,50,True,True,True,True,True,60,HIGH,ABNORMAL_MESSAGE_RATE|REPLAY_DETECTED,BLOCK
2026-10-07T01:43:56.330,0x200,ATTACKER,168,50,True,True,True,True,True,60,HIGH,ABNORMAL_MESSAGE_RATE|REPLAY_DETECTED,BLOCK
2026-10-07T01:43:56.330,0x200,ATTACKER,169,50,True,True,True,True,True,60,HIGH,ABNORMAL_MESSAGE_RATE|REPLAY_DETECTED,BLOCK
2026-10-07T01:43:56.331,0x200,ATTACKER,170,50,True,True,True,True,True,60,HIGH,ABNORMAL_MESSAGE_RATE|REPLAY_DETECTED,BLOCK
2026-10-07T01:43:56.331,0x200,ATTACKER,171,50,True,True,True,True,True,60,HIGH,ABNORMAL_MESSAGE_RATE|REPLAY_DETECTED,BLOCK
2026-10-07T01:43:56.331,0x200,ATTACKER,172,50,True,True,True,True,True,60,HIGH,ABNORMAL_MESSAGE_RATE|REPLAY_DETECTED,BLOCK
2026-10-07T01:43:56.332,0x200,ATTACKER,173,50,True,True,True,True,True,60,HIGH,ABNORMAL_MESSAGE_RATE|REPLAY_DETECTED,BLOCK
2026-10-07T01:43:56.332,0x200,ATTACKER,174,50,True,True,True,True,True,60,HIGH,ABNORMAL_MESSAGE_RATE|REPLAY_DETECTED,BLOCK
2026-10-07T01:43:56.332,0x200,ATTACKER,175,50,True,True,True,True,True,60,HIGH,ABNORMAL_MESSAGE_RATE|REPLAY_DETECTED,BLOCK
2026-10-07T01:43:56.333,0x200,ATTACKER,176,50,True,True,True,True,True,60,HIGH,ABNORMAL_MESSAGE_RATE|REPLAY_DETECTED,BLOCK
2026-10-07T01:43:56.333,0x200,ATTACKER,177,50,True,True,True,True,True,60,HIGH,ABNORMAL_MESSAGE_RATE|REPLAY_DETECTED,BLOCK
2026-10-07T01:43:56.333,0x200,ATTACKER,178,50,True,True,True,True,True,60,HIGH,ABNORMAL_MESSAGE_RATE|REPLAY_DETECTED,BLOCK
2026-10-07T01:43:56.334,0x200,ATTACKER,179,50,True,True,True,True,True,60,HIGH,ABNORMAL_MESSAGE_RATE|REPLAY_DETECTED,BLOCK
2026-10-07T01:43:56.334,0x200,ATTACKER,180,50,True,True,True,True,True,60,HIGH,ABNORMAL_MESSAGE_RATE|REPLAY_DETECTED,BLOCK
2026-10-07T01:43:56.334,0x200,ATTACKER,181,50,True,True,True,True,True,60,HIGH,ABNORMAL_MESSAGE_RATE|REPLAY_DETECTED,BLOCK
2026-10-07T01:43:56.335,0x200,ATTACKER,182,50,True,True,True,True,True,60,HIGH,ABNORMAL_MESSAGE_RATE|REPLAY_DETECTED,BLOCK
2026-10-07T01:43:56.335,0x200,ATTACKER,183,50,True,True,True,True,True,60,HIGH,ABNORMAL_MESSAGE_RATE|REPLAY_DETECTED,BLOCK
2026-10-07T01:43:56.335,0x200,ATTACKER,184,50,True,True,True,True,True,60,HIGH,ABNORMAL_MESSAGE_RATE|REPLAY_DETECTED,BLOCK
2026-10-07T01:43:56.336,0x200,ATTACKER,185,50,True,True,True,True,True,60,HIGH,ABNORMAL_MESSAGE_RATE|REPLAY_DETECTED,BLOCK
2026-10-07T01:43:56.336,0x200,ATTACKER,186,50,True,True,True,True,True,60,HIGH,ABNORMAL_MESSAGE_RATE|REPLAY_DETECTED,BLOCK
2026-10-07T01:43:56.336,0x200,ATTACKER,187,50,True,True,True,True,True,60,HIGH,ABNORMAL_MESSAGE_RATE|REPLAY_DETECTED,BLOCK
2026-10-07T01:43:56.337,0x200,ATTACKER,188,50,True,True,True,True,True,60,HIGH,ABNORMAL_MESSAGE_RATE|REPLAY_DETECTED,BLOCK
2026-10-07T01:43:56.337,0x200,ATTACKER,189,50,True,True,True,True,True,60,HIGH,ABNORMAL_MESSAGE_RATE|REPLAY_DETECTED,BLOCK
2026-10-07T01:43:56.337,0x200,ATTACKER,190,50,True,True,True,True,True,60,HIGH,ABNORMAL_MESSAGE_RATE|REPLAY_DETECTED,BLOCK
2026-10-07T01:43:56.338,0x200,ATTACKER,191,50,True,True,True,True,True,60,HIGH,ABNORMAL_MESSAGE_RATE|REPLAY_DETECTED,BLOCK
2026-10-07T01:43:56.338,0x200,ATTACKER,192,50,True,True,True,True,True,60,HIGH,ABNORMAL_MESSAGE_RATE|REPLAY_DETECTED,BLOCK
2026-10-07T01:43:56.338,0x200,ATTACKER,193,50,True,True,True,True,True,60,HIGH,ABNORMAL_MESSAGE_RATE|REPLAY_DETECTED,BLOCK
2026-10-07T01:43:56.339,0x200,ATTACKER,194,50,True,True,True,True,True,60,HIGH,ABNORMAL_MESSAGE_RATE|REPLAY_DETECTED,BLOCK
2026-10-07T01:43:56.339,0x200,ATTACKER,195,50,True,True,True,True,True,60,HIGH,ABNORMAL_MESSAGE_RATE|REPLAY_DETECTED,BLOCK
2026-10-07T01:43:56.340,0x200,ATTACKER,196,50,True,True,True,True,True,60,HIGH,ABNORMAL_MESSAGE_RATE|REPLAY_DETECTED,BLOCK
2026-10-07T01:43:56.340,0x200,ATTACKER,197,50,True,True,True,True,True,60,HIGH,ABNORMAL_MESSAGE_RATE|REPLAY_DETECTED,BLOCK
2026-10-07T01:43:56.340,0x200,ATTACKER,198,50,True,True,True,True,True,60,HIGH,ABNORMAL_MESSAGE_RATE|REPLAY_DETECTED,BLOCK
2026-10-07T01:43:56.341,0x200,ATTACKER,199,50,True,True,True,True,True,60,HIGH,ABNORMAL_MESSAGE_RATE|REPLAY_DETECTED,BLOCK
2026-10-07T01:43:56.341,0x200,ATTACKER,200,50,True,True,True,True,True,60,HIGH,ABNORMAL_MESSAGE_RATE|REPLAY_DETECTED,BLOCK
2026-10-07T01:43:56.341,0x200,ATTACKER,201,50,True,True,True,True,True,60,HIGH,ABNORMAL_MESSAGE_RATE|REPLAY_DETECTED,BLOCK
2026-10-07T01:43:56.342,0x200,ATTACKER,202,50,True,True,True,True,True,60,HIGH,ABNORMAL_MESSAGE_RATE|REPLAY_DETECTED,BLOCK
2026-10-07T01:43:56.342,0x200,ATTACKER,203,50,True,True,True,True,True,60,HIGH,ABNORMAL_MESSAGE_RATE|REPLAY_DETECTED,BLOCK
2026-10-07T01:43:56.342,0x200,ATTACKER,204,50,True,True,True,True,True,60,HIGH,ABNORMAL_MESSAGE_RATE|REPLAY_DETECTED,BLOCK
2026-10-07T01:43:56.343,0x200,ATTACKER,205,50,True,True,True,True,True,60,HIGH,ABNORMAL_MESSAGE_RATE|REPLAY_DETECTED,BLOCK
2026-10-07T01:43:56.343,0x200,ATTACKER,206,50,True,True,True,True,True,60,HIGH,ABNORMAL_MESSAGE_RATE|REPLAY_DETECTED,BLOCK
2026-10-07T01:43:56.344,0x200,ATTACKER,206,50,True,True,True,True,True,60,HIGH,ABNORMAL_MESSAGE_RATE|REPLAY_DETECTED,BLOCK
2026-10-07T01:43:56.344,0x200,ATTACKER,207,50,True,True,True,True,True,60,HIGH,ABNORMAL_MESSAGE_RATE|REPLAY_DETECTED,BLOCK
2026-10-07T01:43:56.344,0x200,ATTACKER,207,50,True,True,True,True,True,60,HIGH,ABNORMAL_MESSAGE_RATE|REPLAY_DETECTED,BLOCK
2026-10-07T01:43:56.344,0x200,ATTACKER,208,50,True,True,True,True,True,60,HIGH,ABNORMAL_MESSAGE_RATE|REPLAY_DETECTED,BLOCK
2026-10-07T01:43:56.345,0x200,ATTACKER,209,50,True,True,True,True,True,60,HIGH,ABNORMAL_MESSAGE_RATE|REPLAY_DETECTED,BLOCK
2026-10-07T01:43:56.345,0x200,ATTACKER,210,50,True,True,True,True,True,60,HIGH,ABNORMAL_MESSAGE_RATE|REPLAY_DETECTED,BLOCK
2026-10-07T01:43:56.346,0x200,ATTACKER,211,50,True,True,True,True,True,60,HIGH,ABNORMAL_MESSAGE_RATE|REPLAY_DETECTED,BLOCK
2026-10-07T01:43:56.346,0x200,ATTACKER,212,50,True,True,True,True,True,60,HIGH,ABNORMAL_MESSAGE_RATE|REPLAY_DETECTED,BLOCK
2026-10-07T01:43:56.346,0x200,ATTACKER,213,50,True,True,True,True,True,60,HIGH,ABNORMAL_MESSAGE_RATE|REPLAY_DETECTED,BLOCK
2026-10-07T01:43:56.347,0x200,ATTACKER,214,50,True,True,True,True,True,60,HIGH,ABNORMAL_MESSAGE_RATE|REPLAY_DETECTED,BLOCK
2026-10-07T01:43:56.347,0x200,ATTACKER,215,50,True,True,True,True,True,60,HIGH,ABNORMAL_MESSAGE_RATE|REPLAY_DETECTED,BLOCK
2026-10-07T01:43:56.347,0x200,ATTACKER,216,50,True,True,True,True,True,60,HIGH,ABNORMAL_MESSAGE_RATE|REPLAY_DETECTED,BLOCK
2026-10-07T01:43:56.347,0x200,ATTACKER,217,50,True,True,True,True,True,60,HIGH,ABNORMAL_MESSAGE_RATE|REPLAY_DETECTED,BLOCK
2026-10-07T01:43:56.348,0x200,ATTACKER,218,50,True,True,True,True,True,60,HIGH,ABNORMAL_MESSAGE_RATE|REPLAY_DETECTED,BLOCK
2026-10-07T01:43:56.348,0x200,ATTACKER,219,50,True,True,True,True,True,60,HIGH,ABNORMAL_MESSAGE_RATE|REPLAY_DETECTED,BLOCK
2026-10-07T01:43:56.348,0x200,ATTACKER,220,50,True,True,True,True,True,60,HIGH,ABNORMAL_MESSAGE_RATE|REPLAY_DETECTED,BLOCK
2026-10-07T01:43:56.349,0x200,ATTACKER,221,50,True,True,True,True,True,60,HIGH,ABNORMAL_MESSAGE_RATE|REPLAY_DETECTED,BLOCK
2026-10-07T01:43:56.349,0x200,ATTACKER,222,50,True,True,True,True,True,60,HIGH,ABNORMAL_MESSAGE_RATE|REPLAY_DETECTED,BLOCK
2026-10-07T01:43:56.349,0x200,ATTACKER,223,50,True,True,True,True,True,60,HIGH,ABNORMAL_MESSAGE_RATE|REPLAY_DETECTED,BLOCK
2026-10-07T01:43:56.350,0x200,ATTACKER,224,50,True,True,True,True,True,60,HIGH,ABNORMAL_MESSAGE_RATE|REPLAY_DETECTED,BLOCK
2026-10-07T01:43:56.350,0x200,ATTACKER,225,50,True,True,True,True,True,60,HIGH,ABNORMAL_MESSAGE_RATE|REPLAY_DETECTED,BLOCK
2026-10-07T01:43:56.350,0x200,ATTACKER,226,50,True,True,True,True,True,60,HIGH,ABNORMAL_MESSAGE_RATE|REPLAY_DETECTED,BLOCK
2026-10-07T01:43:56.351,0x200,ATTACKER,227,50,True,True,True,True,True,60,HIGH,ABNORMAL_MESSAGE_RATE|REPLAY_DETECTED,BLOCK
2026-10-07T01:43:56.351,0x200,ATTACKER,228,50,True,True,True,True,True,60,HIGH,ABNORMAL_MESSAGE_RATE|REPLAY_DETECTED,BLOCK
2026-10-07T01:43:56.351,0x200,ATTACKER,229,50,True,True,True,True,True,60,HIGH,ABNORMAL_MESSAGE_RATE|REPLAY_DETECTED,BLOCK
2026-10-07T01:43:56.352,0x200,ATTACKER,230,50,True,True,True,True,True,60,HIGH,ABNORMAL_MESSAGE_RATE|REPLAY_DETECTED,BLOCK
2026-10-07T01:43:56.352,0x200,ATTACKER,231,50,True,True,True,True,True,60,HIGH,ABNORMAL_MESSAGE_RATE|REPLAY_DETECTED,BLOCK
2026-10-07T01:43:56.352,0x200,ATTACKER,232,50,True,True,True,True,True,60,HIGH,ABNORMAL_MESSAGE_RATE|REPLAY_DETECTED,BLOCK
2026-10-07T01:43:56.353,0x200,ATTACKER,233,50,True,True,True,True,True,60,HIGH,ABNORMAL_MESSAGE_RATE|REPLAY_DETECTED,BLOCK
2026-10-07T01:43:56.353,0x200,ATTACKER,234,50,True,True,True,True,True,60,HIGH,ABNORMAL_MESSAGE_RATE|REPLAY_DETECTED,BLOCK
2026-10-07T01:43:56.353,0x200,ATTACKER,235,50,True,True,True,True,True,60,HIGH,ABNORMAL_MESSAGE_RATE|REPLAY_DETECTED,BLOCK
2026-10-07T01:43:56.354,0x200,ATTACKER,236,50,True,True,True,True,True,60,HIGH,ABNORMAL_MESSAGE_RATE|REPLAY_DETECTED,BLOCK
2026-10-07T01:43:56.354,0x200,ATTACKER,237,50,True,True,True,True,True,60,HIGH,ABNORMAL_MESSAGE_RATE|REPLAY_DETECTED,BLOCK
2026-10-07T01:43:56.354,0x200,ATTACKER,238,50,True,True,True,True,True,60,HIGH,ABNORMAL_MESSAGE_RATE|REPLAY_DETECTED,BLOCK
2026-10-07T01:43:56.355,0x200,ATTACKER,239,50,True,True,True,True,True,60,HIGH,ABNORMAL_MESSAGE_RATE|REPLAY_DETECTED,BLOCK
2026-10-07T01:43:56.355,0x200,ATTACKER,240,50,True,True,True,True,True,60,HIGH,ABNORMAL_MESSAGE_RATE|REPLAY_DETECTED,BLOCK
2026-10-07T01:43:56.355,0x200,ATTACKER,241,50,True,True,True,True,True,60,HIGH,ABNORMAL_MESSAGE_RATE|REPLAY_DETECTED,BLOCK
2026-10-07T01:43:56.356,0x200,ATTACKER,242,50,True,True,True,True,True,60,HIGH,ABNORMAL_MESSAGE_RATE|REPLAY_DETECTED,BLOCK
2026-10-07T01:43:56.356,0x200,ATTACKER,243,50,True,True,True,True,True,60,HIGH,ABNORMAL_MESSAGE_RATE|REPLAY_DETECTED,BLOCK
2026-10-07T01:43:56.357,0x200,ATTACKER,244,50,True,True,True,True,True,60,HIGH,ABNORMAL_MESSAGE_RATE|REPLAY_DETECTED,BLOCK
2026-10-07T01:43:56.357,0x200,ATTACKER,245,50,True,True,True,True,True,60,HIGH,ABNORMAL_MESSAGE_RATE|REPLAY_DETECTED,BLOCK
2026-10-07T01:43:56.357,0x200,ATTACKER,246,50,True,True,True,True,True,60,HIGH,ABNORMAL_MESSAGE_RATE|REPLAY_DETECTED,BLOCK
2026-10-07T01:43:56.358,0x200,ATTACKER,247,50,True,True,True,True,True,60,HIGH,ABNORMAL_MESSAGE_RATE|REPLAY_DETECTED,BLOCK
2026-10-07T01:43:56.358,0x200,ATTACKER,248,50,True,True,True,True,True,60,HIGH,ABNORMAL_MESSAGE_RATE|REPLAY_DETECTED,BLOCK
2026-10-07T01:43:56.358,0x200,ATTACKER,249,50,True,True,True,True,True,60,HIGH,ABNORMAL_MESSAGE_RATE|REPLAY_DETECTED,BLOCK
2026-10-07T01:43:56.365,0x100,BRAKE,93,100,True,True,True,False,True,30,MEDIUM,REPLAY_DETECTED,MONITOR
2026-10-07T01:43:56.365,0x200,SPEED,249,50,True,True,True,True,True,60,HIGH,ABNORMAL_MESSAGE_RATE|REPLAY_DETECTED,BLOCK
2026-10-07T01:43:56.372,0x100,BRAKE,93,100,True,True,True,False,True,30,MEDIUM,REPLAY_DETECTED,MONITOR
2026-10-07T01:43:56.373,0x200,SPEED,250,50,True,True,True,True,True,60,HIGH,ABNORMAL_MESSAGE_RATE|REPLAY_DETECTED,BLOCK
2026-10-07T01:43:56.379,0x100,BRAKE,94,100,True,True,True,False,True,30,MEDIUM,REPLAY_DETECTED,MONITOR
2026-10-07T01:43:56.380,0x200,SPEED,251,50,True,True,True,True,True,60,HIGH,ABNORMAL_MESSAGE_RATE|REPLAY_DETECTED,BLOCK
2026-10-07T01:43:56.386,0x100,BRAKE,94,100,True,True,True,False,True,30,MEDIUM,REPLAY_DETECTED,MONITOR
2026-10-07T01:43:56.387,0x120,STEERING,49,50,True,True,True,False,True,30,MEDIUM,REPLAY_DETECTED,MONITOR
2026-10-07T01:43:56.387,0x200,SPEED,251,50,True,True,True,True,True,60,HIGH,ABNORMAL_MESSAGE_RATE|REPLAY_DETECTED,BLOCK
2026-10-07T01:43:56.394,0x100,BRAKE,94,100,True,True,True,False,True,30,MEDIUM,REPLAY_DETECTED,MONITOR
2026-10-07T01:43:56.394,0x200,SPEED,252,50,True,True,True,True,True,60,HIGH,ABNORMAL_MESSAGE_RATE|REPLAY_DETECTED,BLOCK
2026-10-07T01:43:56.401,0x100,BRAKE,95,100,True,True,True,False,True,30,MEDIUM,REPLAY_DETECTED,MONITOR
2026-10-07T01:43:56.401,0x200,SPEED,253,50,True,True,True,True,True,60,HIGH,ABNORMAL_MESSAGE_RATE|REPLAY_DETECTED,BLOCK
2026-10-07T01:43:56.408,0x100,BRAKE,95,100,True,True,True,False,True,30,MEDIUM,REPLAY_DETECTED,MONITOR
2026-10-07T01:43:56.414,0x100,BRAKE,95,100,True,True,True,False,True,30,MEDIUM,REPLAY_DETECTED,MONITOR
2026-10-07T01:43:56.421,0x100,BRAKE,95,100,True,True,True,False,True,30,MEDIUM,REPLAY_DETECTED,MONITOR
2026-10-07T01:43:56.421,0x200,SPEED,252,50,True,True,True,True,True,60,HIGH,ABNORMAL_MESSAGE_RATE|REPLAY_DETECTED,BLOCK
2026-10-07T01:43:56.422,0x300,INSTRUMENT,10,10,True,True,True,False,True,30,MEDIUM,REPLAY_DETECTED,MONITOR
2026-10-07T01:43:56.428,0x100,BRAKE,96,100,True,True,True,False,True,30,MEDIUM,REPLAY_DETECTED,MONITOR
2026-10-07T01:43:56.435,0x100,BRAKE,96,100,True,True,True,False,True,30,MEDIUM,REPLAY_DETECTED,MONITOR
2026-10-07T01:43:56.441,0x100,BRAKE,96,100,True,True,True,False,True,30,MEDIUM,REPLAY_DETECTED,MONITOR
2026-10-07T01:43:56.442,0x200,SPEED,253,50,True,True,True,True,True,60,HIGH,ABNORMAL_MESSAGE_RATE|REPLAY_DETECTED,BLOCK
2026-10-07T01:43:56.449,0x100,BRAKE,97,100,True,True,True,False,True,30,MEDIUM,REPLAY_DETECTED,MONITOR
2026-10-07T01:43:56.455,0x100,BRAKE,97,100,True,True,True,False,True,30,MEDIUM,REPLAY_DETECTED,MONITOR
2026-10-07T01:43:56.462,0x100,BRAKE,97,100,True,True,True,False,True,30,MEDIUM,REPLAY_DETECTED,MONITOR
2026-10-07T01:43:56.462,0x200,SPEED,252,50,True,True,True,True,True,60,HIGH,ABNORMAL_MESSAGE_RATE|REPLAY_DETECTED,BLOCK
2026-10-07T01:43:56.469,0x100,BRAKE,97,100,True,True,True,False,True,30,MEDIUM,REPLAY_DETECTED,MONITOR
2026-10-07T01:43:56.476,0x100,BRAKE,98,100,True,True,True,False,True,30,MEDIUM,REPLAY_DETECTED,MONITOR
2026-10-07T01:43:56.482,0x100,BRAKE,98,100,True,True,True,False,True,30,MEDIUM,REPLAY_DETECTED,MONITOR
2026-10-07T01:43:56.483,0x200,SPEED,252,50,True,True,True,True,True,60,HIGH,ABNORMAL_MESSAGE_RATE|REPLAY_DETECTED,BLOCK
2026-10-07T01:43:56.489,0x100,BRAKE,98,100,True,True,True,False,True,30,MEDIUM,REPLAY_DETECTED,MONITOR
2026-10-07T01:43:56.495,0x100,BRAKE,99,100,True,True,True,False,True,30,MEDIUM,REPLAY_DETECTED,MONITOR
2026-10-07T01:43:56.502,0x100,BRAKE,99,100,True,True,True,False,True,30,MEDIUM,REPLAY_DETECTED,MONITOR
2026-10-07T01:43:56.503,0x120,STEERING,50,50,True,True,True,False,True,30,MEDIUM,REPLAY_DETECTED,MONITOR
2026-10-07T01:43:56.503,0x200,SPEED,252,50,True,True,True,True,True,60,HIGH,ABNORMAL_MESSAGE_RATE|REPLAY_DETECTED,BLOCK
2026-10-07T01:43:56.510,0x100,BRAKE,99,100,True,True,True,False,True,30,MEDIUM,REPLAY_DETECTED,MONITOR
2026-10-07T01:43:56.517,0x100,BRAKE,100,100,True,True,True,False,True,30,MEDIUM,REPLAY_DETECTED,MONITOR
2026-10-07T01:43:56.517,0x200,SPEED,252,50,True,True,True,True,True,60,HIGH,ABNORMAL_MESSAGE_RATE|REPLAY_DETECTED,BLOCK
2026-10-07T01:43:56.524,0x100,BRAKE,100,100,True,True,True,False,True,30,MEDIUM,REPLAY_DETECTED,MONITOR
2026-10-07T01:43:56.531,0x100,BRAKE,100,100,True,True,True,False,True,30,MEDIUM,REPLAY_DETECTED,MONITOR
2026-10-07T01:43:56.537,0x100,BRAKE,101,100,True,True,True,False,True,30,MEDIUM,REPLAY_DETECTED,MONITOR
2026-10-07T01:43:56.538,0x200,SPEED,252,50,True,True,True,True,True,60,HIGH,ABNORMAL_MESSAGE_RATE|REPLAY_DETECTED,BLOCK
2026-10-07T01:43:56.551,0x100,BRAKE,100,100,True,True,True,False,True,30,MEDIUM,REPLAY_DETECTED,MONITOR
2026-10-07T01:43:56.558,0x100,BRAKE,101,100,True,True,True,False,True,30,MEDIUM,REPLAY_DETECTED,MONITOR
2026-10-07T01:43:56.558,0x200,SPEED,252,50,True,True,True,True,False,30,MEDIUM,ABNORMAL_MESSAGE_RATE,MONITOR
2026-10-07T01:43:56.571,0x100,BRAKE,100,100,True,True,True,False,True,30,MEDIUM,REPLAY_DETECTED,MONITOR
2026-10-07T01:43:56.572,0x180,ADAS,20,20,True,True,True,False,True,30,MEDIUM,REPLAY_DETECTED,MONITOR
2026-10-07T01:43:56.579,0x100,BRAKE,100,100,True,True,True,False,True,30,MEDIUM,REPLAY_DETECTED,MONITOR
2026-10-07T01:43:56.579,0x200,SPEED,251,50,True,True,True,True,True,60,HIGH,ABNORMAL_MESSAGE_RATE|REPLAY_DETECTED,BLOCK
2026-10-07T01:43:56.586,0x100,BRAKE,101,100,True,True,True,False,True,30,MEDIUM,REPLAY_DETECTED,MONITOR
2026-10-07T01:43:56.599,0x100,BRAKE,100,100,True,True,True,False,True,30,MEDIUM,REPLAY_DETECTED,MONITOR
2026-10-07T01:43:56.600,0x200,SPEED,251,50,True,True,True,True,True,60,HIGH,ABNORMAL_MESSAGE_RATE|REPLAY_DETECTED,BLOCK
2026-10-07T01:43:56.607,0x100,BRAKE,101,100,True,True,True,False,True,30,MEDIUM,REPLAY_DETECTED,MONITOR
2026-10-07T01:43:56.619,0x100,BRAKE,100,100,True,True,True,False,True,30,MEDIUM,REPLAY_DETECTED,MONITOR
2026-10-07T01:43:56.620,0x180,ADAS,20,20,True,True,True,False,True,30,MEDIUM,REPLAY_DETECTED,MONITOR
2026-10-07T01:43:56.620,0x200,SPEED,251,50,True,True,True,True,False,30,MEDIUM,ABNORMAL_MESSAGE_RATE,MONITOR
2026-10-07T01:43:56.627,0x100,BRAKE,101,100,True,True,True,False,True,30,MEDIUM,REPLAY_DETECTED,MONITOR
2026-10-07T01:43:56.640,0x100,BRAKE,100,100,True,True,True,False,True,30,MEDIUM,REPLAY_DETECTED,MONITOR
2026-10-07T01:43:56.640,0x200,SPEED,251,50,True,True,True,True,True,60,HIGH,ABNORMAL_MESSAGE_RATE|REPLAY_DETECTED,BLOCK
2026-10-07T01:43:56.647,0x100,BRAKE,101,100,True,True,True,False,True,30,MEDIUM,REPLAY_DETECTED,MONITOR
2026-10-07T01:43:56.660,0x100,BRAKE,100,100,True,True,True,False,True,30,MEDIUM,REPLAY_DETECTED,MONITOR
2026-10-07T01:43:56.661,0x200,SPEED,251,50,True,True,True,True,True,60,HIGH,ABNORMAL_MESSAGE_RATE|REPLAY_DETECTED,BLOCK
2026-10-07T01:43:56.668,0x100,BRAKE,100,100,True,True,True,False,True,30,MEDIUM,REPLAY_DETECTED,MONITOR
2026-10-07T01:43:56.668,0x180,ADAS,20,20,True,True,True,False,True,30,MEDIUM,REPLAY_DETECTED,MONITOR
2026-10-07T01:43:56.681,0x100,BRAKE,101,100,True,True,True,False,True,30,MEDIUM,REPLAY_DETECTED,MONITOR
2026-10-07T01:43:56.682,0x200,SPEED,252,50,True,True,True,True,False,30,MEDIUM,ABNORMAL_MESSAGE_RATE,MONITOR
2026-10-07T01:43:56.688,0x100,BRAKE,101,100,True,True,True,False,True,30,MEDIUM,REPLAY_DETECTED,MONITOR
2026-10-07T01:43:56.701,0x100,BRAKE,101,100,True,True,True,False,True,30,MEDIUM,REPLAY_DETECTED,MONITOR
2026-10-07T01:43:56.701,0x200,SPEED,252,50,True,True,True,True,True,60,HIGH,ABNORMAL_MESSAGE_RATE|REPLAY_DETECTED,BLOCK
2026-10-07T01:43:56.702,0x555,ATTACKER,1,,False,True,True,True,True,100,CRITICAL,UNKNOWN_CAN_ID|ABNORMAL_MESSAGE_RATE|REPLAY_DETECTED,BLOCK_AND_ISOLATE
2026-10-07T01:43:56.707,0x100,BRAKE,101,100,True,True,True,False,True,30,MEDIUM,REPLAY_DETECTED,MONITOR
2026-10-07T01:43:56.720,0x100,BRAKE,101,100,True,True,True,False,True,30,MEDIUM,REPLAY_DETECTED,MONITOR
2026-10-07T01:43:56.720,0x200,SPEED,252,50,True,True,True,True,True,60,HIGH,ABNORMAL_MESSAGE_RATE|REPLAY_DETECTED,BLOCK
2026-10-07T01:43:56.721,0x300,INSTRUMENT,11,10,True,True,True,False,True,30,MEDIUM,REPLAY_DETECTED,MONITOR
2026-10-07T01:43:56.727,0x100,BRAKE,101,100,True,True,True,False,True,30,MEDIUM,REPLAY_DETECTED,MONITOR
2026-10-07T01:43:56.740,0x100,BRAKE,101,100,True,True,True,False,True,30,MEDIUM,REPLAY_DETECTED,MONITOR
2026-10-07T01:43:56.741,0x200,SPEED,252,50,True,True,True,True,True,60,HIGH,ABNORMAL_MESSAGE_RATE|REPLAY_DETECTED,BLOCK
2026-10-07T01:43:56.747,0x100,BRAKE,101,100,True,True,True,False,True,30,MEDIUM,REPLAY_DETECTED,MONITOR
2026-10-07T01:43:56.760,0x100,BRAKE,100,100,True,True,True,False,True,30,MEDIUM,REPLAY_DETECTED,MONITOR
2026-10-07T01:43:56.761,0x200,SPEED,251,50,True,True,True,True,True,60,HIGH,ABNORMAL_MESSAGE_RATE|REPLAY_DETECTED,BLOCK
2026-10-07T01:43:56.768,0x100,BRAKE,100,100,True,True,True,False,True,30,MEDIUM,REPLAY_DETECTED,MONITOR
2026-10-07T01:43:56.768,0x180,ADAS,21,20,True,True,True,False,True,30,MEDIUM,REPLAY_DETECTED,MONITOR
2026-10-07T01:43:56.768,0x200,ATTACKER,252,50,True,True,False,True,False,60,HIGH,ABNORMAL_MESSAGE_RATE|INVALID_PAYLOAD,BLOCK
2026-10-07T01:43:56.781,0x100,BRAKE,100,100,True,True,True,False,True,30,MEDIUM,REPLAY_DETECTED,MONITOR
2026-10-07T01:43:56.782,0x200,SPEED,252,50,True,True,True,True,True,60,HIGH,ABNORMAL_MESSAGE_RATE|REPLAY_DETECTED,BLOCK
2026-10-07T01:43:56.788,0x100,BRAKE,101,100,True,True,True,False,True,30,MEDIUM,REPLAY_DETECTED,MONITOR
2026-10-07T01:43:56.801,0x100,BRAKE,100,100,True,True,True,False,True,30,MEDIUM,REPLAY_DETECTED,MONITOR
2026-10-07T01:43:56.801,0x200,SPEED,252,50,True,True,True,True,True,60,HIGH,ABNORMAL_MESSAGE_RATE|REPLAY_DETECTED,BLOCK
2026-10-07T01:43:56.808,0x100,BRAKE,101,100,True,True,True,False,True,30,MEDIUM,REPLAY_DETECTED,MONITOR
2026-10-07T01:43:56.821,0x100,BRAKE,100,100,True,True,True,False,True,30,MEDIUM,REPLAY_DETECTED,MONITOR
2026-10-07T01:43:56.821,0x180,ADAS,20,20,True,True,True,False,True,30,MEDIUM,REPLAY_DETECTED,MONITOR
2026-10-07T01:43:56.822,0x200,SPEED,252,50,True,True,True,True,True,60,HIGH,ABNORMAL_MESSAGE_RATE|REPLAY_DETECTED,BLOCK
2026-10-07T01:43:56.829,0x100,BRAKE,101,100,True,True,True,False,True,30,MEDIUM,REPLAY_DETECTED,MONITOR
2026-10-07T01:43:56.842,0x100,BRAKE,100,100,True,True,True,False,True,30,MEDIUM,REPLAY_DETECTED,MONITOR
2026-10-07T01:43:56.842,0x200,SPEED,252,50,True,True,True,True,True,60,HIGH,ABNORMAL_MESSAGE_RATE|REPLAY_DETECTED,BLOCK
2026-10-07T01:43:56.849,0x100,BRAKE,101,100,True,True,True,False,True,30,MEDIUM,REPLAY_DETECTED,MONITOR
2026-10-07T01:43:56.862,0x100,BRAKE,100,100,True,True,True,False,True,30,MEDIUM,REPLAY_DETECTED,MONITOR
2026-10-07T01:43:56.862,0x200,SPEED,252,50,True,True,True,True,True,60,HIGH,ABNORMAL_MESSAGE_RATE|REPLAY_DETECTED,BLOCK
2026-10-07T01:43:56.868,0x100,BRAKE,101,100,True,True,True,False,True,30,MEDIUM,REPLAY_DETECTED,MONITOR
2026-10-07T01:43:56.881,0x100,BRAKE,100,100,True,True,True,False,True,30,MEDIUM,REPLAY_DETECTED,MONITOR
2026-10-07T01:43:56.882,0x200,SPEED,252,50,True,True,True,True,True,60,HIGH,ABNORMAL_MESSAGE_RATE|REPLAY_DETECTED,BLOCK
2026-10-07T01:43:56.888,0x100,BRAKE,100,100,True,True,True,False,True,30,MEDIUM,REPLAY_DETECTED,MONITOR
2026-10-07T01:43:56.902,0x100,BRAKE,100,100,True,True,True,False,True,30,MEDIUM,REPLAY_DETECTED,MONITOR
2026-10-07T01:43:56.902,0x200,SPEED,252,50,True,True,True,True,True,60,HIGH,ABNORMAL_MESSAGE_RATE|REPLAY_DETECTED,BLOCK
2026-10-07T01:43:56.909,0x100,BRAKE,100,100,True,True,True,False,True,30,MEDIUM,REPLAY_DETECTED,MONITOR
2026-10-07T01:43:56.921,0x100,BRAKE,100,100,True,True,True,False,True,30,MEDIUM,REPLAY_DETECTED,MONITOR
2026-10-07T01:43:56.922,0x180,ADAS,20,20,True,True,True,False,True,30,MEDIUM,REPLAY_DETECTED,MONITOR
2026-10-07T01:43:56.922,0x200,SPEED,252,50,True,True,True,True,True,60,HIGH,ABNORMAL_MESSAGE_RATE|REPLAY_DETECTED,BLOCK
2026-10-07T01:43:56.930,0x100,BRAKE,100,100,True,True,True,False,True,30,MEDIUM,REPLAY_DETECTED,MONITOR
2026-10-07T01:43:56.937,0x100,BRAKE,101,100,True,True,True,False,True,30,MEDIUM,REPLAY_DETECTED,MONITOR
2026-10-07T01:43:56.937,0x200,SPEED,253,50,True,True,True,True,True,60,HIGH,ABNORMAL_MESSAGE_RATE|REPLAY_DETECTED,BLOCK
2026-10-07T01:43:56.950,0x100,BRAKE,101,100,True,True,True,False,True,30,MEDIUM,REPLAY_DETECTED,MONITOR
2026-10-07T01:43:56.957,0x100,BRAKE,101,100,True,True,True,False,True,30,MEDIUM,REPLAY_DETECTED,MONITOR
2026-10-07T01:43:56.958,0x120,STEERING,51,50,True,True,True,False,True,30,MEDIUM,REPLAY_DETECTED,MONITOR
2026-10-07T01:43:56.958,0x200,SPEED,253,50,True,True,True,True,True,60,HIGH,ABNORMAL_MESSAGE_RATE|REPLAY_DETECTED,BLOCK
2026-10-07T01:43:56.971,0x100,BRAKE,102,100,True,True,True,False,True,30,MEDIUM,REPLAY_DETECTED,MONITOR
2026-10-07T01:43:56.972,0x180,ADAS,21,20,True,True,True,False,True,30,MEDIUM,REPLAY_DETECTED,MONITOR
2026-10-07T01:43:56.979,0x100,BRAKE,102,100,True,True,True,False,True,30,MEDIUM,REPLAY_DETECTED,MONITOR
2026-10-07T01:43:56.980,0x200,SPEED,253,50,True,True,True,True,False,30,MEDIUM,ABNORMAL_MESSAGE_RATE,MONITOR
2026-10-07T01:43:56.987,0x100,BRAKE,103,100,True,True,True,False,True,30,MEDIUM,REPLAY_DETECTED,MONITOR
2026-10-07T01:43:57.000,0x100,BRAKE,103,100,True,True,True,False,True,30,MEDIUM,REPLAY_DETECTED,MONITOR
2026-10-07T01:43:57.001,0x200,SPEED,253,50,True,True,True,True,True,60,HIGH,ABNORMAL_MESSAGE_RATE|REPLAY_DETECTED,BLOCK
2026-10-07T01:43:57.008,0x100,BRAKE,103,100,True,True,True,False,True,30,MEDIUM,REPLAY_DETECTED,MONITOR
2026-10-07T01:43:57.021,0x100,BRAKE,104,100,True,True,True,False,True,30,MEDIUM,REPLAY_DETECTED,MONITOR
2026-10-07T01:43:57.022,0x200,SPEED,253,50,True,True,True,True,True,60,HIGH,ABNORMAL_MESSAGE_RATE|REPLAY_DETECTED,BLOCK
2026-10-07T01:43:57.023,0x300,INSTRUMENT,11,10,True,True,True,False,True,30,MEDIUM,REPLAY_DETECTED,MONITOR
2026-10-07T01:43:57.031,0x100,BRAKE,104,100,True,True,True,False,True,30,MEDIUM,REPLAY_DETECTED,MONITOR
2026-10-07T01:43:57.038,0x100,BRAKE,104,100,True,True,True,False,True,30,MEDIUM,REPLAY_DETECTED,MONITOR
2026-10-07T01:43:57.038,0x200,SPEED,253,50,True,True,True,True,True,60,HIGH,ABNORMAL_MESSAGE_RATE|REPLAY_DETECTED,BLOCK
2026-10-07T01:43:57.050,0x100,BRAKE,103,100,True,True,True,False,True,30,MEDIUM,REPLAY_DETECTED,MONITOR
2026-10-07T01:43:57.052,0x200,ATTACKER,253,50,True,True,True,True,True,60,HIGH,ABNORMAL_MESSAGE_RATE|REPLAY_DETECTED,BLOCK
2026-10-07T01:43:57.060,0x100,BRAKE,103,100,True,True,True,False,True,30,MEDIUM,REPLAY_DETECTED,MONITOR
2026-10-07T01:43:57.061,0x200,SPEED,254,50,True,True,True,True,True,60,HIGH,ABNORMAL_MESSAGE_RATE|REPLAY_DETECTED,BLOCK
2026-10-07T01:43:57.068,0x100,BRAKE,103,100,True,True,True,False,True,30,MEDIUM,REPLAY_DETECTED,MONITOR
2026-10-07T01:43:57.069,0x180,ADAS,21,20,True,True,True,False,True,30,MEDIUM,REPLAY_DETECTED,MONITOR
2026-10-07T01:43:57.082,0x100,BRAKE,102,100,True,True,True,False,True,30,MEDIUM,REPLAY_DETECTED,MONITOR
2026-10-07T01:43:57.082,0x200,SPEED,253,50,True,True,True,True,True,60,HIGH,ABNORMAL_MESSAGE_RATE|REPLAY_DETECTED,BLOCK
2026-10-07T01:43:57.093,0x100,BRAKE,101,100,True,True,True,False,True,30,MEDIUM,REPLAY_DETECTED,MONITOR
2026-10-07T01:43:57.101,0x100,BRAKE,101,100,True,True,True,False,True,30,MEDIUM,REPLAY_DETECTED,MONITOR
2026-10-07T01:43:57.102,0x200,SPEED,253,50,True,True,True,True,False,30,MEDIUM,ABNORMAL_MESSAGE_RATE,MONITOR
2026-10-07T01:43:57.109,0x100,BRAKE,101,100,True,True,True,False,True,30,MEDIUM,REPLAY_DETECTED,MONITOR
2026-10-07T01:43:57.117,0x100,BRAKE,101,100,True,True,True,False,True,30,MEDIUM,REPLAY_DETECTED,MONITOR
2026-10-07T01:43:57.117,0x200,SPEED,254,50,True,True,True,True,True,60,HIGH,ABNORMAL_MESSAGE_RATE|REPLAY_DETECTED,BLOCK
2026-10-07T01:43:57.118,0x300,INSTRUMENT,11,10,True,True,True,False,True,30,MEDIUM,REPLAY_DETECTED,MONITOR
2026-10-07T01:43:57.132,0x100,BRAKE,100,100,True,True,True,False,True,30,MEDIUM,REPLAY_DETECTED,MONITOR
2026-10-07T01:43:57.142,0x100,BRAKE,100,100,True,True,True,False,True,30,MEDIUM,REPLAY_DETECTED,MONITOR
2026-10-07T01:43:57.144,0x200,SPEED,253,50,True,True,True,True,True,60,HIGH,ABNORMAL_MESSAGE_RATE|REPLAY_DETECTED,BLOCK
2026-10-07T01:43:57.151,0x100,BRAKE,100,100,True,True,True,False,True,30,MEDIUM,REPLAY_DETECTED,MONITOR
2026-10-07T01:43:57.159,0x100,BRAKE,101,100,True,True,True,False,True,30,MEDIUM,REPLAY_DETECTED,MONITOR
2026-10-07T01:43:57.160,0x200,SPEED,254,50,True,True,True,True,False,30,MEDIUM,ABNORMAL_MESSAGE_RATE,MONITOR
2026-10-07T01:43:57.166,0x100,BRAKE,101,100,True,True,True,False,True,30,MEDIUM,REPLAY_DETECTED,MONITOR
2026-10-07T01:43:57.181,0x100,BRAKE,101,100,True,True,True,False,True,30,MEDIUM,REPLAY_DETECTED,MONITOR
2026-10-07T01:43:57.182,0x120,STEERING,50,50,True,True,True,False,True,30,MEDIUM,REPLAY_DETECTED,MONITOR
2026-10-07T01:43:57.183,0x200,SPEED,253,50,True,True,True,True,True,60,HIGH,ABNORMAL_MESSAGE_RATE|REPLAY_DETECTED,BLOCK
2026-10-07T01:43:57.191,0x100,BRAKE,100,100,True,True,True,False,True,30,MEDIUM,REPLAY_DETECTED,MONITOR
2026-10-07T01:43:57.199,0x100,BRAKE,101,100,True,True,True,False,True,30,MEDIUM,REPLAY_DETECTED,MONITOR
2026-10-07T01:43:57.200,0x200,SPEED,254,50,True,True,True,True,True,60,HIGH,ABNORMAL_MESSAGE_RATE|REPLAY_DETECTED,BLOCK
2026-10-07T01:43:57.212,0x100,BRAKE,100,100,True,True,True,False,True,30,MEDIUM,REPLAY_DETECTED,MONITOR
2026-10-07T01:43:57.219,0x100,BRAKE,101,100,True,True,True,False,True,30,MEDIUM,REPLAY_DETECTED,MONITOR
2026-10-07T01:43:57.220,0x200,SPEED,254,50,True,True,True,True,True,60,HIGH,ABNORMAL_MESSAGE_RATE|REPLAY_DETECTED,BLOCK
2026-10-07T01:43:57.220,0x300,INSTRUMENT,11,10,True,True,True,False,True,30,MEDIUM,REPLAY_DETECTED,MONITOR
2026-10-07T01:43:57.227,0x100,BRAKE,101,100,True,True,True,False,True,30,MEDIUM,REPLAY_DETECTED,MONITOR
2026-10-07T01:43:57.240,0x100,BRAKE,101,100,True,True,True,False,True,30,MEDIUM,REPLAY_DETECTED,MONITOR
2026-10-07T01:43:57.241,0x200,SPEED,254,50,True,True,True,True,True,60,HIGH,ABNORMAL_MESSAGE_RATE|REPLAY_DETECTED,BLOCK
2026-10-07T01:43:57.247,0x100,BRAKE,101,100,True,True,True,False,True,30,MEDIUM,REPLAY_DETECTED,MONITOR
2026-10-07T01:43:57.260,0x100,BRAKE,101,100,True,True,True,False,True,30,MEDIUM,REPLAY_DETECTED,MONITOR
2026-10-07T01:43:57.261,0x200,SPEED,254,50,True,True,True,True,True,60,HIGH,ABNORMAL_MESSAGE_RATE|REPLAY_DETECTED,BLOCK
2026-10-07T01:43:57.268,0x100,BRAKE,101,100,True,True,True,False,True,30,MEDIUM,REPLAY_DETECTED,MONITOR
2026-10-07T01:43:57.268,0x180,ADAS,21,20,True,True,True,False,True,30,MEDIUM,REPLAY_DETECTED,MONITOR
2026-10-07T01:43:57.281,0x100,BRAKE,100,100,True,True,True,False,True,30,MEDIUM,REPLAY_DETECTED,MONITOR
2026-10-07T01:43:57.282,0x200,SPEED,253,50,True,True,True,True,True,60,HIGH,ABNORMAL_MESSAGE_RATE|REPLAY_DETECTED,BLOCK
2026-10-07T01:43:57.289,0x100,BRAKE,101,100,True,True,True,False,True,30,MEDIUM,REPLAY_DETECTED,MONITOR
2026-10-07T01:43:57.302,0x100,BRAKE,102,100,True,True,True,False,True,30,MEDIUM,REPLAY_DETECTED,MONITOR
2026-10-07T01:43:57.303,0x200,SPEED,213,50,True,True,True,True,True,60,HIGH,ABNORMAL_MESSAGE_RATE|REPLAY_DETECTED,BLOCK
2026-10-07T01:43:57.309,0x100,BRAKE,103,100,True,True,True,False,True,30,MEDIUM,REPLAY_DETECTED,MONITOR
2026-10-07T01:43:57.316,0x100,BRAKE,104,100,True,True,True,False,True,30,MEDIUM,REPLAY_DETECTED,MONITOR
2026-10-07T01:43:57.317,0x200,SPEED,176,50,True,True,True,True,True,60,HIGH,ABNORMAL_MESSAGE_RATE|REPLAY_DETECTED,BLOCK
2026-10-07T01:43:57.317,0x300,INSTRUMENT,11,10,True,True,True,False,True,30,MEDIUM,REPLAY_DETECTED,MONITOR
2026-10-07T01:43:57.330,0x100,BRAKE,105,100,True,True,True,False,True,30,MEDIUM,REPLAY_DETECTED,MONITOR
2026-10-07T01:43:57.336,0x100,BRAKE,106,100,True,True,True,False,True,30,MEDIUM,REPLAY_DETECTED,MONITOR
2026-10-07T01:43:57.337,0x200,SPEED,118,50,True,True,True,True,True,60,HIGH,ABNORMAL_MESSAGE_RATE|REPLAY_DETECTED,BLOCK
2026-10-07T01:43:57.350,0x100,BRAKE,107,100,True,True,True,False,True,30,MEDIUM,REPLAY_DETECTED,MONITOR
2026-10-07T01:43:57.362,0x100,BRAKE,108,100,True,True,True,False,True,30,MEDIUM,REPLAY_DETECTED,MONITOR
2026-10-07T01:43:57.362,0x120,STEERING,54,50,True,True,True,False,True,30,MEDIUM,REPLAY_DETECTED,MONITOR
2026-10-07T01:43:57.363,0x200,SPEED,56,50,True,True,True,False,True,30,MEDIUM,REPLAY_DETECTED,MONITOR
2026-10-07T01:43:57.369,0x100,BRAKE,108,100,True,True,True,False,True,30,MEDIUM,REPLAY_DETECTED,MONITOR
2026-10-07T01:43:57.382,0x100,BRAKE,107,100,True,True,True,False,True,30,MEDIUM,REPLAY_DETECTED,MONITOR
2026-10-07T01:43:57.383,0x200,SPEED,54,50,True,True,True,False,True,30,MEDIUM,REPLAY_DETECTED,MONITOR
2026-10-07T01:43:57.389,0x100,BRAKE,107,100,True,True,True,False,True,30,MEDIUM,REPLAY_DETECTED,MONITOR
2026-10-07T01:43:57.402,0x100,BRAKE,106,100,True,True,True,False,True,30,MEDIUM,REPLAY_DETECTED,MONITOR
2026-10-07T01:43:57.403,0x120,STEERING,50,50,True,True,True,False,True,30,MEDIUM,REPLAY_DETECTED,MONITOR
2026-10-07T01:43:57.404,0x200,SPEED,52,50,True,True,True,False,True,30,MEDIUM,REPLAY_DETECTED,MONITOR
2026-10-07T01:43:57.411,0x100,BRAKE,106,100,True,True,True,False,True,30,MEDIUM,REPLAY_DETECTED,MONITOR
2026-10-07T01:43:57.418,0x100,BRAKE,106,100,True,True,True,False,True,30,MEDIUM,REPLAY_DETECTED,MONITOR
2026-10-07T01:43:57.419,0x120,STEERING,51,50,True,True,True,False,True,30,MEDIUM,REPLAY_DETECTED,MONITOR
2026-10-07T01:43:57.420,0x200,SPEED,53,50,True,True,True,False,True,30,MEDIUM,REPLAY_DETECTED,MONITOR
2026-10-07T01:43:57.431,0x100,BRAKE,105,100,True,True,True,False,True,30,MEDIUM,REPLAY_DETECTED,MONITOR
2026-10-07T01:43:57.439,0x100,BRAKE,105,100,True,True,True,False,True,30,MEDIUM,REPLAY_DETECTED,MONITOR
2026-10-07T01:43:57.441,0x200,SPEED,53,50,True,True,True,False,True,30,MEDIUM,REPLAY_DETECTED,MONITOR
2026-10-07T01:43:57.448,0x100,BRAKE,105,100,True,True,True,False,True,30,MEDIUM,REPLAY_DETECTED,MONITOR
2026-10-07T01:43:57.462,0x100,BRAKE,104,100,True,True,True,False,True,30,MEDIUM,REPLAY_DETECTED,MONITOR
2026-10-07T01:43:57.463,0x120,STEERING,50,50,True,True,True,False,True,30,MEDIUM,REPLAY_DETECTED,MONITOR
2026-10-07T01:43:57.463,0x200,SPEED,52,50,True,True,True,False,True,30,MEDIUM,REPLAY_DETECTED,MONITOR
2026-10-07T01:43:57.470,0x100,BRAKE,103,100,True,True,True,False,True,30,MEDIUM,REPLAY_DETECTED,MONITOR
2026-10-07T01:43:57.471,0x180,ADAS,20,20,True,True,True,False,True,30,MEDIUM,REPLAY_DETECTED,MONITOR
2026-10-07T01:43:57.478,0x100,BRAKE,103,100,True,True,True,False,True,30,MEDIUM,REPLAY_DETECTED,MONITOR
2026-10-07T01:43:57.479,0x200,SPEED,53,50,True,True,True,False,True,30,MEDIUM,REPLAY_DETECTED,MONITOR
2026-10-07T01:43:57.492,0x100,BRAKE,102,100,True,True,True,False,True,30,MEDIUM,REPLAY_DETECTED,MONITOR
2026-10-07T01:43:57.499,0x100,BRAKE,102,100,True,True,True,False,True,30,MEDIUM,REPLAY_DETECTED,MONITOR
2026-10-07T01:43:57.499,0x200,SPEED,53,50,True,True,True,False,True,30,MEDIUM,REPLAY_DETECTED,MONITOR
2026-10-07T01:43:57.506,0x100,BRAKE,102,100,True,True,True,False,True,30,MEDIUM,REPLAY_DETECTED,MONITOR
2026-10-07T01:43:57.520,0x100,BRAKE,101,100,True,True,True,False,True,30,MEDIUM,REPLAY_DETECTED,MONITOR
2026-10-07T01:43:57.521,0x200,SPEED,52,50,True,True,True,False,True,30,MEDIUM,REPLAY_DETECTED,MONITOR
2026-10-07T01:43:57.521,0x300,INSTRUMENT,10,10,True,True,True,False,True,30,MEDIUM,REPLAY_DETECTED,MONITOR
2026-10-07T01:43:57.528,0x100,BRAKE,101,100,True,True,True,False,True,30,MEDIUM,REPLAY_DETECTED,MONITOR
2026-10-07T01:43:57.543,0x100,BRAKE,100,100,True,True,True,False,True,30,MEDIUM,REPLAY_DETECTED,MONITOR
2026-10-07T01:43:57.544,0x200,SPEED,52,50,True,True,True,False,True,30,MEDIUM,REPLAY_DETECTED,MONITOR
2026-10-07T01:43:57.550,0x100,BRAKE,101,100,True,True,True,False,True,30,MEDIUM,REPLAY_DETECTED,MONITOR
2026-10-07T01:43:57.559,0x100,BRAKE,100,100,True,True,True,False,True,30,MEDIUM,REPLAY_DETECTED,MONITOR
2026-10-07T01:43:57.560,0x120,STEERING,50,50,True,True,True,False,True,30,MEDIUM,REPLAY_DETECTED,MONITOR
2026-10-07T01:43:57.560,0x200,SPEED,52,50,True,True,True,False,True,30,MEDIUM,REPLAY_DETECTED,MONITOR
2026-10-07T01:43:57.567,0x100,BRAKE,101,100,True,True,True,False,True,30,MEDIUM,REPLAY_DETECTED,MONITOR
2026-10-07T01:43:57.580,0x100,BRAKE,100,100,True,True,True,False,True,30,MEDIUM,REPLAY_DETECTED,MONITOR
2026-10-07T01:43:57.581,0x200,SPEED,52,50,True,True,True,False,True,30,MEDIUM,REPLAY_DETECTED,MONITOR
2026-10-07T01:43:57.588,0x100,BRAKE,100,100,True,True,True,False,True,30,MEDIUM,REPLAY_DETECTED,MONITOR
2026-10-07T01:43:57.599,0x100,BRAKE,100,100,True,True,True,False,True,30,MEDIUM,REPLAY_DETECTED,MONITOR
2026-10-07T01:43:57.609,0x100,BRAKE,100,100,True,True,True,False,True,30,MEDIUM,REPLAY_DETECTED,MONITOR
2026-10-07T01:43:57.625,0x100,BRAKE,100,100,True,True,True,False,True,30,MEDIUM,REPLAY_DETECTED,MONITOR
2026-10-07T01:43:57.626,0x200,SPEED,52,50,True,True,True,False,True,30,MEDIUM,REPLAY_DETECTED,MONITOR
2026-10-07T01:43:57.627,0x300,INSTRUMENT,10,10,True,True,True,False,True,30,MEDIUM,REPLAY_DETECTED,MONITOR
2026-10-07T01:43:57.634,0x100,BRAKE,100,100,True,True,True,False,True,30,MEDIUM,REPLAY_DETECTED,MONITOR
2026-10-07T01:43:57.641,0x100,BRAKE,100,100,True,True,True,False,True,30,MEDIUM,REPLAY_DETECTED,MONITOR
2026-10-07T01:43:57.642,0x200,SPEED,52,50,True,True,True,False,True,30,MEDIUM,REPLAY_DETECTED,MONITOR
2026-10-07T01:43:57.649,0x100,BRAKE,100,100,True,True,True,False,True,30,MEDIUM,REPLAY_DETECTED,MONITOR
2026-10-07T01:43:57.657,0x100,BRAKE,101,100,True,True,True,False,True,30,MEDIUM,REPLAY_DETECTED,MONITOR
2026-10-07T01:43:57.658,0x200,SPEED,53,50,True,True,True,False,True,30,MEDIUM,REPLAY_DETECTED,MONITOR
2026-10-07T01:43:57.671,0x100,BRAKE,100,100,True,True,True,False,True,30,MEDIUM,REPLAY_DETECTED,MONITOR
2026-10-07T01:43:57.679,0x100,BRAKE,101,100,True,True,True,False,True,30,MEDIUM,REPLAY_DETECTED,MONITOR
2026-10-07T01:43:57.679,0x200,SPEED,53,50,True,True,True,False,True,30,MEDIUM,REPLAY_DETECTED,MONITOR
2026-10-07T01:43:57.686,0x100,BRAKE,101,100,True,True,True,False,True,30,MEDIUM,REPLAY_DETECTED,MONITOR
2026-10-07T01:43:57.700,0x100,BRAKE,101,100,True,True,True,False,True,30,MEDIUM,REPLAY_DETECTED,MONITOR
2026-10-07T01:43:57.701,0x200,SPEED,53,50,True,True,True,False,True,30,MEDIUM,REPLAY_DETECTED,MONITOR
2026-10-07T01:43:57.707,0x100,BRAKE,100,100,True,True,True,False,True,30,MEDIUM,REPLAY_DETECTED,MONITOR
2026-10-07T01:43:57.720,0x100,BRAKE,100,100,True,True,True,False,True,30,MEDIUM,REPLAY_DETECTED,MONITOR
2026-10-07T01:43:57.722,0x300,INSTRUMENT,10,10,True,True,True,False,True,30,MEDIUM,REPLAY_DETECTED,MONITOR
2026-10-07T01:43:57.731,0x100,BRAKE,100,100,True,True,True,False,True,30,MEDIUM,REPLAY_DETECTED,MONITOR
2026-10-07T01:43:57.740,0x100,BRAKE,101,100,True,True,True,False,True,30,MEDIUM,REPLAY_DETECTED,MONITOR
2026-10-07T01:43:57.741,0x200,SPEED,52,50,True,True,True,False,True,30,MEDIUM,REPLAY_DETECTED,MONITOR
2026-10-07T01:43:57.748,0x100,BRAKE,100,100,True,True,True,False,True,30,MEDIUM,REPLAY_DETECTED,MONITOR
2026-10-07T01:43:57.762,0x100,BRAKE,100,100,True,True,True,False,True,30,MEDIUM,REPLAY_DETECTED,MONITOR
2026-10-07T01:43:57.763,0x200,SPEED,52,50,True,True,True,False,True,30,MEDIUM,REPLAY_DETECTED,MONITOR
2026-10-07T01:43:57.769,0x100,BRAKE,100,100,True,True,True,False,True,30,MEDIUM,REPLAY_DETECTED,MONITOR
2026-10-07T01:43:57.776,0x100,BRAKE,101,100,True,True,True,False,True,30,MEDIUM,REPLAY_DETECTED,MONITOR
2026-10-07T01:43:57.793,0x100,BRAKE,100,100,True,True,True,False,True,30,MEDIUM,REPLAY_DETECTED,MONITOR
2026-10-07T01:43:57.800,0x100,BRAKE,101,100,True,True,True,False,True,30,MEDIUM,REPLAY_DETECTED,MONITOR
2026-10-07T01:43:57.801,0x200,SPEED,51,50,True,True,True,False,True,30,MEDIUM,REPLAY_DETECTED,MONITOR
2026-10-07T01:43:57.802,0x200,ATTACKER,52,50,True,True,True,False,True,30,MEDIUM,REPLAY_DETECTED,MONITOR
2026-10-07T01:43:57.809,0x100,BRAKE,100,100,True,True,True,False,True,30,MEDIUM,REPLAY_DETECTED,MONITOR
2026-10-07T01:43:57.817,0x100,BRAKE,101,100,True,True,True,False,True,30,MEDIUM,REPLAY_DETECTED,MONITOR
2026-10-07T01:43:57.818,0x200,SPEED,53,50,True,True,True,False,True,30,MEDIUM,REPLAY_DETECTED,MONITOR
2026-10-07T01:43:57.831,0x100,BRAKE,100,100,True,True,True,False,True,30,MEDIUM,REPLAY_DETECTED,MONITOR
2026-10-07T01:43:57.838,0x100,BRAKE,101,100,True,True,True,False,True,30,MEDIUM,REPLAY_DETECTED,MONITOR
2026-10-07T01:43:57.849,0x100,BRAKE,100,100,True,True,True,False,True,30,MEDIUM,REPLAY_DETECTED,MONITOR
2026-10-07T01:43:57.857,0x100,BRAKE,101,100,True,True,True,False,True,30,MEDIUM,REPLAY_DETECTED,MONITOR
2026-10-07T01:43:57.858,0x200,SPEED,53,50,True,True,True,False,True,30,MEDIUM,REPLAY_DETECTED,MONITOR
2026-10-07T01:43:57.871,0x100,BRAKE,100,100,True,True,True,False,True,30,MEDIUM,REPLAY_DETECTED,MONITOR
2026-10-07T01:43:57.884,0x100,BRAKE,100,100,True,True,True,False,True,30,MEDIUM,REPLAY_DETECTED,MONITOR
2026-10-07T01:43:57.884,0x200,SPEED,52,50,True,True,True,False,True,30,MEDIUM,REPLAY_DETECTED,MONITOR
2026-10-07T01:43:57.891,0x100,BRAKE,100,100,True,True,True,False,True,30,MEDIUM,REPLAY_DETECTED,MONITOR
2026-10-07T01:43:57.898,0x100,BRAKE,101,100,True,True,True,False,True,30,MEDIUM,REPLAY_DETECTED,MONITOR
2026-10-07T01:43:57.898,0x200,SPEED,53,50,True,True,True,False,True,30,MEDIUM,REPLAY_DETECTED,MONITOR
2026-10-07T01:43:57.910,0x100,BRAKE,100,100,True,True,True,False,True,30,MEDIUM,REPLAY_DETECTED,MONITOR
2026-10-07T01:43:57.917,0x100,BRAKE,101,100,True,True,True,False,True,30,MEDIUM,REPLAY_DETECTED,MONITOR
2026-10-07T01:43:57.917,0x200,SPEED,53,50,True,True,True,False,True,30,MEDIUM,REPLAY_DETECTED,MONITOR
2026-10-07T01:43:57.930,0x100,BRAKE,101,100,True,True,True,False,True,30,MEDIUM,REPLAY_DETECTED,MONITOR
2026-10-07T01:43:57.937,0x100,BRAKE,100,100,True,True,True,False,True,30,MEDIUM,REPLAY_DETECTED,MONITOR
2026-10-07T01:43:57.938,0x200,SPEED,52,50,True,True,True,False,True,30,MEDIUM,REPLAY_DETECTED,MONITOR
2026-10-07T01:43:57.951,0x100,BRAKE,100,100,True,True,True,False,True,30,MEDIUM,REPLAY_DETECTED,MONITOR
2026-10-07T01:43:57.958,0x100,BRAKE,100,100,True,True,True,False,True,30,MEDIUM,REPLAY_DETECTED,MONITOR
2026-10-07T01:43:57.959,0x200,SPEED,52,50,True,True,True,False,True,30,MEDIUM,REPLAY_DETECTED,MONITOR
2026-10-07T01:43:57.972,0x100,BRAKE,100,100,True,True,True,False,True,30,MEDIUM,REPLAY_DETECTED,MONITOR
2026-10-07T01:43:57.976,0x180,ADAS,20,20,True,True,True,False,True,30,MEDIUM,REPLAY_DETECTED,MONITOR
2026-10-07T01:43:57.983,0x100,BRAKE,100,100,True,True,True,False,True,30,MEDIUM,REPLAY_DETECTED,MONITOR
2026-10-07T01:43:57.984,0x120,STEERING,50,50,True,True,True,False,True,30,MEDIUM,REPLAY_DETECTED,MONITOR
2026-10-07T01:43:57.985,0x200,SPEED,52,50,True,True,True,False,True,30,MEDIUM,REPLAY_DETECTED,MONITOR
2026-10-07T01:43:57.992,0x100,BRAKE,100,100,True,True,True,False,True,30,MEDIUM,REPLAY_DETECTED,MONITOR
2026-10-07T01:43:57.999,0x100,BRAKE,101,100,True,True,True,False,True,30,MEDIUM,REPLAY_DETECTED,MONITOR
2026-10-07T01:43:58.009,0x100,BRAKE,100,100,True,True,True,False,True,30,MEDIUM,REPLAY_DETECTED,MONITOR
2026-10-07T01:43:58.017,0x100,BRAKE,101,100,True,True,True,False,True,30,MEDIUM,REPLAY_DETECTED,MONITOR
2026-10-07T01:43:58.018,0x180,ADAS,21,20,True,True,True,False,True,30,MEDIUM,REPLAY_DETECTED,MONITOR
2026-10-07T01:43:58.019,0x200,SPEED,53,50,True,True,True,False,True,30,MEDIUM,REPLAY_DETECTED,MONITOR
2026-10-07T01:43:58.019,0x300,INSTRUMENT,11,10,True,True,True,False,True,30,MEDIUM,REPLAY_DETECTED,MONITOR
2026-10-07T01:43:58.026,0x100,BRAKE,101,100,True,True,True,False,True,30,MEDIUM,REPLAY_DETECTED,MONITOR
2026-10-07T01:43:58.042,0x100,BRAKE,100,100,True,True,True,False,True,30,MEDIUM,REPLAY_DETECTED,MONITOR
2026-10-07T01:43:58.043,0x200,SPEED,52,50,True,True,True,False,True,30,MEDIUM,REPLAY_DETECTED,MONITOR
2026-10-07T01:43:58.050,0x100,BRAKE,100,100,True,True,True,False,True,30,MEDIUM,REPLAY_DETECTED,MONITOR
2026-10-07T01:43:58.059,0x100,BRAKE,101,100,True,True,True,False,True,30,MEDIUM,REPLAY_DETECTED,MONITOR
2026-10-07T01:43:58.060,0x200,SPEED,52,50,True,True,True,False,True,30,MEDIUM,REPLAY_DETECTED,MONITOR
2026-10-07T01:43:58.067,0x100,BRAKE,101,100,True,True,True,False,True,30,MEDIUM,REPLAY_DETECTED,MONITOR
2026-10-07T01:43:58.068,0x180,ADAS,21,20,True,True,True,False,True,30,MEDIUM,REPLAY_DETECTED,MONITOR
2026-10-07T01:43:58.082,0x100,BRAKE,100,100,True,True,True,False,True,30,MEDIUM,REPLAY_DETECTED,MONITOR
2026-10-07T01:43:58.083,0x200,SPEED,51,50,True,True,True,False,True,30,MEDIUM,REPLAY_DETECTED,MONITOR
2026-10-07T01:43:58.090,0x100,BRAKE,101,100,True,True,True,False,True,30,MEDIUM,REPLAY_DETECTED,MONITOR
2026-10-07T01:43:58.097,0x100,BRAKE,101,100,True,True,True,False,True,30,MEDIUM,REPLAY_DETECTED,MONITOR
2026-10-07T01:43:58.097,0x120,STEERING,51,50,True,True,True,False,True,30,MEDIUM,REPLAY_DETECTED,MONITOR
2026-10-07T01:43:58.098,0x200,SPEED,52,50,True,True,True,False,True,30,MEDIUM,REPLAY_DETECTED,MONITOR
2026-10-07T01:43:58.111,0x100,BRAKE,100,100,True,True,True,False,True,30,MEDIUM,REPLAY_DETECTED,MONITOR
2026-10-07T01:43:58.112,0x200,ATTACKER,52,50,True,True,False,False,True,60,HIGH,INVALID_PAYLOAD|REPLAY_DETECTED,BLOCK
2026-10-07T01:43:58.118,0x100,BRAKE,100,100,True,True,True,False,True,30,MEDIUM,REPLAY_DETECTED,MONITOR
2026-10-07T01:43:58.119,0x200,SPEED,52,50,True,True,True,False,True,30,MEDIUM,REPLAY_DETECTED,MONITOR
2026-10-07T01:43:58.119,0x300,INSTRUMENT,10,10,True,True,True,False,True,30,MEDIUM,REPLAY_DETECTED,MONITOR
2026-10-07T01:43:58.126,0x100,BRAKE,101,100,True,True,True,False,True,30,MEDIUM,REPLAY_DETECTED,MONITOR
2026-10-07T01:43:58.139,0x100,BRAKE,101,100,True,True,True,False,True,30,MEDIUM,REPLAY_DETECTED,MONITOR
2026-10-07T01:43:58.141,0x200,SPEED,53,50,True,True,True,False,True,30,MEDIUM,REPLAY_DETECTED,MONITOR
2026-10-07T01:43:58.146,0x100,BRAKE,101,100,True,True,True,False,True,30,MEDIUM,REPLAY_DETECTED,MONITOR
2026-10-07T01:43:58.159,0x100,BRAKE,101,100,True,True,True,False,True,30,MEDIUM,REPLAY_DETECTED,MONITOR
2026-10-07T01:43:58.174,0x100,BRAKE,100,100,True,True,True,False,True,30,MEDIUM,REPLAY_DETECTED,MONITOR
2026-10-07T01:43:58.175,0x180,ADAS,20,20,True,True,True,False,True,30,MEDIUM,REPLAY_DETECTED,MONITOR
2026-10-07T01:43:58.182,0x100,BRAKE,100,100,True,True,True,False,True,30,MEDIUM,REPLAY_DETECTED,MONITOR
2026-10-07T01:43:58.183,0x200,SPEED,52,50,True,True,True,False,True,30,MEDIUM,REPLAY_DETECTED,MONITOR
2026-10-07T01:43:58.190,0x100,BRAKE,101,100,True,True,True,False,True,30,MEDIUM,REPLAY_DETECTED,MONITOR
2026-10-07T01:43:58.197,0x100,BRAKE,101,100,True,True,True,False,True,30,MEDIUM,REPLAY_DETECTED,MONITOR
2026-10-07T01:43:58.209,0x100,BRAKE,101,100,True,True,True,False,True,30,MEDIUM,REPLAY_DETECTED,MONITOR
2026-10-07T01:43:58.217,0x100,BRAKE,101,100,True,True,True,False,True,30,MEDIUM,REPLAY_DETECTED,MONITOR
2026-10-07T01:43:58.218,0x200,SPEED,53,50,True,True,True,False,True,30,MEDIUM,REPLAY_DETECTED,MONITOR
2026-10-07T01:43:58.218,0x300,INSTRUMENT,11,10,True,True,True,False,True,30,MEDIUM,REPLAY_DETECTED,MONITOR
2026-10-07T01:43:58.232,0x100,BRAKE,100,100,True,True,True,False,True,30,MEDIUM,REPLAY_DETECTED,MONITOR
2026-10-07T01:43:58.243,0x100,BRAKE,101,100,True,True,True,False,True,30,MEDIUM,REPLAY_DETECTED,MONITOR
2026-10-07T01:43:58.244,0x200,SPEED,52,50,True,True,True,False,True,30,MEDIUM,REPLAY_DETECTED,MONITOR
2026-10-07T01:43:58.250,0x100,BRAKE,100,100,True,True,True,False,True,30,MEDIUM,REPLAY_DETECTED,MONITOR
2026-10-07T01:43:58.258,0x100,BRAKE,101,100,True,True,True,False,True,30,MEDIUM,REPLAY_DETECTED,MONITOR
2026-10-07T01:43:58.259,0x200,SPEED,53,50,True,True,True,False,True,30,MEDIUM,REPLAY_DETECTED,MONITOR
2026-10-07T01:43:58.272,0x100,BRAKE,100,100,True,True,True,False,True,30,MEDIUM,REPLAY_DETECTED,MONITOR
2026-10-07T01:43:58.282,0x100,BRAKE,100,100,True,True,True,False,True,30,MEDIUM,REPLAY_DETECTED,MONITOR
2026-10-07T01:43:58.282,0x200,SPEED,52,50,True,True,True,False,True,30,MEDIUM,REPLAY_DETECTED,MONITOR
2026-10-07T01:43:58.291,0x100,BRAKE,100,100,True,True,True,False,True,30,MEDIUM,REPLAY_DETECTED,MONITOR
2026-10-07T01:43:58.298,0x100,BRAKE,101,100,True,True,True,False,True,30,MEDIUM,REPLAY_DETECTED,MONITOR
2026-10-07T01:43:58.306,0x100,BRAKE,101,100,True,True,True,False,True,30,MEDIUM,REPLAY_DETECTED,MONITOR
2026-10-07T01:43:58.319,0x100,BRAKE,100,100,True,True,True,False,True,30,MEDIUM,REPLAY_DETECTED,MONITOR
2026-10-07T01:43:58.320,0x180,ADAS,20,20,True,True,True,False,True,30,MEDIUM,REPLAY_DETECTED,MONITOR
2026-10-07T01:43:58.321,0x200,SPEED,52,50,True,True,True,False,True,30,MEDIUM,REPLAY_DETECTED,MONITOR
2026-10-07T01:43:58.328,0x100,BRAKE,101,100,True,True,True,False,True,30,MEDIUM,REPLAY_DETECTED,MONITOR
2026-10-07T01:43:58.341,0x100,BRAKE,100,100,True,True,True,False,True,30,MEDIUM,REPLAY_DETECTED,MONITOR
2026-10-07T01:43:58.342,0x200,SPEED,52,50,True,True,True,False,True,30,MEDIUM,REPLAY_DETECTED,MONITOR
2026-10-07T01:43:58.349,0x100,BRAKE,101,100,True,True,True,False,True,30,MEDIUM,REPLAY_DETECTED,MONITOR
2026-10-07T01:43:58.358,0x100,BRAKE,101,100,True,True,True,False,True,30,MEDIUM,REPLAY_DETECTED,MONITOR
2026-10-07T01:43:58.359,0x200,SPEED,53,50,True,True,True,False,True,30,MEDIUM,REPLAY_DETECTED,MONITOR
2026-10-07T01:43:58.371,0x100,BRAKE,100,100,True,True,True,False,True,30,MEDIUM,REPLAY_DETECTED,MONITOR
2026-10-07T01:43:58.378,0x100,BRAKE,101,100,True,True,True,False,True,30,MEDIUM,REPLAY_DETECTED,MONITOR
2026-10-07T01:43:58.379,0x200,SPEED,53,50,True,True,True,False,True,30,MEDIUM,REPLAY_DETECTED,MONITOR
2026-10-07T01:43:58.392,0x100,BRAKE,100,100,True,True,True,False,True,30,MEDIUM,REPLAY_DETECTED,MONITOR
2026-10-07T01:43:58.399,0x100,BRAKE,101,100,True,True,True,False,True,30,MEDIUM,REPLAY_DETECTED,MONITOR
2026-10-07T01:43:58.400,0x200,SPEED,53,50,True,True,True,False,True,30,MEDIUM,REPLAY_DETECTED,MONITOR
2026-10-07T01:43:58.407,0x100,BRAKE,101,100,True,True,True,False,True,30,MEDIUM,REPLAY_DETECTED,MONITOR
2026-10-07T01:43:58.420,0x100,BRAKE,100,100,True,True,True,False,True,30,MEDIUM,REPLAY_DETECTED,MONITOR
2026-10-07T01:43:58.421,0x200,SPEED,52,50,True,True,True,False,True,30,MEDIUM,REPLAY_DETECTED,MONITOR
2026-10-07T01:43:58.429,0x100,BRAKE,101,100,True,True,True,False,True,30,MEDIUM,REPLAY_DETECTED,MONITOR
2026-10-07T01:43:58.437,0x100,BRAKE,101,100,True,True,True,False,True,30,MEDIUM,REPLAY_DETECTED,MONITOR
2026-10-07T01:43:58.438,0x200,SPEED,53,50,True,True,True,False,True,30,MEDIUM,REPLAY_DETECTED,MONITOR
2026-10-07T01:43:58.451,0x100,BRAKE,100,100,True,True,True,False,True,30,MEDIUM,REPLAY_DETECTED,MONITOR
2026-10-07T01:43:58.458,0x100,BRAKE,101,100,True,True,True,False,True,30,MEDIUM,REPLAY_DETECTED,MONITOR
2026-10-07T01:43:58.458,0x120,STEERING,51,50,True,True,True,False,True,30,MEDIUM,REPLAY_DETECTED,MONITOR
2026-10-07T01:43:58.459,0x200,SPEED,53,50,True,True,True,False,True,30,MEDIUM,REPLAY_DETECTED,MONITOR
2026-10-07T01:43:58.471,0x100,BRAKE,100,100,True,True,True,False,True,30,MEDIUM,REPLAY_DETECTED,MONITOR
2026-10-07T01:43:58.478,0x100,BRAKE,100,100,True,True,True,False,True,30,MEDIUM,REPLAY_DETECTED,MONITOR
2026-10-07T01:43:58.479,0x200,SPEED,53,50,True,True,True,False,True,30,MEDIUM,REPLAY_DETECTED,MONITOR
2026-10-07T01:43:58.492,0x100,BRAKE,100,100,True,True,True,False,True,30,MEDIUM,REPLAY_DETECTED,MONITOR
2026-10-07T01:43:58.499,0x100,BRAKE,100,100,True,True,True,False,True,30,MEDIUM,REPLAY_DETECTED,MONITOR
2026-10-07T01:43:58.500,0x200,SPEED,52,50,True,True,True,False,True,30,MEDIUM,REPLAY_DETECTED,MONITOR
2026-10-07T01:43:58.507,0x100,BRAKE,100,100,True,True,True,False,True,30,MEDIUM,REPLAY_DETECTED,MONITOR
2026-10-07T01:43:58.521,0x100,BRAKE,100,100,True,True,True,False,True,30,MEDIUM,REPLAY_DETECTED,MONITOR
2026-10-07T01:43:58.525,0x180,ADAS,20,20,True,True,True,False,True,30,MEDIUM,REPLAY_DETECTED,MONITOR
2026-10-07T01:43:58.526,0x200,SPEED,52,50,True,True,True,False,True,30,MEDIUM,REPLAY_DETECTED,MONITOR
2026-10-07T01:43:58.533,0x100,BRAKE,100,100,True,True,True,False,True,30,MEDIUM,REPLAY_DETECTED,MONITOR
2026-10-07T01:43:58.540,0x100,BRAKE,101,100,True,True,True,False,True,30,MEDIUM,REPLAY_DETECTED,MONITOR
2026-10-07T01:43:58.541,0x200,SPEED,53,50,True,True,True,False,True,30,MEDIUM,REPLAY_DETECTED,MONITOR
2026-10-07T01:43:58.548,0x100,BRAKE,101,100,True,True,True,False,True,30,MEDIUM,REPLAY_DETECTED,MONITOR
2026-10-07T01:43:58.555,0x200,ATTACKER,53,50,True,True,True,False,True,30,MEDIUM,REPLAY_DETECTED,MONITOR
2026-10-07T01:43:58.557,0x555,ATTACKER,1,,False,True,True,True,True,100,CRITICAL,UNKNOWN_CAN_ID|ABNORMAL_MESSAGE_RATE|REPLAY_DETECTED,BLOCK_AND_ISOLATE
2026-10-07T01:43:58.558,0x200,ATTACKER,54,50,True,True,True,False,True,30,MEDIUM,REPLAY_DETECTED,MONITOR
2026-10-07T01:43:58.558,0x200,ATTACKER,55,50,True,True,True,False,True,30,MEDIUM,REPLAY_DETECTED,MONITOR
2026-10-07T01:43:58.559,0x200,ATTACKER,56,50,True,True,True,False,True,30,MEDIUM,REPLAY_DETECTED,MONITOR
2026-10-07T01:43:58.559,0x200,ATTACKER,57,50,True,True,True,False,True,30,MEDIUM,REPLAY_DETECTED,MONITOR
2026-10-07T01:43:58.560,0x200,ATTACKER,58,50,True,True,True,False,True,30,MEDIUM,REPLAY_DETECTED,MONITOR
2026-10-07T01:43:58.561,0x200,ATTACKER,58,50,True,True,True,False,True,30,MEDIUM,REPLAY_DETECTED,MONITOR
2026-10-07T01:43:58.561,0x200,ATTACKER,59,50,True,True,True,False,True,30,MEDIUM,REPLAY_DETECTED,MONITOR
2026-10-07T01:43:58.562,0x200,ATTACKER,60,50,True,True,True,False,True,30,MEDIUM,REPLAY_DETECTED,MONITOR
2026-10-07T01:43:58.562,0x200,ATTACKER,61,50,True,True,True,False,True,30,MEDIUM,REPLAY_DETECTED,MONITOR
2026-10-07T01:43:58.563,0x200,ATTACKER,62,50,True,True,True,False,True,30,MEDIUM,REPLAY_DETECTED,MONITOR
2026-10-07T01:43:58.563,0x200,ATTACKER,63,50,True,True,True,False,True,30,MEDIUM,REPLAY_DETECTED,MONITOR
2026-10-07T01:43:58.564,0x200,ATTACKER,64,50,True,True,True,False,True,30,MEDIUM,REPLAY_DETECTED,MONITOR
2026-10-07T01:43:58.564,0x200,ATTACKER,65,50,True,True,True,False,True,30,MEDIUM,REPLAY_DETECTED,MONITOR
2026-10-07T01:43:58.564,0x200,ATTACKER,66,50,True,True,True,False,True,30,MEDIUM,REPLAY_DETECTED,MONITOR
2026-10-07T01:43:58.565,0x200,ATTACKER,67,50,True,True,True,False,True,30,MEDIUM,REPLAY_DETECTED,MONITOR
2026-10-07T01:43:58.565,0x200,ATTACKER,68,50,True,True,True,False,True,30,MEDIUM,REPLAY_DETECTED,MONITOR
2026-10-07T01:43:58.566,0x200,ATTACKER,69,50,True,True,True,False,True,30,MEDIUM,REPLAY_DETECTED,MONITOR
2026-10-07T01:43:58.566,0x200,ATTACKER,70,50,True,True,True,False,True,30,MEDIUM,REPLAY_DETECTED,MONITOR
2026-10-07T01:43:58.567,0x200,ATTACKER,71,50,True,True,True,False,True,30,MEDIUM,REPLAY_DETECTED,MONITOR
2026-10-07T01:43:58.567,0x200,ATTACKER,72,50,True,True,True,False,True,30,MEDIUM,REPLAY_DETECTED,MONITOR
2026-10-07T01:43:58.568,0x200,ATTACKER,73,50,True,True,True,False,True,30,MEDIUM,REPLAY_DETECTED,MONITOR
2026-10-07T01:43:58.568,0x200,ATTACKER,74,50,True,True,True,False,True,30,MEDIUM,REPLAY_DETECTED,MONITOR
2026-10-07T01:43:58.568,0x200,ATTACKER,75,50,True,True,True,False,True,30,MEDIUM,REPLAY_DETECTED,MONITOR
2026-10-07T01:43:58.569,0x200,ATTACKER,76,50,True,True,True,False,True,30,MEDIUM,REPLAY_DETECTED,MONITOR
2026-10-07T01:43:58.569,0x200,ATTACKER,77,50,True,True,True,False,True,30,MEDIUM,REPLAY_DETECTED,MONITOR
2026-10-07T01:43:58.570,0x200,ATTACKER,78,50,True,True,True,False,True,30,MEDIUM,REPLAY_DETECTED,MONITOR
2026-10-07T01:43:58.570,0x200,ATTACKER,79,50,True,True,True,False,True,30,MEDIUM,REPLAY_DETECTED,MONITOR
2026-10-07T01:43:58.571,0x200,ATTACKER,80,50,True,True,True,False,True,30,MEDIUM,REPLAY_DETECTED,MONITOR
2026-10-07T01:43:58.571,0x200,ATTACKER,81,50,True,True,True,False,True,30,MEDIUM,REPLAY_DETECTED,MONITOR
2026-10-07T01:43:58.572,0x200,ATTACKER,82,50,True,True,True,False,True,30,MEDIUM,REPLAY_DETECTED,MONITOR
2026-10-07T01:43:58.572,0x200,ATTACKER,83,50,True,True,True,False,True,30,MEDIUM,REPLAY_DETECTED,MONITOR
2026-10-07T01:43:58.573,0x200,ATTACKER,84,50,True,True,True,False,True,30,MEDIUM,REPLAY_DETECTED,MONITOR
2026-10-07T01:43:58.573,0x200,ATTACKER,85,50,True,True,True,False,True,30,MEDIUM,REPLAY_DETECTED,MONITOR
2026-10-07T01:43:58.574,0x200,ATTACKER,86,50,True,True,True,False,True,30,MEDIUM,REPLAY_DETECTED,MONITOR
2026-10-07T01:43:58.574,0x200,ATTACKER,87,50,True,True,True,False,True,30,MEDIUM,REPLAY_DETECTED,MONITOR
2026-10-07T01:43:58.574,0x200,ATTACKER,88,50,True,True,True,False,True,30,MEDIUM,REPLAY_DETECTED,MONITOR
2026-10-07T01:43:58.575,0x200,ATTACKER,89,50,True,True,True,False,True,30,MEDIUM,REPLAY_DETECTED,MONITOR
2026-10-07T01:43:58.575,0x200,ATTACKER,90,50,True,True,True,False,True,30,MEDIUM,REPLAY_DETECTED,MONITOR
2026-10-07T01:43:58.575,0x200,ATTACKER,91,50,True,True,True,False,True,30,MEDIUM,REPLAY_DETECTED,MONITOR
2026-10-07T01:43:58.576,0x200,ATTACKER,92,50,True,True,True,False,True,30,MEDIUM,REPLAY_DETECTED,MONITOR
2026-10-07T01:43:58.576,0x200,ATTACKER,93,50,True,True,True,False,True,30,MEDIUM,REPLAY_DETECTED,MONITOR
2026-10-07T01:43:58.577,0x200,ATTACKER,94,50,True,True,True,False,True,30,MEDIUM,REPLAY_DETECTED,MONITOR
2026-10-07T01:43:58.577,0x200,ATTACKER,95,50,True,True,True,False,True,30,MEDIUM,REPLAY_DETECTED,MONITOR
2026-10-07T01:43:58.577,0x200,ATTACKER,96,50,True,True,True,False,True,30,MEDIUM,REPLAY_DETECTED,MONITOR
2026-10-07T01:43:58.578,0x200,ATTACKER,97,50,True,True,True,False,True,30,MEDIUM,REPLAY_DETECTED,MONITOR
2026-10-07T01:43:58.578,0x200,ATTACKER,98,50,True,True,True,False,True,30,MEDIUM,REPLAY_DETECTED,MONITOR
2026-10-07T01:43:58.578,0x200,ATTACKER,99,50,True,True,True,False,True,30,MEDIUM,REPLAY_DETECTED,MONITOR
2026-10-07T01:43:58.579,0x200,ATTACKER,100,50,True,True,True,False,True,30,MEDIUM,REPLAY_DETECTED,MONITOR
2026-10-07T01:43:58.579,0x200,ATTACKER,101,50,True,True,True,True,True,60,HIGH,ABNORMAL_MESSAGE_RATE|REPLAY_DETECTED,BLOCK
2026-10-07T01:43:58.579,0x200,ATTACKER,102,50,True,True,True,True,True,60,HIGH,ABNORMAL_MESSAGE_RATE|REPLAY_DETECTED,BLOCK
2026-10-07T01:43:58.580,0x200,ATTACKER,103,50,True,True,True,True,True,60,HIGH,ABNORMAL_MESSAGE_RATE|REPLAY_DETECTED,BLOCK
2026-10-07T01:43:58.580,0x200,ATTACKER,104,50,True,True,True,True,True,60,HIGH,ABNORMAL_MESSAGE_RATE|REPLAY_DETECTED,BLOCK
2026-10-07T01:43:58.580,0x200,ATTACKER,105,50,True,True,True,True,True,60,HIGH,ABNORMAL_MESSAGE_RATE|REPLAY_DETECTED,BLOCK
2026-10-07T01:43:58.580,0x200,ATTACKER,106,50,True,True,True,True,True,60,HIGH,ABNORMAL_MESSAGE_RATE|REPLAY_DETECTED,BLOCK
2026-10-07T01:43:58.581,0x200,ATTACKER,107,50,True,True,True,True,True,60,HIGH,ABNORMAL_MESSAGE_RATE|REPLAY_DETECTED,BLOCK
2026-10-07T01:43:58.581,0x200,ATTACKER,108,50,True,True,True,True,True,60,HIGH,ABNORMAL_MESSAGE_RATE|REPLAY_DETECTED,BLOCK
2026-10-07T01:43:58.581,0x200,ATTACKER,108,50,True,True,True,True,True,60,HIGH,ABNORMAL_MESSAGE_RATE|REPLAY_DETECTED,BLOCK
2026-10-07T01:43:58.582,0x200,ATTACKER,109,50,True,True,True,True,True,60,HIGH,ABNORMAL_MESSAGE_RATE|REPLAY_DETECTED,BLOCK
2026-10-07T01:43:58.582,0x200,ATTACKER,110,50,True,True,True,True,True,60,HIGH,ABNORMAL_MESSAGE_RATE|REPLAY_DETECTED,BLOCK
2026-10-07T01:43:58.582,0x200,ATTACKER,111,50,True,True,True,True,True,60,HIGH,ABNORMAL_MESSAGE_RATE|REPLAY_DETECTED,BLOCK
2026-10-07T01:43:58.583,0x200,ATTACKER,112,50,True,True,True,True,True,60,HIGH,ABNORMAL_MESSAGE_RATE|REPLAY_DETECTED,BLOCK
2026-10-07T01:43:58.583,0x200,ATTACKER,113,50,True,True,True,True,True,60,HIGH,ABNORMAL_MESSAGE_RATE|REPLAY_DETECTED,BLOCK
2026-10-07T01:43:58.583,0x200,ATTACKER,114,50,True,True,True,True,True,60,HIGH,ABNORMAL_MESSAGE_RATE|REPLAY_DETECTED,BLOCK
2026-10-07T01:43:58.584,0x200,ATTACKER,115,50,True,True,True,True,True,60,HIGH,ABNORMAL_MESSAGE_RATE|REPLAY_DETECTED,BLOCK
2026-10-07T01:43:58.584,0x200,ATTACKER,116,50,True,True,True,True,True,60,HIGH,ABNORMAL_MESSAGE_RATE|REPLAY_DETECTED,BLOCK
2026-10-07T01:43:58.584,0x200,ATTACKER,117,50,True,True,True,True,True,60,HIGH,ABNORMAL_MESSAGE_RATE|REPLAY_DETECTED,BLOCK
2026-10-07T01:43:58.585,0x200,ATTACKER,118,50,True,True,True,True,True,60,HIGH,ABNORMAL_MESSAGE_RATE|REPLAY_DETECTED,BLOCK
2026-10-07T01:43:58.585,0x200,ATTACKER,119,50,True,True,True,True,True,60,HIGH,ABNORMAL_MESSAGE_RATE|REPLAY_DETECTED,BLOCK
2026-10-07T01:43:58.585,0x200,ATTACKER,120,50,True,True,True,True,True,60,HIGH,ABNORMAL_MESSAGE_RATE|REPLAY_DETECTED,BLOCK
2026-10-07T01:43:58.586,0x200,ATTACKER,121,50,True,True,True,True,True,60,HIGH,ABNORMAL_MESSAGE_RATE|REPLAY_DETECTED,BLOCK
2026-10-07T01:43:58.586,0x200,ATTACKER,122,50,True,True,True,True,True,60,HIGH,ABNORMAL_MESSAGE_RATE|REPLAY_DETECTED,BLOCK
2026-10-07T01:43:58.586,0x200,ATTACKER,123,50,True,True,True,True,True,60,HIGH,ABNORMAL_MESSAGE_RATE|REPLAY_DETECTED,BLOCK
2026-10-07T01:43:58.587,0x200,ATTACKER,124,50,True,True,True,True,True,60,HIGH,ABNORMAL_MESSAGE_RATE|REPLAY_DETECTED,BLOCK
2026-10-07T01:43:58.587,0x200,ATTACKER,125,50,True,True,True,True,True,60,HIGH,ABNORMAL_MESSAGE_RATE|REPLAY_DETECTED,BLOCK
2026-10-07T01:43:58.587,0x200,ATTACKER,126,50,True,True,True,True,True,60,HIGH,ABNORMAL_MESSAGE_RATE|REPLAY_DETECTED,BLOCK
2026-10-07T01:43:58.588,0x200,ATTACKER,127,50,True,True,True,True,True,60,HIGH,ABNORMAL_MESSAGE_RATE|REPLAY_DETECTED,BLOCK
2026-10-07T01:43:58.588,0x200,ATTACKER,128,50,True,True,True,True,True,60,HIGH,ABNORMAL_MESSAGE_RATE|REPLAY_DETECTED,BLOCK
2026-10-07T01:43:58.588,0x200,ATTACKER,129,50,True,True,True,True,True,60,HIGH,ABNORMAL_MESSAGE_RATE|REPLAY_DETECTED,BLOCK
2026-10-07T01:43:58.589,0x200,ATTACKER,130,50,True,True,True,True,True,60,HIGH,ABNORMAL_MESSAGE_RATE|REPLAY_DETECTED,BLOCK
2026-10-07T01:43:58.589,0x200,ATTACKER,131,50,True,True,True,True,True,60,HIGH,ABNORMAL_MESSAGE_RATE|REPLAY_DETECTED,BLOCK
2026-10-07T01:43:58.590,0x200,ATTACKER,132,50,True,True,True,True,True,60,HIGH,ABNORMAL_MESSAGE_RATE|REPLAY_DETECTED,BLOCK
2026-10-07T01:43:58.590,0x200,ATTACKER,133,50,True,True,True,True,True,60,HIGH,ABNORMAL_MESSAGE_RATE|REPLAY_DETECTED,BLOCK
2026-10-07T01:43:58.590,0x200,ATTACKER,134,50,True,True,True,True,True,60,HIGH,ABNORMAL_MESSAGE_RATE|REPLAY_DETECTED,BLOCK
2026-10-07T01:43:58.591,0x200,ATTACKER,135,50,True,True,True,True,True,60,HIGH,ABNORMAL_MESSAGE_RATE|REPLAY_DETECTED,BLOCK
2026-10-07T01:43:58.591,0x200,ATTACKER,136,50,True,True,True,True,True,60,HIGH,ABNORMAL_MESSAGE_RATE|REPLAY_DETECTED,BLOCK
2026-10-07T01:43:58.591,0x200,ATTACKER,137,50,True,True,True,True,True,60,HIGH,ABNORMAL_MESSAGE_RATE|REPLAY_DETECTED,BLOCK
2026-10-07T01:43:58.592,0x200,ATTACKER,138,50,True,True,True,True,True,60,HIGH,ABNORMAL_MESSAGE_RATE|REPLAY_DETECTED,BLOCK
2026-10-07T01:43:58.592,0x200,ATTACKER,139,50,True,True,True,True,True,60,HIGH,ABNORMAL_MESSAGE_RATE|REPLAY_DETECTED,BLOCK
2026-10-07T01:43:58.592,0x200,ATTACKER,140,50,True,True,True,True,True,60,HIGH,ABNORMAL_MESSAGE_RATE|REPLAY_DETECTED,BLOCK
2026-10-07T01:43:58.592,0x200,ATTACKER,141,50,True,True,True,True,True,60,HIGH,ABNORMAL_MESSAGE_RATE|REPLAY_DETECTED,BLOCK
2026-10-07T01:43:58.593,0x200,ATTACKER,142,50,True,True,True,True,True,60,HIGH,ABNORMAL_MESSAGE_RATE|REPLAY_DETECTED,BLOCK
2026-10-07T01:43:58.593,0x200,ATTACKER,143,50,True,True,True,True,True,60,HIGH,ABNORMAL_MESSAGE_RATE|REPLAY_DETECTED,BLOCK
2026-10-07T01:43:58.593,0x200,ATTACKER,144,50,True,True,True,True,True,60,HIGH,ABNORMAL_MESSAGE_RATE|REPLAY_DETECTED,BLOCK
2026-10-07T01:43:58.594,0x200,ATTACKER,145,50,True,True,True,True,True,60,HIGH,ABNORMAL_MESSAGE_RATE|REPLAY_DETECTED,BLOCK
2026-10-07T01:43:58.594,0x200,ATTACKER,146,50,True,True,True,True,True,60,HIGH,ABNORMAL_MESSAGE_RATE|REPLAY_DETECTED,BLOCK
2026-10-07T01:43:58.594,0x200,ATTACKER,147,50,True,True,True,True,True,60,HIGH,ABNORMAL_MESSAGE_RATE|REPLAY_DETECTED,BLOCK
2026-10-07T01:43:58.595,0x200,ATTACKER,148,50,True,True,True,True,True,60,HIGH,ABNORMAL_MESSAGE_RATE|REPLAY_DETECTED,BLOCK
2026-10-07T01:43:58.595,0x200,ATTACKER,149,50,True,True,True,True,True,60,HIGH,ABNORMAL_MESSAGE_RATE|REPLAY_DETECTED,BLOCK
2026-10-07T01:43:58.595,0x200,ATTACKER,150,50,True,True,True,True,True,60,HIGH,ABNORMAL_MESSAGE_RATE|REPLAY_DETECTED,BLOCK
2026-10-07T01:43:58.596,0x200,ATTACKER,151,50,True,True,True,True,True,60,HIGH,ABNORMAL_MESSAGE_RATE|REPLAY_DETECTED,BLOCK
2026-10-07T01:43:58.596,0x200,ATTACKER,152,50,True,True,True,True,True,60,HIGH,ABNORMAL_MESSAGE_RATE|REPLAY_DETECTED,BLOCK
2026-10-07T01:43:58.596,0x200,ATTACKER,153,50,True,True,True,True,True,60,HIGH,ABNORMAL_MESSAGE_RATE|REPLAY_DETECTED,BLOCK
2026-10-07T01:43:58.597,0x200,ATTACKER,154,50,True,True,True,True,True,60,HIGH,ABNORMAL_MESSAGE_RATE|REPLAY_DETECTED,BLOCK
2026-10-07T01:43:58.597,0x200,ATTACKER,155,50,True,True,True,True,True,60,HIGH,ABNORMAL_MESSAGE_RATE|REPLAY_DETECTED,BLOCK
2026-10-07T01:43:58.597,0x200,ATTACKER,156,50,True,True,True,True,True,60,HIGH,ABNORMAL_MESSAGE_RATE|REPLAY_DETECTED,BLOCK
2026-10-07T01:43:58.598,0x200,ATTACKER,157,50,True,True,True,True,True,60,HIGH,ABNORMAL_MESSAGE_RATE|REPLAY_DETECTED,BLOCK
2026-10-07T01:43:58.598,0x200,ATTACKER,158,50,True,True,True,True,True,60,HIGH,ABNORMAL_MESSAGE_RATE|REPLAY_DETECTED,BLOCK
2026-10-07T01:43:58.598,0x200,ATTACKER,159,50,True,True,True,True,True,60,HIGH,ABNORMAL_MESSAGE_RATE|REPLAY_DETECTED,BLOCK
2026-10-07T01:43:58.599,0x200,ATTACKER,160,50,True,True,True,True,True,60,HIGH,ABNORMAL_MESSAGE_RATE|REPLAY_DETECTED,BLOCK
2026-10-07T01:43:58.599,0x200,ATTACKER,161,50,True,True,True,True,True,60,HIGH,ABNORMAL_MESSAGE_RATE|REPLAY_DETECTED,BLOCK
2026-10-07T01:43:58.599,0x200,ATTACKER,162,50,True,True,True,True,True,60,HIGH,ABNORMAL_MESSAGE_RATE|REPLAY_DETECTED,BLOCK
2026-10-07T01:43:58.600,0x200,ATTACKER,163,50,True,True,True,True,True,60,HIGH,ABNORMAL_MESSAGE_RATE|REPLAY_DETECTED,BLOCK
2026-10-07T01:43:58.600,0x200,ATTACKER,164,50,True,True,True,True,True,60,HIGH,ABNORMAL_MESSAGE_RATE|REPLAY_DETECTED,BLOCK
2026-10-07T01:43:58.600,0x200,ATTACKER,165,50,True,True,True,True,True,60,HIGH,ABNORMAL_MESSAGE_RATE|REPLAY_DETECTED,BLOCK
2026-10-07T01:43:58.601,0x200,ATTACKER,165,50,True,True,True,True,True,60,HIGH,ABNORMAL_MESSAGE_RATE|REPLAY_DETECTED,BLOCK
2026-10-07T01:43:58.601,0x200,ATTACKER,166,50,True,True,True,True,True,60,HIGH,ABNORMAL_MESSAGE_RATE|REPLAY_DETECTED,BLOCK
2026-10-07T01:43:58.601,0x200,ATTACKER,167,50,True,True,True,True,True,60,HIGH,ABNORMAL_MESSAGE_RATE|REPLAY_DETECTED,BLOCK
2026-10-07T01:43:58.601,0x200,ATTACKER,168,50,True,True,True,True,True,60,HIGH,ABNORMAL_MESSAGE_RATE|REPLAY_DETECTED,BLOCK
2026-10-07T01:43:58.602,0x200,ATTACKER,169,50,True,True,True,True,True,60,HIGH,ABNORMAL_MESSAGE_RATE|REPLAY_DETECTED,BLOCK
2026-10-07T01:43:58.602,0x200,ATTACKER,170,50,True,True,True,True,True,60,HIGH,ABNORMAL_MESSAGE_RATE|REPLAY_DETECTED,BLOCK
2026-10-07T01:43:58.602,0x200,ATTACKER,171,50,True,True,True,True,True,60,HIGH,ABNORMAL_MESSAGE_RATE|REPLAY_DETECTED,BLOCK
2026-10-07T01:43:58.603,0x200,ATTACKER,172,50,True,True,True,True,True,60,HIGH,ABNORMAL_MESSAGE_RATE|REPLAY_DETECTED,BLOCK
2026-10-07T01:43:58.603,0x200,ATTACKER,173,50,True,True,True,True,True,60,HIGH,ABNORMAL_MESSAGE_RATE|REPLAY_DETECTED,BLOCK
2026-10-07T01:43:58.603,0x200,ATTACKER,174,50,True,True,True,True,True,60,HIGH,ABNORMAL_MESSAGE_RATE|REPLAY_DETECTED,BLOCK
2026-10-07T01:43:58.604,0x200,ATTACKER,175,50,True,True,True,True,True,60,HIGH,ABNORMAL_MESSAGE_RATE|REPLAY_DETECTED,BLOCK
2026-10-07T01:43:58.604,0x200,ATTACKER,176,50,True,True,True,True,True,60,HIGH,ABNORMAL_MESSAGE_RATE|REPLAY_DETECTED,BLOCK
2026-10-07T01:43:58.604,0x200,ATTACKER,177,50,True,True,True,True,True,60,HIGH,ABNORMAL_MESSAGE_RATE|REPLAY_DETECTED,BLOCK
2026-10-07T01:43:58.605,0x200,ATTACKER,178,50,True,True,True,True,True,60,HIGH,ABNORMAL_MESSAGE_RATE|REPLAY_DETECTED,BLOCK
2026-10-07T01:43:58.605,0x200,ATTACKER,179,50,True,True,True,True,True,60,HIGH,ABNORMAL_MESSAGE_RATE|REPLAY_DETECTED,BLOCK
2026-10-07T01:43:58.606,0x200,ATTACKER,180,50,True,True,True,True,True,60,HIGH,ABNORMAL_MESSAGE_RATE|REPLAY_DETECTED,BLOCK
2026-10-07T01:43:58.606,0x200,ATTACKER,181,50,True,True,True,True,True,60,HIGH,ABNORMAL_MESSAGE_RATE|REPLAY_DETECTED,BLOCK
2026-10-07T01:43:58.606,0x200,ATTACKER,182,50,True,True,True,True,True,60,HIGH,ABNORMAL_MESSAGE_RATE|REPLAY_DETECTED,BLOCK
2026-10-07T01:43:58.607,0x200,ATTACKER,183,50,True,True,True,True,True,60,HIGH,ABNORMAL_MESSAGE_RATE|REPLAY_DETECTED,BLOCK
2026-10-07T01:43:58.607,0x200,ATTACKER,184,50,True,True,True,True,True,60,HIGH,ABNORMAL_MESSAGE_RATE|REPLAY_DETECTED,BLOCK
2026-10-07T01:43:58.607,0x200,ATTACKER,185,50,True,True,True,True,True,60,HIGH,ABNORMAL_MESSAGE_RATE|REPLAY_DETECTED,BLOCK
2026-10-07T01:43:58.608,0x200,ATTACKER,186,50,True,True,True,True,True,60,HIGH,ABNORMAL_MESSAGE_RATE|REPLAY_DETECTED,BLOCK
2026-10-07T01:43:58.608,0x200,ATTACKER,187,50,True,True,True,True,True,60,HIGH,ABNORMAL_MESSAGE_RATE|REPLAY_DETECTED,BLOCK
2026-10-07T01:43:58.608,0x200,ATTACKER,188,50,True,True,True,True,True,60,HIGH,ABNORMAL_MESSAGE_RATE|REPLAY_DETECTED,BLOCK
2026-10-07T01:43:58.609,0x200,ATTACKER,189,50,True,True,True,True,True,60,HIGH,ABNORMAL_MESSAGE_RATE|REPLAY_DETECTED,BLOCK
2026-10-07T01:43:58.609,0x200,ATTACKER,190,50,True,True,True,True,True,60,HIGH,ABNORMAL_MESSAGE_RATE|REPLAY_DETECTED,BLOCK
2026-10-07T01:43:58.609,0x200,ATTACKER,191,50,True,True,True,True,True,60,HIGH,ABNORMAL_MESSAGE_RATE|REPLAY_DETECTED,BLOCK
2026-10-07T01:43:58.610,0x200,ATTACKER,192,50,True,True,True,True,True,60,HIGH,ABNORMAL_MESSAGE_RATE|REPLAY_DETECTED,BLOCK
2026-10-07T01:43:58.610,0x200,ATTACKER,193,50,True,True,True,True,True,60,HIGH,ABNORMAL_MESSAGE_RATE|REPLAY_DETECTED,BLOCK
2026-10-07T01:43:58.610,0x200,ATTACKER,194,50,True,True,True,True,True,60,HIGH,ABNORMAL_MESSAGE_RATE|REPLAY_DETECTED,BLOCK
2026-10-07T01:43:58.611,0x200,ATTACKER,195,50,True,True,True,True,True,60,HIGH,ABNORMAL_MESSAGE_RATE|REPLAY_DETECTED,BLOCK
2026-10-07T01:43:58.611,0x200,ATTACKER,196,50,True,True,True,True,True,60,HIGH,ABNORMAL_MESSAGE_RATE|REPLAY_DETECTED,BLOCK
2026-10-07T01:43:58.611,0x200,ATTACKER,197,50,True,True,True,True,True,60,HIGH,ABNORMAL_MESSAGE_RATE|REPLAY_DETECTED,BLOCK
2026-10-07T01:43:58.612,0x200,ATTACKER,198,50,True,True,True,True,True,60,HIGH,ABNORMAL_MESSAGE_RATE|REPLAY_DETECTED,BLOCK
2026-10-07T01:43:58.612,0x200,ATTACKER,199,50,True,True,True,True,True,60,HIGH,ABNORMAL_MESSAGE_RATE|REPLAY_DETECTED,BLOCK
2026-10-07T01:43:58.612,0x200,ATTACKER,200,50,True,True,True,True,True,60,HIGH,ABNORMAL_MESSAGE_RATE|REPLAY_DETECTED,BLOCK
2026-10-07T01:43:58.613,0x200,ATTACKER,201,50,True,True,True,True,True,60,HIGH,ABNORMAL_MESSAGE_RATE|REPLAY_DETECTED,BLOCK
2026-10-07T01:43:58.613,0x200,ATTACKER,202,50,True,True,True,True,True,60,HIGH,ABNORMAL_MESSAGE_RATE|REPLAY_DETECTED,BLOCK
2026-10-07T01:43:58.613,0x200,ATTACKER,203,50,True,True,True,True,True,60,HIGH,ABNORMAL_MESSAGE_RATE|REPLAY_DETECTED,BLOCK
2026-10-07T01:43:58.614,0x200,ATTACKER,204,50,True,True,True,True,True,60,HIGH,ABNORMAL_MESSAGE_RATE|REPLAY_DETECTED,BLOCK
2026-10-07T01:43:58.614,0x200,ATTACKER,205,50,True,True,True,True,True,60,HIGH,ABNORMAL_MESSAGE_RATE|REPLAY_DETECTED,BLOCK
2026-10-07T01:43:58.614,0x200,ATTACKER,206,50,True,True,True,True,True,60,HIGH,ABNORMAL_MESSAGE_RATE|REPLAY_DETECTED,BLOCK
2026-10-07T01:43:58.615,0x200,ATTACKER,207,50,True,True,True,True,True,60,HIGH,ABNORMAL_MESSAGE_RATE|REPLAY_DETECTED,BLOCK
2026-10-07T01:43:58.615,0x200,ATTACKER,208,50,True,True,True,True,True,60,HIGH,ABNORMAL_MESSAGE_RATE|REPLAY_DETECTED,BLOCK
2026-10-07T01:43:58.615,0x200,ATTACKER,209,50,True,True,True,True,True,60,HIGH,ABNORMAL_MESSAGE_RATE|REPLAY_DETECTED,BLOCK
2026-10-07T01:43:58.616,0x200,ATTACKER,210,50,True,True,True,True,True,60,HIGH,ABNORMAL_MESSAGE_RATE|REPLAY_DETECTED,BLOCK
2026-10-07T01:43:58.616,0x200,ATTACKER,211,50,True,True,True,True,True,60,HIGH,ABNORMAL_MESSAGE_RATE|REPLAY_DETECTED,BLOCK
2026-10-07T01:43:58.616,0x200,ATTACKER,212,50,True,True,True,True,True,60,HIGH,ABNORMAL_MESSAGE_RATE|REPLAY_DETECTED,BLOCK
2026-10-07T01:43:58.617,0x200,ATTACKER,213,50,True,True,True,True,True,60,HIGH,ABNORMAL_MESSAGE_RATE|REPLAY_DETECTED,BLOCK
2026-10-07T01:43:58.617,0x200,ATTACKER,214,50,True,True,True,True,True,60,HIGH,ABNORMAL_MESSAGE_RATE|REPLAY_DETECTED,BLOCK
2026-10-07T01:43:58.617,0x200,ATTACKER,215,50,True,True,True,True,True,60,HIGH,ABNORMAL_MESSAGE_RATE|REPLAY_DETECTED,BLOCK
2026-10-07T01:43:58.618,0x200,ATTACKER,216,50,True,True,True,True,True,60,HIGH,ABNORMAL_MESSAGE_RATE|REPLAY_DETECTED,BLOCK
2026-10-07T01:43:58.618,0x200,ATTACKER,217,50,True,True,True,True,True,60,HIGH,ABNORMAL_MESSAGE_RATE|REPLAY_DETECTED,BLOCK
2026-10-07T01:43:58.618,0x200,ATTACKER,218,50,True,True,True,True,True,60,HIGH,ABNORMAL_MESSAGE_RATE|REPLAY_DETECTED,BLOCK
2026-10-07T01:43:58.619,0x200,ATTACKER,219,50,True,True,True,True,True,60,HIGH,ABNORMAL_MESSAGE_RATE|REPLAY_DETECTED,BLOCK
2026-10-07T01:43:58.619,0x200,ATTACKER,220,50,True,True,True,True,True,60,HIGH,ABNORMAL_MESSAGE_RATE|REPLAY_DETECTED,BLOCK
2026-10-07T01:43:58.619,0x200,ATTACKER,221,50,True,True,True,True,True,60,HIGH,ABNORMAL_MESSAGE_RATE|REPLAY_DETECTED,BLOCK
2026-10-07T01:43:58.620,0x200,ATTACKER,222,50,True,True,True,True,True,60,HIGH,ABNORMAL_MESSAGE_RATE|REPLAY_DETECTED,BLOCK
2026-10-07T01:43:58.620,0x200,ATTACKER,223,50,True,True,True,True,True,60,HIGH,ABNORMAL_MESSAGE_RATE|REPLAY_DETECTED,BLOCK
2026-10-07T01:43:58.620,0x200,ATTACKER,224,50,True,True,True,True,True,60,HIGH,ABNORMAL_MESSAGE_RATE|REPLAY_DETECTED,BLOCK
2026-10-07T01:43:58.621,0x200,ATTACKER,225,50,True,True,True,True,True,60,HIGH,ABNORMAL_MESSAGE_RATE|REPLAY_DETECTED,BLOCK
2026-10-07T01:43:58.621,0x200,ATTACKER,226,50,True,True,True,True,True,60,HIGH,ABNORMAL_MESSAGE_RATE|REPLAY_DETECTED,BLOCK
2026-10-07T01:43:58.621,0x200,ATTACKER,227,50,True,True,True,True,True,60,HIGH,ABNORMAL_MESSAGE_RATE|REPLAY_DETECTED,BLOCK
2026-10-07T01:43:58.622,0x200,ATTACKER,228,50,True,True,True,True,True,60,HIGH,ABNORMAL_MESSAGE_RATE|REPLAY_DETECTED,BLOCK
2026-10-07T01:43:58.622,0x200,ATTACKER,229,50,True,True,True,True,True,60,HIGH,ABNORMAL_MESSAGE_RATE|REPLAY_DETECTED,BLOCK
2026-10-07T01:43:58.623,0x200,ATTACKER,230,50,True,True,True,True,True,60,HIGH,ABNORMAL_MESSAGE_RATE|REPLAY_DETECTED,BLOCK
2026-10-07T01:43:58.623,0x200,ATTACKER,231,50,True,True,True,True,True,60,HIGH,ABNORMAL_MESSAGE_RATE|REPLAY_DETECTED,BLOCK
2026-10-07T01:43:58.623,0x200,ATTACKER,232,50,True,True,True,True,True,60,HIGH,ABNORMAL_MESSAGE_RATE|REPLAY_DETECTED,BLOCK
2026-10-07T01:43:58.624,0x200,ATTACKER,233,50,True,True,True,True,True,60,HIGH,ABNORMAL_MESSAGE_RATE|REPLAY_DETECTED,BLOCK
2026-10-07T01:43:58.624,0x200,ATTACKER,234,50,True,True,True,True,True,60,HIGH,ABNORMAL_MESSAGE_RATE|REPLAY_DETECTED,BLOCK
2026-10-07T01:43:58.625,0x200,ATTACKER,235,50,True,True,True,True,True,60,HIGH,ABNORMAL_MESSAGE_RATE|REPLAY_DETECTED,BLOCK
2026-10-07T01:43:58.625,0x200,ATTACKER,236,50,True,True,True,True,True,60,HIGH,ABNORMAL_MESSAGE_RATE|REPLAY_DETECTED,BLOCK
2026-10-07T01:43:58.625,0x200,ATTACKER,237,50,True,True,True,True,True,60,HIGH,ABNORMAL_MESSAGE_RATE|REPLAY_DETECTED,BLOCK
2026-10-07T01:43:58.626,0x200,ATTACKER,238,50,True,True,True,True,True,60,HIGH,ABNORMAL_MESSAGE_RATE|REPLAY_DETECTED,BLOCK
2026-10-07T01:43:58.626,0x200,ATTACKER,239,50,True,True,True,True,True,60,HIGH,ABNORMAL_MESSAGE_RATE|REPLAY_DETECTED,BLOCK
2026-10-07T01:43:58.626,0x200,ATTACKER,239,50,True,True,True,True,True,60,HIGH,ABNORMAL_MESSAGE_RATE|REPLAY_DETECTED,BLOCK
2026-10-07T01:43:58.627,0x200,ATTACKER,240,50,True,True,True,True,True,60,HIGH,ABNORMAL_MESSAGE_RATE|REPLAY_DETECTED,BLOCK
2026-10-07T01:43:58.627,0x200,ATTACKER,241,50,True,True,True,True,True,60,HIGH,ABNORMAL_MESSAGE_RATE|REPLAY_DETECTED,BLOCK
2026-10-07T01:43:58.627,0x200,ATTACKER,242,50,True,True,True,True,True,60,HIGH,ABNORMAL_MESSAGE_RATE|REPLAY_DETECTED,BLOCK
2026-10-07T01:43:58.628,0x200,ATTACKER,243,50,True,True,True,True,True,60,HIGH,ABNORMAL_MESSAGE_RATE|REPLAY_DETECTED,BLOCK
2026-10-07T01:43:58.628,0x200,ATTACKER,244,50,True,True,True,True,True,60,HIGH,ABNORMAL_MESSAGE_RATE|REPLAY_DETECTED,BLOCK
2026-10-07T01:43:58.628,0x200,ATTACKER,245,50,True,True,True,True,True,60,HIGH,ABNORMAL_MESSAGE_RATE|REPLAY_DETECTED,BLOCK
2026-10-07T01:43:58.628,0x200,ATTACKER,246,50,True,True,True,True,True,60,HIGH,ABNORMAL_MESSAGE_RATE|REPLAY_DETECTED,BLOCK
2026-10-07T01:43:58.629,0x200,ATTACKER,247,50,True,True,True,True,True,60,HIGH,ABNORMAL_MESSAGE_RATE|REPLAY_DETECTED,BLOCK
2026-10-07T01:43:58.629,0x200,ATTACKER,248,50,True,True,True,True,True,60,HIGH,ABNORMAL_MESSAGE_RATE|REPLAY_DETECTED,BLOCK
2026-10-07T01:43:58.629,0x200,ATTACKER,249,50,True,True,True,True,True,60,HIGH,ABNORMAL_MESSAGE_RATE|REPLAY_DETECTED,BLOCK
2026-10-07T01:43:58.635,0x100,BRAKE,93,100,True,True,True,False,True,30,MEDIUM,REPLAY_DETECTED,MONITOR
2026-10-07T01:43:58.635,0x120,STEERING,47,50,True,True,True,False,True,30,MEDIUM,REPLAY_DETECTED,MONITOR
2026-10-07T01:43:58.636,0x200,SPEED,250,50,True,True,True,True,True,60,HIGH,ABNORMAL_MESSAGE_RATE|REPLAY_DETECTED,BLOCK
2026-10-07T01:43:58.642,0x100,BRAKE,93,100,True,True,True,False,True,30,MEDIUM,REPLAY_DETECTED,MONITOR
2026-10-07T01:43:58.643,0x180,ADAS,20,20,True,True,True,False,True,30,MEDIUM,REPLAY_DETECTED,MONITOR
2026-10-07T01:43:58.643,0x200,SPEED,250,50,True,True,True,True,True,60,HIGH,ABNORMAL_MESSAGE_RATE|REPLAY_DETECTED,BLOCK
2026-10-07T01:43:58.650,0x100,BRAKE,93,100,True,True,True,False,True,30,MEDIUM,REPLAY_DETECTED,MONITOR
2026-10-07T01:43:58.650,0x200,SPEED,251,50,True,True,True,True,True,60,HIGH,ABNORMAL_MESSAGE_RATE|REPLAY_DETECTED,BLOCK
2026-10-07T01:43:58.657,0x100,BRAKE,94,100,True,True,True,False,True,30,MEDIUM,REPLAY_DETECTED,MONITOR
2026-10-07T01:43:58.657,0x200,SPEED,252,50,True,True,True,True,True,60,HIGH,ABNORMAL_MESSAGE_RATE|REPLAY_DETECTED,BLOCK
2026-10-07T01:43:58.664,0x100,BRAKE,94,100,True,True,True,False,True,30,MEDIUM,REPLAY_DETECTED,MONITOR
2026-10-07T01:43:58.664,0x200,SPEED,252,50,True,True,True,True,False,30,MEDIUM,ABNORMAL_MESSAGE_RATE,MONITOR
2026-10-07T01:43:58.671,0x100,BRAKE,95,100,True,True,True,False,True,30,MEDIUM,REPLAY_DETECTED,MONITOR
2026-10-07T01:43:58.671,0x180,ADAS,21,20,True,True,True,False,True,30,MEDIUM,REPLAY_DETECTED,MONITOR
2026-10-07T01:43:58.671,0x200,SPEED,253,50,True,True,True,True,True,60,HIGH,ABNORMAL_MESSAGE_RATE|REPLAY_DETECTED,BLOCK
2026-10-07T01:43:58.678,0x100,BRAKE,95,100,True,True,True,False,True,30,MEDIUM,REPLAY_DETECTED,MONITOR
2026-10-07T01:43:58.678,0x120,STEERING,51,50,True,True,True,False,True,30,MEDIUM,REPLAY_DETECTED,MONITOR
2026-10-07T01:43:58.679,0x200,SPEED,254,50,True,True,True,True,False,30,MEDIUM,ABNORMAL_MESSAGE_RATE,MONITOR
2026-10-07T01:43:58.685,0x100,BRAKE,95,100,True,True,True,False,True,30,MEDIUM,REPLAY_DETECTED,MONITOR
2026-10-07T01:43:58.692,0x100,BRAKE,95,100,True,True,True,False,True,30,MEDIUM,REPLAY_DETECTED,MONITOR
2026-10-07T01:43:58.699,0x100,BRAKE,96,100,True,True,True,False,True,30,MEDIUM,REPLAY_DETECTED,MONITOR
2026-10-07T01:43:58.699,0x200,SPEED,254,50,True,True,True,True,False,30,MEDIUM,ABNORMAL_MESSAGE_RATE,MONITOR
2026-10-07T01:43:58.705,0x100,BRAKE,96,100,True,True,True,False,True,30,MEDIUM,REPLAY_DETECTED,MONITOR
2026-10-07T01:43:58.712,0x100,BRAKE,96,100,True,True,True,False,True,30,MEDIUM,REPLAY_DETECTED,MONITOR
2026-10-07T01:43:58.718,0x100,BRAKE,97,100,True,True,True,False,True,30,MEDIUM,REPLAY_DETECTED,MONITOR
2026-10-07T01:43:58.719,0x180,ADAS,21,20,True,True,True,False,True,30,MEDIUM,REPLAY_DETECTED,MONITOR
2026-10-07T01:43:58.719,0x200,SPEED,254,50,True,True,True,True,True,60,HIGH,ABNORMAL_MESSAGE_RATE|REPLAY_DETECTED,BLOCK
2026-10-07T01:43:58.726,0x100,BRAKE,97,100,True,True,True,False,True,30,MEDIUM,REPLAY_DETECTED,MONITOR
2026-10-07T01:43:58.732,0x100,BRAKE,97,100,True,True,True,False,True,30,MEDIUM,REPLAY_DETECTED,MONITOR
2026-10-07T01:43:58.739,0x100,BRAKE,97,100,True,True,True,False,True,30,MEDIUM,REPLAY_DETECTED,MONITOR
2026-10-07T01:43:58.740,0x200,SPEED,254,50,True,True,True,True,True,60,HIGH,ABNORMAL_MESSAGE_RATE|REPLAY_DETECTED,BLOCK
2026-10-07T01:43:58.746,0x100,BRAKE,98,100,True,True,True,False,True,30,MEDIUM,REPLAY_DETECTED,MONITOR
2026-10-07T01:43:58.752,0x100,BRAKE,98,100,True,True,True,False,True,30,MEDIUM,REPLAY_DETECTED,MONITOR
2026-10-07T01:43:58.759,0x100,BRAKE,99,100,True,True,True,False,True,30,MEDIUM,REPLAY_DETECTED,MONITOR
2026-10-07T01:43:58.760,0x200,SPEED,254,50,True,True,True,True,True,60,HIGH,ABNORMAL_MESSAGE_RATE|REPLAY_DETECTED,BLOCK
2026-10-07T01:43:58.766,0x100,BRAKE,99,100,True,True,True,False,True,30,MEDIUM,REPLAY_DETECTED,MONITOR
2026-10-07T01:43:58.767,0x180,ADAS,21,20,True,True,True,False,True,30,MEDIUM,REPLAY_DETECTED,MONITOR
2026-10-07T01:43:58.772,0x100,BRAKE,99,100,True,True,True,False,True,30,MEDIUM,REPLAY_DETECTED,MONITOR
2026-10-07T01:43:58.780,0x100,BRAKE,99,100,True,True,True,False,True,30,MEDIUM,REPLAY_DETECTED,MONITOR
2026-10-07T01:43:58.780,0x120,STEERING,50,50,True,True,True,False,True,30,MEDIUM,REPLAY_DETECTED,MONITOR
2026-10-07T01:43:58.780,0x200,SPEED,253,50,True,True,True,True,False,30,MEDIUM,ABNORMAL_MESSAGE_RATE,MONITOR
2026-10-07T01:43:58.787,0x100,BRAKE,100,100,True,True,True,False,True,30,MEDIUM,REPLAY_DETECTED,MONITOR
2026-10-07T01:43:58.794,0x100,BRAKE,100,100,True,True,True,False,True,30,MEDIUM,REPLAY_DETECTED,MONITOR
2026-10-07T01:43:58.800,0x100,BRAKE,100,100,True,True,True,False,True,30,MEDIUM,REPLAY_DETECTED,MONITOR
2026-10-07T01:43:58.801,0x200,SPEED,254,50,True,True,True,True,True,60,HIGH,ABNORMAL_MESSAGE_RATE|REPLAY_DETECTED,BLOCK
2026-10-07T01:43:58.807,0x100,BRAKE,101,100,True,True,True,False,True,30,MEDIUM,REPLAY_DETECTED,MONITOR
2026-10-07T01:43:58.820,0x100,BRAKE,100,100,True,True,True,False,True,30,MEDIUM,REPLAY_DETECTED,MONITOR
2026-10-07T01:43:58.821,0x200,SPEED,252,50,True,True,True,True,True,60,HIGH,ABNORMAL_MESSAGE_RATE|REPLAY_DETECTED,BLOCK
2026-10-07T01:43:58.821,0x300,INSTRUMENT,10,10,True,True,True,False,True,30,MEDIUM,REPLAY_DETECTED,MONITOR
2026-10-07T01:43:58.828,0x100,BRAKE,101,100,True,True,True,False,True,30,MEDIUM,REPLAY_DETECTED,MONITOR
2026-10-07T01:43:58.841,0x100,BRAKE,100,100,True,True,True,False,True,30,MEDIUM,REPLAY_DETECTED,MONITOR
2026-10-07T01:43:58.841,0x200,SPEED,253,50,True,True,True,True,True,60,HIGH,ABNORMAL_MESSAGE_RATE|REPLAY_DETECTED,BLOCK
2026-10-07T01:43:58.848,0x100,BRAKE,101,100,True,True,True,False,True,30,MEDIUM,REPLAY_DETECTED,MONITOR
2026-10-07T01:43:58.859,0x100,BRAKE,100,100,True,True,True,False,True,30,MEDIUM,REPLAY_DETECTED,MONITOR
2026-10-07T01:43:58.860,0x200,SPEED,252,50,True,True,True,True,False,30,MEDIUM,ABNORMAL_MESSAGE_RATE,MONITOR
2026-10-07T01:43:58.867,0x100,BRAKE,101,100,True,True,True,False,True,30,MEDIUM,REPLAY_DETECTED,MONITOR
2026-10-07T01:43:58.867,0x180,ADAS,21,20,True,True,True,False,True,30,MEDIUM,REPLAY_DETECTED,MONITOR
2026-10-07T01:43:58.880,0x100,BRAKE,101,100,True,True,True,False,True,30,MEDIUM,REPLAY_DETECTED,MONITOR
2026-10-07T01:43:58.881,0x200,SPEED,253,50,True,True,True,True,False,30,MEDIUM,ABNORMAL_MESSAGE_RATE,MONITOR
2026-10-07T01:43:58.887,0x100,BRAKE,101,100,True,True,True,False,True,30,MEDIUM,REPLAY_DETECTED,MONITOR
2026-10-07T01:43:58.900,0x100,BRAKE,100,100,True,True,True,False,True,30,MEDIUM,REPLAY_DETECTED,MONITOR
2026-10-07T01:43:58.901,0x200,SPEED,252,50,True,True,True,True,False,30,MEDIUM,ABNORMAL_MESSAGE_RATE,MONITOR
2026-10-07T01:43:58.907,0x100,BRAKE,101,100,True,True,True,False,True,30,MEDIUM,REPLAY_DETECTED,MONITOR
2026-10-07T01:43:58.920,0x100,BRAKE,100,100,True,True,True,False,True,30,MEDIUM,REPLAY_DETECTED,MONITOR
2026-10-07T01:43:58.921,0x200,SPEED,252,50,True,True,True,True,True,60,HIGH,ABNORMAL_MESSAGE_RATE|REPLAY_DETECTED,BLOCK
2026-10-07T01:43:58.922,0x300,INSTRUMENT,10,10,True,True,True,False,True,30,MEDIUM,REPLAY_DETECTED,MONITOR
2026-10-07T01:43:58.928,0x100,BRAKE,101,100,True,True,True,False,True,30,MEDIUM,REPLAY_DETECTED,MONITOR
2026-10-07T01:43:58.942,0x100,BRAKE,100,100,True,True,True,False,True,30,MEDIUM,REPLAY_DETECTED,MONITOR
2026-10-07T01:43:58.942,0x200,SPEED,252,50,True,True,True,True,True,60,HIGH,ABNORMAL_MESSAGE_RATE|REPLAY_DETECTED,BLOCK
2026-10-07T01:43:58.949,0x100,BRAKE,101,100,True,True,True,False,True,30,MEDIUM,REPLAY_DETECTED,MONITOR
2026-10-07T01:43:58.961,0x100,BRAKE,100,100,True,True,True,False,True,30,MEDIUM,REPLAY_DETECTED,MONITOR
2026-10-07T01:43:58.961,0x200,SPEED,252,50,True,True,True,True,True,60,HIGH,ABNORMAL_MESSAGE_RATE|REPLAY_DETECTED,BLOCK
2026-10-07T01:43:58.968,0x100,BRAKE,101,100,True,True,True,False,True,30,MEDIUM,REPLAY_DETECTED,MONITOR
2026-10-07T01:43:58.969,0x180,ADAS,21,20,True,True,True,False,True,30,MEDIUM,REPLAY_DETECTED,MONITOR
2026-10-07T01:43:58.982,0x100,BRAKE,101,100,True,True,True,False,True,30,MEDIUM,REPLAY_DETECTED,MONITOR
2026-10-07T01:43:58.982,0x200,SPEED,253,50,True,True,True,True,True,60,HIGH,ABNORMAL_MESSAGE_RATE|REPLAY_DETECTED,BLOCK
2026-10-07T01:43:58.989,0x100,BRAKE,101,100,True,True,True,False,True,30,MEDIUM,REPLAY_DETECTED,MONITOR
2026-10-07T01:43:58.996,0x100,BRAKE,101,100,True,True,True,False,True,30,MEDIUM,REPLAY_DETECTED,MONITOR
2026-10-07T01:43:58.997,0x200,SPEED,253,50,True,True,True,True,True,60,HIGH,ABNORMAL_MESSAGE_RATE|REPLAY_DETECTED,BLOCK
2026-10-07T01:43:59.010,0x100,BRAKE,100,100,True,True,True,False,True,30,MEDIUM,REPLAY_DETECTED,MONITOR
2026-10-07T01:43:59.017,0x100,BRAKE,100,100,True,True,True,False,True,30,MEDIUM,REPLAY_DETECTED,MONITOR
2026-10-07T01:43:59.018,0x200,SPEED,253,50,True,True,True,True,True,60,HIGH,ABNORMAL_MESSAGE_RATE|REPLAY_DETECTED,BLOCK
2026-10-07T01:43:59.018,0x300,INSTRUMENT,11,10,True,True,True,False,True,30,MEDIUM,REPLAY_DETECTED,MONITOR
2026-10-07T01:43:59.031,0x100,BRAKE,100,100,True,True,True,False,True,30,MEDIUM,REPLAY_DETECTED,MONITOR
2026-10-07T01:43:59.038,0x100,BRAKE,101,100,True,True,True,False,True,30,MEDIUM,REPLAY_DETECTED,MONITOR
2026-10-07T01:43:59.041,0x200,SPEED,253,50,True,True,True,True,True,60,HIGH,ABNORMAL_MESSAGE_RATE|REPLAY_DETECTED,BLOCK
2026-10-07T01:43:59.048,0x100,BRAKE,101,100,True,True,True,False,True,30,MEDIUM,REPLAY_DETECTED,MONITOR
2026-10-07T01:43:59.061,0x100,BRAKE,100,100,True,True,True,False,True,30,MEDIUM,REPLAY_DETECTED,MONITOR
2026-10-07T01:43:59.062,0x200,SPEED,252,50,True,True,True,True,True,60,HIGH,ABNORMAL_MESSAGE_RATE|REPLAY_DETECTED,BLOCK
2026-10-07T01:43:59.069,0x100,BRAKE,100,100,True,True,True,False,True,30,MEDIUM,REPLAY_DETECTED,MONITOR
2026-10-07T01:43:59.071,0x180,ADAS,20,20,True,True,True,False,True,30,MEDIUM,REPLAY_DETECTED,MONITOR
2026-10-07T01:43:59.078,0x100,BRAKE,101,100,True,True,True,False,True,30,MEDIUM,REPLAY_DETECTED,MONITOR
2026-10-07T01:43:59.079,0x200,SPEED,253,50,True,True,True,True,False,30,MEDIUM,ABNORMAL_MESSAGE_RATE,MONITOR
2026-10-07T01:43:59.086,0x100,BRAKE,101,100,True,True,True,False,True,30,MEDIUM,REPLAY_DETECTED,MONITOR
2026-10-07T01:43:59.100,0x100,BRAKE,100,100,True,True,True,False,True,30,MEDIUM,REPLAY_DETECTED,MONITOR
2026-10-07T01:43:59.101,0x200,SPEED,252,50,True,True,True,True,False,30,MEDIUM,ABNORMAL_MESSAGE_RATE,MONITOR
2026-10-07T01:43:59.108,0x100,BRAKE,101,100,True,True,True,False,True,30,MEDIUM,REPLAY_DETECTED,MONITOR
2026-10-07T01:43:59.121,0x100,BRAKE,100,100,True,True,True,False,True,30,MEDIUM,REPLAY_DETECTED,MONITOR
2026-10-07T01:43:59.125,0x200,SPEED,251,50,True,True,True,True,True,60,HIGH,ABNORMAL_MESSAGE_RATE|REPLAY_DETECTED,BLOCK
2026-10-07T01:43:59.126,0x300,INSTRUMENT,10,10,True,True,True,False,True,30,MEDIUM,REPLAY_DETECTED,MONITOR
2026-10-07T01:43:59.133,0x100,BRAKE,100,100,True,True,True,False,True,30,MEDIUM,REPLAY_DETECTED,MONITOR
2026-10-07T01:43:59.141,0x100,BRAKE,100,100,True,True,True,False,True,30,MEDIUM,REPLAY_DETECTED,MONITOR
2026-10-07T01:43:59.142,0x200,SPEED,251,50,True,True,True,True,True,60,HIGH,ABNORMAL_MESSAGE_RATE|REPLAY_DETECTED,BLOCK
2026-10-07T01:43:59.149,0x100,BRAKE,100,100,True,True,True,False,True,30,MEDIUM,REPLAY_DETECTED,MONITOR
2026-10-07T01:43:59.161,0x100,BRAKE,100,100,True,True,True,False,True,30,MEDIUM,REPLAY_DETECTED,MONITOR
2026-10-07T01:43:59.162,0x120,STEERING,50,50,True,True,True,False,True,30,MEDIUM,REPLAY_DETECTED,MONITOR
2026-10-07T01:43:59.163,0x200,SPEED,251,50,True,True,True,True,True,60,HIGH,ABNORMAL_MESSAGE_RATE|REPLAY_DETECTED,BLOCK
2026-10-07T01:43:59.170,0x100,BRAKE,101,100,True,True,True,False,True,30,MEDIUM,REPLAY_DETECTED,MONITOR
2026-10-07T01:43:59.171,0x180,ADAS,21,20,True,True,True,False,True,30,MEDIUM,REPLAY_DETECTED,MONITOR
2026-10-07T01:43:59.178,0x100,BRAKE,101,100,True,True,True,False,True,30,MEDIUM,REPLAY_DETECTED,MONITOR
2026-10-07T01:43:59.178,0x200,SPEED,252,50,True,True,True,True,True,60,HIGH,ABNORMAL_MESSAGE_RATE|REPLAY_DETECTED,BLOCK
2026-10-07T01:43:59.191,0x100,BRAKE,100,100,True,True,True,False,True,30,MEDIUM,REPLAY_DETECTED,MONITOR
2026-10-07T01:43:59.198,0x100,BRAKE,100,100,True,True,True,False,True,30,MEDIUM,REPLAY_DETECTED,MONITOR
2026-10-07T01:43:59.199,0x200,SPEED,251,50,True,True,True,True,True,60,HIGH,ABNORMAL_MESSAGE_RATE|REPLAY_DETECTED,BLOCK
2026-10-07T01:43:59.211,0x100,BRAKE,100,100,True,True,True,False,True,30,MEDIUM,REPLAY_DETECTED,MONITOR
2026-10-07T01:43:59.218,0x100,BRAKE,100,100,True,True,True,False,True,30,MEDIUM,REPLAY_DETECTED,MONITOR
2026-10-07T01:43:59.219,0x180,ADAS,20,20,True,True,True,False,True,30,MEDIUM,REPLAY_DETECTED,MONITOR
2026-10-07T01:43:59.220,0x200,SPEED,251,50,True,True,True,True,True,60,HIGH,ABNORMAL_MESSAGE_RATE|REPLAY_DETECTED,BLOCK
2026-10-07T01:43:59.226,0x100,BRAKE,101,100,True,True,True,False,True,30,MEDIUM,REPLAY_DETECTED,MONITOR
2026-10-07T01:43:59.242,0x100,BRAKE,100,100,True,True,True,False,True,30,MEDIUM,REPLAY_DETECTED,MONITOR
2026-10-07T01:43:59.243,0x200,SPEED,252,50,True,True,True,True,True,60,HIGH,ABNORMAL_MESSAGE_RATE|REPLAY_DETECTED,BLOCK
2026-10-07T01:43:59.250,0x100,BRAKE,101,100,True,True,True,False,True,30,MEDIUM,REPLAY_DETECTED,MONITOR
2026-10-07T01:43:59.257,0x100,BRAKE,101,100,True,True,True,False,True,30,MEDIUM,REPLAY_DETECTED,MONITOR
2026-10-07T01:43:59.258,0x200,SPEED,252,50,True,True,True,True,True,60,HIGH,ABNORMAL_MESSAGE_RATE|REPLAY_DETECTED,BLOCK
2026-10-07T01:43:59.271,0x100,BRAKE,101,100,True,True,True,False,True,30,MEDIUM,REPLAY_DETECTED,MONITOR
2026-10-07T01:43:59.272,0x180,ADAS,21,20,True,True,True,False,True,30,MEDIUM,REPLAY_DETECTED,MONITOR
2026-10-07T01:43:59.279,0x100,BRAKE,101,100,True,True,True,False,True,30,MEDIUM,REPLAY_DETECTED,MONITOR
2026-10-07T01:43:59.280,0x120,STEERING,51,50,True,True,True,False,True,30,MEDIUM,REPLAY_DETECTED,MONITOR
2026-10-07T01:43:59.281,0x200,SPEED,252,50,True,True,True,True,True,60,HIGH,ABNORMAL_MESSAGE_RATE|REPLAY_DETECTED,BLOCK
2026-10-07T01:43:59.288,0x100,BRAKE,101,100,True,True,True,False,True,30,MEDIUM,REPLAY_DETECTED,MONITOR
2026-10-07T01:43:59.301,0x100,BRAKE,100,100,True,True,True,False,True,30,MEDIUM,REPLAY_DETECTED,MONITOR
2026-10-07T01:43:59.302,0x200,SPEED,251,50,True,True,True,True,True,60,HIGH,ABNORMAL_MESSAGE_RATE|REPLAY_DETECTED,BLOCK
2026-10-07T01:43:59.309,0x100,BRAKE,100,100,True,True,True,False,True,30,MEDIUM,REPLAY_DETECTED,MONITOR
2026-10-07T01:43:59.317,0x100,BRAKE,101,100,True,True,True,False,True,30,MEDIUM,REPLAY_DETECTED,MONITOR
2026-10-07T01:43:59.317,0x180,ADAS,21,20,True,True,True,False,True,30,MEDIUM,REPLAY_DETECTED,MONITOR
2026-10-07T01:43:59.318,0x200,SPEED,252,50,True,True,True,True,False,30,MEDIUM,ABNORMAL_MESSAGE_RATE,MONITOR
2026-10-07T01:43:59.331,0x100,BRAKE,100,100,True,True,True,False,True,30,MEDIUM,REPLAY_DETECTED,MONITOR
2026-10-07T01:43:59.338,0x100,BRAKE,101,100,True,True,True,False,True,30,MEDIUM,REPLAY_DETECTED,MONITOR
2026-10-07T01:43:59.339,0x200,SPEED,252,50,True,True,True,True,True,60,HIGH,ABNORMAL_MESSAGE_RATE|REPLAY_DETECTED,BLOCK
2026-10-07T01:43:59.339,0x200,ATTACKER,253,50,True,True,True,True,True,60,HIGH,ABNORMAL_MESSAGE_RATE|REPLAY_DETECTED,BLOCK
2026-10-07T01:43:59.346,0x100,BRAKE,101,100,True,True,True,False,True,30,MEDIUM,REPLAY_DETECTED,MONITOR
2026-10-07T01:43:59.360,0x100,BRAKE,100,100,True,True,True,False,True,30,MEDIUM,REPLAY_DETECTED,MONITOR
2026-10-07T01:43:59.360,0x120,STEERING,50,50,True,True,True,False,True,30,MEDIUM,REPLAY_DETECTED,MONITOR
2026-10-07T01:43:59.361,0x200,SPEED,252,50,True,True,True,True,True,60,HIGH,ABNORMAL_MESSAGE_RATE|REPLAY_DETECTED,BLOCK
2026-10-07T01:43:59.368,0x100,BRAKE,101,100,True,True,True,False,True,30,MEDIUM,REPLAY_DETECTED,MONITOR
2026-10-07T01:43:59.381,0x100,BRAKE,100,100,True,True,True,False,True,30,MEDIUM,REPLAY_DETECTED,MONITOR
2026-10-07T01:43:59.382,0x120,STEERING,50,50,True,True,True,False,True,30,MEDIUM,REPLAY_DETECTED,MONITOR
2026-10-07T01:43:59.382,0x200,SPEED,252,50,True,True,True,True,True,60,HIGH,ABNORMAL_MESSAGE_RATE|REPLAY_DETECTED,BLOCK
2026-10-07T01:43:59.391,0x100,BRAKE,101,100,True,True,True,False,True,30,MEDIUM,REPLAY_DETECTED,MONITOR
2026-10-07T01:43:59.397,0x100,BRAKE,101,100,True,True,True,False,True,30,MEDIUM,REPLAY_DETECTED,MONITOR
2026-10-07T01:43:59.397,0x200,SPEED,253,50,True,True,True,True,True,60,HIGH,ABNORMAL_MESSAGE_RATE|REPLAY_DETECTED,BLOCK
2026-10-07T01:43:59.411,0x100,BRAKE,100,100,True,True,True,False,True,30,MEDIUM,REPLAY_DETECTED,MONITOR
2026-10-07T01:43:59.418,0x100,BRAKE,101,100,True,True,True,False,True,30,MEDIUM,REPLAY_DETECTED,MONITOR
2026-10-07T01:43:59.419,0x200,SPEED,253,50,True,True,True,True,True,60,HIGH,ABNORMAL_MESSAGE_RATE|REPLAY_DETECTED,BLOCK
2026-10-07T01:43:59.426,0x100,BRAKE,101,100,True,True,True,False,True,30,MEDIUM,REPLAY_DETECTED,MONITOR
2026-10-07T01:43:59.442,0x100,BRAKE,100,100,True,True,True,False,True,30,MEDIUM,REPLAY_DETECTED,MONITOR
2026-10-07T01:43:59.444,0x200,SPEED,252,50,True,True,True,True,True,60,HIGH,ABNORMAL_MESSAGE_RATE|REPLAY_DETECTED,BLOCK
2026-10-07T01:43:59.450,0x100,BRAKE,101,100,True,True,True,False,True,30,MEDIUM,REPLAY_DETECTED,MONITOR
2026-10-07T01:43:59.458,0x100,BRAKE,100,100,True,True,True,False,True,30,MEDIUM,REPLAY_DETECTED,MONITOR
2026-10-07T01:43:59.459,0x200,SPEED,252,50,True,True,True,True,False,30,MEDIUM,ABNORMAL_MESSAGE_RATE,MONITOR
2026-10-07T01:43:59.466,0x100,BRAKE,101,100,True,True,True,False,True,30,MEDIUM,REPLAY_DETECTED,MONITOR
2026-10-07T01:43:59.480,0x100,BRAKE,100,100,True,True,True,False,True,30,MEDIUM,REPLAY_DETECTED,MONITOR
2026-10-07T01:43:59.482,0x200,SPEED,252,50,True,True,True,True,False,30,MEDIUM,ABNORMAL_MESSAGE_RATE,MONITOR
2026-10-07T01:43:59.489,0x100,BRAKE,101,100,True,True,True,False,True,30,MEDIUM,REPLAY_DETECTED,MONITOR
2026-10-07T01:43:59.494,0x200,ATTACKER,253,50,True,True,False,True,True,90,CRITICAL,ABNORMAL_MESSAGE_RATE|INVALID_PAYLOAD|REPLAY_DETECTED,BLOCK_AND_ISOLATE
2026-10-07T01:43:59.501,0x100,BRAKE,100,100,True,True,True,False,True,30,MEDIUM,REPLAY_DETECTED,MONITOR
2026-10-07T01:43:59.502,0x200,SPEED,253,50,True,True,True,True,True,60,HIGH,ABNORMAL_MESSAGE_RATE|REPLAY_DETECTED,BLOCK
2026-10-07T01:43:59.509,0x100,BRAKE,100,100,True,True,True,False,True,30,MEDIUM,REPLAY_DETECTED,MONITOR
2026-10-07T01:43:59.522,0x100,BRAKE,100,100,True,True,True,False,True,30,MEDIUM,REPLAY_DETECTED,MONITOR
2026-10-07T01:43:59.526,0x200,SPEED,254,50,True,True,True,True,True,60,HIGH,ABNORMAL_MESSAGE_RATE|REPLAY_DETECTED,BLOCK
2026-10-07T01:43:59.526,0x300,INSTRUMENT,11,10,True,True,True,False,True,30,MEDIUM,REPLAY_DETECTED,MONITOR
2026-10-07T01:43:59.533,0x100,BRAKE,100,100,True,True,True,False,True,30,MEDIUM,REPLAY_DETECTED,MONITOR
2026-10-07T01:43:59.541,0x100,BRAKE,100,100,True,True,True,False,True,30,MEDIUM,REPLAY_DETECTED,MONITOR
2026-10-07T01:43:59.542,0x120,STEERING,50,50,True,True,True,False,True,30,MEDIUM,REPLAY_DETECTED,MONITOR
2026-10-07T01:43:59.542,0x200,SPEED,253,50,True,True,True,True,True,60,HIGH,ABNORMAL_MESSAGE_RATE|REPLAY_DETECTED,BLOCK
2026-10-07T01:43:59.549,0x100,BRAKE,100,100,True,True,True,False,True,30,MEDIUM,REPLAY_DETECTED,MONITOR
2026-10-07T01:43:59.556,0x100,BRAKE,101,100,True,True,True,False,True,30,MEDIUM,REPLAY_DETECTED,MONITOR
2026-10-07T01:43:59.557,0x200,SPEED,253,50,True,True,True,True,True,60,HIGH,ABNORMAL_MESSAGE_RATE|REPLAY_DETECTED,BLOCK
2026-10-07T01:43:59.569,0x100,BRAKE,102,100,True,True,True,False,True,30,MEDIUM,REPLAY_DETECTED,MONITOR
2026-10-07T01:43:59.570,0x180,ADAS,21,20,True,True,True,False,True,30,MEDIUM,REPLAY_DETECTED,MONITOR
2026-10-07T01:43:59.577,0x100,BRAKE,103,100,True,True,True,False,True,30,MEDIUM,REPLAY_DETECTED,MONITOR
2026-10-07T01:43:59.578,0x200,SPEED,208,50,True,True,True,True,True,60,HIGH,ABNORMAL_MESSAGE_RATE|REPLAY_DETECTED,BLOCK
2026-10-07T01:43:59.592,0x100,BRAKE,104,100,True,True,True,False,True,30,MEDIUM,REPLAY_DETECTED,MONITOR
2026-10-07T01:43:59.599,0x100,BRAKE,105,100,True,True,True,False,True,30,MEDIUM,REPLAY_DETECTED,MONITOR
2026-10-07T01:43:59.600,0x200,SPEED,142,50,True,True,True,True,True,60,HIGH,ABNORMAL_MESSAGE_RATE|REPLAY_DETECTED,BLOCK
2026-10-07T01:43:59.608,0x100,BRAKE,106,100,True,True,True,False,True,30,MEDIUM,REPLAY_DETECTED,MONITOR
2026-10-07T01:43:59.621,0x100,BRAKE,107,100,True,True,True,False,True,30,MEDIUM,REPLAY_DETECTED,MONITOR
2026-10-07T01:43:59.625,0x200,SPEED,69,50,True,True,True,False,True,30,MEDIUM,REPLAY_DETECTED,MONITOR
2026-10-07T01:43:59.632,0x100,BRAKE,108,100,True,True,True,False,True,30,MEDIUM,REPLAY_DETECTED,MONITOR
2026-10-07T01:43:59.639,0x100,BRAKE,108,100,True,True,True,False,True,30,MEDIUM,REPLAY_DETECTED,MONITOR
2026-10-07T01:43:59.642,0x200,SPEED,56,50,True,True,True,False,True,30,MEDIUM,REPLAY_DETECTED,MONITOR
2026-10-07T01:43:59.649,0x100,BRAKE,108,100,True,True,True,False,True,30,MEDIUM,REPLAY_DETECTED,MONITOR
2026-10-07T01:43:59.658,0x100,BRAKE,107,100,True,True,True,False,True,30,MEDIUM,REPLAY_DETECTED,MONITOR
2026-10-07T01:43:59.659,0x120,STEERING,52,50,True,True,True,False,True,30,MEDIUM,REPLAY_DETECTED,MONITOR
2026-10-07T01:43:59.659,0x200,SPEED,54,50,True,True,True,False,True,30,MEDIUM,REPLAY_DETECTED,MONITOR
2026-10-07T01:43:59.666,0x100,BRAKE,107,100,True,True,True,False,True,30,MEDIUM,REPLAY_DETECTED,MONITOR
2026-10-07T01:43:59.667,0x180,ADAS,21,20,True,True,True,False,True,30,MEDIUM,REPLAY_DETECTED,MONITOR
2026-10-07T01:43:59.681,0x100,BRAKE,106,100,True,True,True,False,True,30,MEDIUM,REPLAY_DETECTED,MONITOR
2026-10-07T01:43:59.682,0x200,SPEED,52,50,True,True,True,False,True,30,MEDIUM,REPLAY_DETECTED,MONITOR
2026-10-07T01:43:59.689,0x100,BRAKE,106,100,True,True,True,False,True,30,MEDIUM,REPLAY_DETECTED,MONITOR
2026-10-07T01:43:59.699,0x100,BRAKE,106,100,True,True,True,False,True,30,MEDIUM,REPLAY_DETECTED,MONITOR
2026-10-07T01:43:59.699,0x200,SPEED,52,50,True,True,True,False,True,30,MEDIUM,REPLAY_DETECTED,MONITOR
2026-10-07T01:43:59.708,0x100,BRAKE,105,100,True,True,True,False,True,30,MEDIUM,REPLAY_DETECTED,MONITOR
2026-10-07T01:43:59.721,0x100,BRAKE,104,100,True,True,True,False,True,30,MEDIUM,REPLAY_DETECTED,MONITOR
2026-10-07T01:43:59.722,0x180,ADAS,20,20,True,True,True,False,True,30,MEDIUM,REPLAY_DETECTED,MONITOR
2026-10-07T01:43:59.722,0x200,SPEED,52,50,True,True,True,False,True,30,MEDIUM,REPLAY_DETECTED,MONITOR
2026-10-07T01:43:59.722,0x300,INSTRUMENT,10,10,True,True,True,False,True,30,MEDIUM,REPLAY_DETECTED,MONITOR
2026-10-07T01:43:59.730,0x100,BRAKE,104,100,True,True,True,False,True,30,MEDIUM,REPLAY_DETECTED,MONITOR
2026-10-07T01:43:59.736,0x100,BRAKE,104,100,True,True,True,False,True,30,MEDIUM,REPLAY_DETECTED,MONITOR
2026-10-07T01:43:59.737,0x200,SPEED,53,50,True,True,True,False,True,30,MEDIUM,REPLAY_DETECTED,MONITOR
2026-10-07T01:43:59.750,0x100,BRAKE,103,100,True,True,True,False,True,30,MEDIUM,REPLAY_DETECTED,MONITOR
2026-10-07T01:43:59.759,0x100,BRAKE,102,100,True,True,True,False,True,30,MEDIUM,REPLAY_DETECTED,MONITOR
2026-10-07T01:43:59.760,0x200,SPEED,52,50,True,True,True,False,True,30,MEDIUM,REPLAY_DETECTED,MONITOR
2026-10-07T01:43:59.767,0x100,BRAKE,102,100,True,True,True,False,True,30,MEDIUM,REPLAY_DETECTED,MONITOR
2026-10-07T01:43:59.781,0x100,BRAKE,101,100,True,True,True,False,True,30,MEDIUM,REPLAY_DETECTED,MONITOR
2026-10-07T01:43:59.789,0x100,BRAKE,101,100,True,True,True,False,True,30,MEDIUM,REPLAY_DETECTED,MONITOR
2026-10-07T01:43:59.799,0x100,BRAKE,101,100,True,True,True,False,True,30,MEDIUM,REPLAY_DETECTED,MONITOR
2026-10-07T01:43:59.800,0x120,STEERING,51,50,True,True,True,False,True,30,MEDIUM,REPLAY_DETECTED,MONITOR
2026-10-07T01:43:59.801,0x200,SPEED,52,50,True,True,True,False,True,30,MEDIUM,REPLAY_DETECTED,MONITOR
2026-10-07T01:43:59.809,0x100,BRAKE,100,100,True,True,True,False,True,30,MEDIUM,REPLAY_DETECTED,MONITOR
2026-10-07T01:43:59.817,0x100,BRAKE,101,100,True,True,True,False,True,30,MEDIUM,REPLAY_DETECTED,MONITOR
2026-10-07T01:43:59.817,0x180,ADAS,21,20,True,True,True,False,True,30,MEDIUM,REPLAY_DETECTED,MONITOR
2026-10-07T01:43:59.818,0x200,SPEED,53,50,True,True,True,False,True,30,MEDIUM,REPLAY_DETECTED,MONITOR
2026-10-07T01:43:59.819,0x300,INSTRUMENT,11,10,True,True,True,False,True,30,MEDIUM,REPLAY_DETECTED,MONITOR
2026-10-07T01:43:59.832,0x100,BRAKE,100,100,True,True,True,False,True,30,MEDIUM,REPLAY_DETECTED,MONITOR
2026-10-07T01:43:59.843,0x100,BRAKE,100,100,True,True,True,False,True,30,MEDIUM,REPLAY_DETECTED,MONITOR
2026-10-07T01:43:59.851,0x100,BRAKE,100,100,True,True,True,False,True,30,MEDIUM,REPLAY_DETECTED,MONITOR
2026-10-07T01:43:59.858,0x100,BRAKE,101,100,True,True,True,False,True,30,MEDIUM,REPLAY_DETECTED,MONITOR
2026-10-07T01:43:59.871,0x100,BRAKE,100,100,True,True,True,False,True,30,MEDIUM,REPLAY_DETECTED,MONITOR
2026-10-07T01:43:59.883,0x100,BRAKE,100,100,True,True,True,False,True,30,MEDIUM,REPLAY_DETECTED,MONITOR
2026-10-07T01:43:59.884,0x200,SPEED,52,50,True,True,True,False,True,30,MEDIUM,REPLAY_DETECTED,MONITOR
2026-10-07T01:43:59.894,0x100,BRAKE,100,100,True,True,True,False,True,30,MEDIUM,REPLAY_DETECTED,MONITOR
2026-10-07T01:43:59.901,0x100,BRAKE,100,100,True,True,True,False,True,30,MEDIUM,REPLAY_DETECTED,MONITOR
2026-10-07T01:43:59.902,0x200,SPEED,52,50,True,True,True,False,True,30,MEDIUM,REPLAY_DETECTED,MONITOR
2026-10-07T01:43:59.910,0x100,BRAKE,100,100,True,True,True,False,True,30,MEDIUM,REPLAY_DETECTED,MONITOR
2026-10-07T01:43:59.916,0x100,BRAKE,101,100,True,True,True,False,True,30,MEDIUM,REPLAY_DETECTED,MONITOR
2026-10-07T01:43:59.917,0x200,SPEED,53,50,True,True,True,False,True,30,MEDIUM,REPLAY_DETECTED,MONITOR
2026-10-07T01:43:59.918,0x300,INSTRUMENT,11,10,True,True,True,False,True,30,MEDIUM,REPLAY_DETECTED,MONITOR
2026-10-07T01:43:59.928,0x100,BRAKE,101,100,True,True,True,False,True,30,MEDIUM,REPLAY_DETECTED,MONITOR
2026-10-07T01:43:59.942,0x100,BRAKE,100,100,True,True,True,False,True,30,MEDIUM,REPLAY_DETECTED,MONITOR
2026-10-07T01:43:59.951,0x100,BRAKE,100,100,True,True,True,False,True,30,MEDIUM,REPLAY_DETECTED,MONITOR
2026-10-07T01:43:59.959,0x100,BRAKE,101,100,True,True,True,False,True,30,MEDIUM,REPLAY_DETECTED,MONITOR
2026-10-07T01:43:59.972,0x100,BRAKE,100,100,True,True,True,False,True,30,MEDIUM,REPLAY_DETECTED,MONITOR
2026-10-07T01:43:59.974,0x180,ADAS,20,20,True,True,True,False,True,30,MEDIUM,REPLAY_DETECTED,MONITOR
2026-10-07T01:43:59.981,0x100,BRAKE,101,100,True,True,True,False,True,30,MEDIUM,REPLAY_DETECTED,MONITOR
2026-10-07T01:43:59.982,0x200,SPEED,53,50,True,True,True,False,True,30,MEDIUM,REPLAY_DETECTED,MONITOR
2026-10-07T01:43:59.989,0x100,BRAKE,100,100,True,True,True,False,True,30,MEDIUM,REPLAY_DETECTED,MONITOR
2026-10-07T01:43:59.998,0x100,BRAKE,100,100,True,True,True,False,True,30,MEDIUM,REPLAY_DETECTED,MONITOR
2026-10-07T01:43:59.999,0x200,SPEED,52,50,True,True,True,False,True,30,MEDIUM,REPLAY_DETECTED,MONITOR
2026-10-07T01:44:00.011,0x100,BRAKE,100,100,True,True,True,False,True,30,MEDIUM,REPLAY_DETECTED,MONITOR
2026-10-07T01:44:00.019,0x100,BRAKE,100,100,True,True,True,False,True,30,MEDIUM,REPLAY_DETECTED,MONITOR
2026-10-07T01:44:00.020,0x200,SPEED,52,50,True,True,True,False,True,30,MEDIUM,REPLAY_DETECTED,MONITOR
2026-10-07T01:44:00.021,0x300,INSTRUMENT,10,10,True,True,True,False,True,30,MEDIUM,REPLAY_DETECTED,MONITOR
2026-10-07T01:44:00.028,0x100,BRAKE,101,100,True,True,True,False,True,30,MEDIUM,REPLAY_DETECTED,MONITOR
2026-10-07T01:44:00.043,0x100,BRAKE,100,100,True,True,True,False,True,30,MEDIUM,REPLAY_DETECTED,MONITOR
2026-10-07T01:44:00.044,0x200,SPEED,52,50,True,True,True,False,True,30,MEDIUM,REPLAY_DETECTED,MONITOR
2026-10-07T01:44:00.052,0x100,BRAKE,100,100,True,True,True,False,True,30,MEDIUM,REPLAY_DETECTED,MONITOR
2026-10-07T01:44:00.059,0x100,BRAKE,101,100,True,True,True,False,True,30,MEDIUM,REPLAY_DETECTED,MONITOR
2026-10-07T01:44:00.060,0x120,STEERING,51,50,True,True,True,False,True,30,MEDIUM,REPLAY_DETECTED,MONITOR
2026-10-07T01:44:00.061,0x200,SPEED,53,50,True,True,True,False,True,30,MEDIUM,REPLAY_DETECTED,MONITOR
2026-10-07T01:44:00.068,0x100,BRAKE,101,100,True,True,True,False,True,30,MEDIUM,REPLAY_DETECTED,MONITOR
2026-10-07T01:44:00.081,0x100,BRAKE,100,100,True,True,True,False,True,30,MEDIUM,REPLAY_DETECTED,MONITOR
2026-10-07T01:44:00.082,0x200,SPEED,52,50,True,True,True,False,True,30,MEDIUM,REPLAY_DETECTED,MONITOR
2026-10-07T01:44:00.088,0x100,BRAKE,100,100,True,True,True,False,True,30,MEDIUM,REPLAY_DETECTED,MONITOR
2026-10-07T01:44:00.101,0x100,BRAKE,100,100,True,True,True,False,True,30,MEDIUM,REPLAY_DETECTED,MONITOR
2026-10-07T01:44:00.102,0x200,SPEED,52,50,True,True,True,False,True,30,MEDIUM,REPLAY_DETECTED,MONITOR
2026-10-07T01:44:00.108,0x100,BRAKE,100,100,True,True,True,False,True,30,MEDIUM,REPLAY_DETECTED,MONITOR
2026-10-07T01:44:00.122,0x100,BRAKE,100,100,True,True,True,False,True,30,MEDIUM,REPLAY_DETECTED,MONITOR
2026-10-07T01:44:00.123,0x180,ADAS,21,20,True,True,True,False,True,30,MEDIUM,REPLAY_DETECTED,MONITOR
2026-10-07T01:44:00.123,0x200,SPEED,53,50,True,True,True,False,True,30,MEDIUM,REPLAY_DETECTED,MONITOR
2026-10-07T01:44:00.124,0x300,INSTRUMENT,11,10,True,True,True,False,True,30,MEDIUM,REPLAY_DETECTED,MONITOR
2026-10-07T01:44:00.124,0x200,ATTACKER,54,50,True,True,True,False,True,30,MEDIUM,REPLAY_DETECTED,MONITOR
2026-10-07T01:44:00.130,0x100,BRAKE,101,100,True,True,True,False,True,30,MEDIUM,REPLAY_DETECTED,MONITOR
2026-10-07T01:44:00.137,0x100,BRAKE,101,100,True,True,True,False,True,30,MEDIUM,REPLAY_DETECTED,MONITOR
2026-10-07T01:44:00.138,0x200,SPEED,54,50,True,True,True,False,True,30,MEDIUM,REPLAY_DETECTED,MONITOR
2026-10-07T01:44:00.151,0x100,BRAKE,100,100,True,True,True,False,True,30,MEDIUM,REPLAY_DETECTED,MONITOR
2026-10-07T01:44:00.158,0x100,BRAKE,101,100,True,True,True,False,True,30,MEDIUM,REPLAY_DETECTED,MONITOR
2026-10-07T01:44:00.172,0x100,BRAKE,100,100,True,True,True,False,True,30,MEDIUM,REPLAY_DETECTED,MONITOR
2026-10-07T01:44:00.182,0x100,BRAKE,100,100,True,True,True,False,True,30,MEDIUM,REPLAY_DETECTED,MONITOR
2026-10-07T01:44:00.182,0x200,SPEED,53,50,True,True,True,False,True,30,MEDIUM,REPLAY_DETECTED,MONITOR
2026-10-07T01:44:00.191,0x100,BRAKE,100,100,True,True,True,False,True,30,MEDIUM,REPLAY_DETECTED,MONITOR
2026-10-07T01:44:00.198,0x100,BRAKE,100,100,True,True,True,False,True,30,MEDIUM,REPLAY_DETECTED,MONITOR
2026-10-07T01:44:00.199,0x200,SPEED,53,50,True,True,True,False,True,30,MEDIUM,REPLAY_DETECTED,MONITOR
2026-10-07T01:44:00.208,0x100,BRAKE,101,100,True,True,True,False,True,30,MEDIUM,REPLAY_DETECTED,MONITOR
2026-10-07T01:44:00.221,0x100,BRAKE,100,100,True,True,True,False,True,30,MEDIUM,REPLAY_DETECTED,MONITOR
2026-10-07T01:44:00.222,0x180,ADAS,20,20,True,True,True,False,True,30,MEDIUM,REPLAY_DETECTED,MONITOR
2026-10-07T01:44:00.222,0x200,SPEED,53,50,True,True,True,False,True,30,MEDIUM,REPLAY_DETECTED,MONITOR
2026-10-07T01:44:00.223,0x300,INSTRUMENT,10,10,True,True,True,False,True,30,MEDIUM,REPLAY_DETECTED,MONITOR
2026-10-07T01:44:00.230,0x100,BRAKE,100,100,True,True,True,False,True,30,MEDIUM,REPLAY_DETECTED,MONITOR
2026-10-07T01:44:00.237,0x100,BRAKE,101,100,True,True,True,False,True,30,MEDIUM,REPLAY_DETECTED,MONITOR
2026-10-07T01:44:00.238,0x120,STEERING,51,50,True,True,True,False,True,30,MEDIUM,REPLAY_DETECTED,MONITOR
2026-10-07T01:44:00.251,0x100,BRAKE,100,100,True,True,True,False,True,30,MEDIUM,REPLAY_DETECTED,MONITOR
2026-10-07T01:44:00.258,0x100,BRAKE,100,100,True,True,True,False,True,30,MEDIUM,REPLAY_DETECTED,MONITOR
2026-10-07T01:44:00.258,0x200,SPEED,53,50,True,True,True,False,True,30,MEDIUM,REPLAY_DETECTED,MONITOR
2026-10-07T01:44:00.271,0x100,BRAKE,100,100,True,True,True,False,True,30,MEDIUM,REPLAY_DETECTED,MONITOR
2026-10-07T01:44:00.275,0x180,ADAS,20,20,True,True,True,False,True,30,MEDIUM,REPLAY_DETECTED,MONITOR
2026-10-07T01:44:00.282,0x100,BRAKE,100,100,True,True,True,False,True,30,MEDIUM,REPLAY_DETECTED,MONITOR
2026-10-07T01:44:00.282,0x200,SPEED,53,50,True,True,True,False,True,30,MEDIUM,REPLAY_DETECTED,MONITOR
2026-10-07T01:44:00.289,0x100,BRAKE,100,100,True,True,True,False,True,30,MEDIUM,REPLAY_DETECTED,MONITOR
2026-10-07T01:44:00.302,0x100,BRAKE,100,100,True,True,True,False,True,30,MEDIUM,REPLAY_DETECTED,MONITOR
2026-10-07T01:44:00.310,0x100,BRAKE,100,100,True,True,True,False,True,30,MEDIUM,REPLAY_DETECTED,MONITOR
2026-10-07T01:44:00.318,0x100,BRAKE,100,100,True,True,True,False,True,30,MEDIUM,REPLAY_DETECTED,MONITOR
2026-10-07T01:44:00.319,0x180,ADAS,20,20,True,True,True,False,True,30,MEDIUM,REPLAY_DETECTED,MONITOR
2026-10-07T01:44:00.319,0x200,SPEED,53,50,True,True,True,False,True,30,MEDIUM,REPLAY_DETECTED,MONITOR
2026-10-07T01:44:00.332,0x100,BRAKE,100,100,True,True,True,False,True,30,MEDIUM,REPLAY_DETECTED,MONITOR
2026-10-07T01:44:00.339,0x100,BRAKE,100,100,True,True,True,False,True,30,MEDIUM,REPLAY_DETECTED,MONITOR
2026-10-07T01:44:00.344,0x200,SPEED,52,50,True,True,True,False,True,30,MEDIUM,REPLAY_DETECTED,MONITOR
2026-10-07T01:44:00.351,0x100,BRAKE,100,100,True,True,True,False,True,30,MEDIUM,REPLAY_DETECTED,MONITOR
2026-10-07T01:44:00.357,0x100,BRAKE,101,100,True,True,True,False,True,30,MEDIUM,REPLAY_DETECTED,MONITOR
2026-10-07T01:44:00.376,0x100,BRAKE,100,100,True,True,True,False,True,30,MEDIUM,REPLAY_DETECTED,MONITOR
2026-10-07T01:44:00.377,0x180,ADAS,20,20,True,True,True,False,True,30,MEDIUM,REPLAY_DETECTED,MONITOR
2026-10-07T01:44:00.384,0x100,BRAKE,100,100,True,True,True,False,True,30,MEDIUM,REPLAY_DETECTED,MONITOR
2026-10-07T01:44:00.384,0x200,SPEED,52,50,True,True,True,False,True,30,MEDIUM,REPLAY_DETECTED,MONITOR
2026-10-07T01:44:00.391,0x100,BRAKE,100,100,True,True,True,False,True,30,MEDIUM,REPLAY_DETECTED,MONITOR
2026-10-07T01:44:00.398,0x100,BRAKE,100,100,True,True,True,False,True,30,MEDIUM,REPLAY_DETECTED,MONITOR
2026-10-07T01:44:00.399,0x200,SPEED,52,50,True,True,True,False,True,30,MEDIUM,REPLAY_DETECTED,MONITOR
2026-10-07T01:44:00.412,0x100,BRAKE,100,100,True,True,True,False,True,30,MEDIUM,REPLAY_DETECTED,MONITOR
2026-10-07T01:44:00.420,0x100,BRAKE,100,100,True,True,True,False,True,30,MEDIUM,REPLAY_DETECTED,MONITOR
2026-10-07T01:44:00.421,0x200,SPEED,52,50,True,True,True,False,True,30,MEDIUM,REPLAY_DETECTED,MONITOR
2026-10-07T01:44:00.422,0x300,INSTRUMENT,10,10,True,True,True,False,True,30,MEDIUM,REPLAY_DETECTED,MONITOR
2026-10-07T01:44:00.434,0x100,BRAKE,100,100,True,True,True,False,True,30,MEDIUM,REPLAY_DETECTED,MONITOR
2026-10-07T01:44:00.442,0x100,BRAKE,100,100,True,True,True,False,True,30,MEDIUM,REPLAY_DETECTED,MONITOR
2026-10-07T01:44:00.444,0x200,SPEED,53,50,True,True,True,False,True,30,MEDIUM,REPLAY_DETECTED,MONITOR
2026-10-07T01:44:00.450,0x100,BRAKE,100,100,True,True,True,False,True,30,MEDIUM,REPLAY_DETECTED,MONITOR
2026-10-07T01:44:00.459,0x100,BRAKE,100,100,True,True,True,False,True,30,MEDIUM,REPLAY_DETECTED,MONITOR
2026-10-07T01:44:00.460,0x200,SPEED,52,50,True,True,True,False,True,30,MEDIUM,REPLAY_DETECTED,MONITOR
2026-10-07T01:44:00.467,0x100,BRAKE,100,100,True,True,True,False,True,30,MEDIUM,REPLAY_DETECTED,MONITOR
2026-10-07T01:44:00.468,0x180,ADAS,20,20,True,True,True,False,True,30,MEDIUM,REPLAY_DETECTED,MONITOR
2026-10-07T01:44:00.476,0x100,BRAKE,101,100,True,True,True,False,True,30,MEDIUM,REPLAY_DETECTED,MONITOR
2026-10-07T01:44:00.477,0x120,STEERING,51,50,True,True,True,False,True,30,MEDIUM,REPLAY_DETECTED,MONITOR
2026-10-07T01:44:00.478,0x200,SPEED,53,50,True,True,True,False,True,30,MEDIUM,REPLAY_DETECTED,MONITOR
2026-10-07T01:44:00.492,0x100,BRAKE,100,100,True,True,True,False,True,30,MEDIUM,REPLAY_DETECTED,MONITOR
2026-10-07T01:44:00.500,0x100,BRAKE,101,100,True,True,True,False,True,30,MEDIUM,REPLAY_DETECTED,MONITOR
2026-10-07T01:44:00.501,0x200,SPEED,52,50,True,True,True,False,True,30,MEDIUM,REPLAY_DETECTED,MONITOR
2026-10-07T01:44:00.510,0x100,BRAKE,100,100,True,True,True,False,True,30,MEDIUM,REPLAY_DETECTED,MONITOR
2026-10-07T01:44:00.517,0x100,BRAKE,101,100,True,True,True,False,True,30,MEDIUM,REPLAY_DETECTED,MONITOR
2026-10-07T01:44:00.518,0x120,STEERING,51,50,True,True,True,False,True,30,MEDIUM,REPLAY_DETECTED,MONITOR
2026-10-07T01:44:00.518,0x200,SPEED,52,50,True,True,True,False,True,30,MEDIUM,REPLAY_DETECTED,MONITOR
2026-10-07T01:44:00.519,0x300,INSTRUMENT,11,10,True,True,True,False,True,30,MEDIUM,REPLAY_DETECTED,MONITOR
2026-10-07T01:44:00.520,0x555,ATTACKER,1,,False,True,True,True,True,100,CRITICAL,UNKNOWN_CAN_ID|ABNORMAL_MESSAGE_RATE|REPLAY_DETECTED,BLOCK_AND_ISOLATE
2026-10-07T01:44:00.526,0x100,BRAKE,101,100,True,True,True,False,True,30,MEDIUM,REPLAY_DETECTED,MONITOR
2026-10-07T01:44:00.542,0x100,BRAKE,100,100,True,True,True,False,True,30,MEDIUM,REPLAY_DETECTED,MONITOR
2026-10-07T01:44:00.543,0x200,SPEED,51,50,True,True,True,False,True,30,MEDIUM,REPLAY_DETECTED,MONITOR
2026-10-07T01:44:00.550,0x100,BRAKE,100,100,True,True,True,False,True,30,MEDIUM,REPLAY_DETECTED,MONITOR
2026-10-07T01:44:00.558,0x100,BRAKE,100,100,True,True,True,False,True,30,MEDIUM,REPLAY_DETECTED,MONITOR
2026-10-07T01:44:00.559,0x200,SPEED,51,50,True,True,True,False,True,30,MEDIUM,REPLAY_DETECTED,MONITOR
2026-10-07T01:44:00.572,0x100,BRAKE,100,100,True,True,True,False,True,30,MEDIUM,REPLAY_DETECTED,MONITOR
2026-10-07T01:44:00.573,0x180,ADAS,20,20,True,True,True,False,True,30,MEDIUM,REPLAY_DETECTED,MONITOR
2026-10-07T01:44:00.580,0x100,BRAKE,100,100,True,True,True,False,True,30,MEDIUM,REPLAY_DETECTED,MONITOR
2026-10-07T01:44:00.580,0x200,SPEED,51,50,True,True,True,False,True,30,MEDIUM,REPLAY_DETECTED,MONITOR
2026-10-07T01:44:00.587,0x100,BRAKE,101,100,True,True,True,False,True,30,MEDIUM,REPLAY_DETECTED,MONITOR
2026-10-07T01:44:00.600,0x100,BRAKE,100,100,True,True,True,False,True,30,MEDIUM,REPLAY_DETECTED,MONITOR
2026-10-07T01:44:00.607,0x100,BRAKE,101,100,True,True,True,False,True,30,MEDIUM,REPLAY_DETECTED,MONITOR
2026-10-07T01:44:00.620,0x100,BRAKE,101,100,True,True,True,False,True,30,MEDIUM,REPLAY_DETECTED,MONITOR
2026-10-07T01:44:00.621,0x300,INSTRUMENT,11,10,True,True,True,False,True,30,MEDIUM,REPLAY_DETECTED,MONITOR
2026-10-07T01:44:00.628,0x100,BRAKE,101,100,True,True,True,False,True,30,MEDIUM,REPLAY_DETECTED,MONITOR
2026-10-07T01:44:00.641,0x100,BRAKE,100,100,True,True,True,False,True,30,MEDIUM,REPLAY_DETECTED,MONITOR
2026-10-07T01:44:00.642,0x200,SPEED,52,50,True,True,True,False,True,30,MEDIUM,REPLAY_DETECTED,MONITOR
2026-10-07T01:44:00.649,0x100,BRAKE,101,100,True,True,True,False,True,30,MEDIUM,REPLAY_DETECTED,MONITOR
2026-10-07T01:44:00.661,0x100,BRAKE,100,100,True,True,True,False,True,30,MEDIUM,REPLAY_DETECTED,MONITOR
2026-10-07T01:44:00.669,0x100,BRAKE,100,100,True,True,True,False,True,30,MEDIUM,REPLAY_DETECTED,MONITOR
2026-10-07T01:44:00.677,0x100,BRAKE,101,100,True,True,True,False,True,30,MEDIUM,REPLAY_DETECTED,MONITOR
2026-10-07T01:44:00.692,0x100,BRAKE,100,100,True,True,True,False,True,30,MEDIUM,REPLAY_DETECTED,MONITOR
2026-10-07T01:44:00.699,0x100,BRAKE,100,100,True,True,True,False,True,30,MEDIUM,REPLAY_DETECTED,MONITOR
2026-10-07T01:44:00.700,0x200,SPEED,51,50,True,True,True,False,True,30,MEDIUM,REPLAY_DETECTED,MONITOR
2026-10-07T01:44:00.708,0x100,BRAKE,100,100,True,True,True,False,True,30,MEDIUM,REPLAY_DETECTED,MONITOR
2026-10-07T01:44:00.725,0x100,BRAKE,100,100,True,True,True,False,True,30,MEDIUM,REPLAY_DETECTED,MONITOR
2026-10-07T01:44:00.726,0x200,SPEED,51,50,True,True,True,False,True,30,MEDIUM,REPLAY_DETECTED,MONITOR
2026-10-07T01:44:00.727,0x300,INSTRUMENT,10,10,True,True,True,False,True,30,MEDIUM,REPLAY_DETECTED,MONITOR
2026-10-07T01:44:00.734,0x100,BRAKE,100,100,True,True,True,False,True,30,MEDIUM,REPLAY_DETECTED,MONITOR
2026-10-07T01:44:00.742,0x100,BRAKE,100,100,True,True,True,False,True,30,MEDIUM,REPLAY_DETECTED,MONITOR
2026-10-07T01:44:00.742,0x200,SPEED,51,50,True,True,True,False,True,30,MEDIUM,REPLAY_DETECTED,MONITOR
2026-10-07T01:44:00.749,0x100,BRAKE,101,100,True,True,True,False,True,30,MEDIUM,REPLAY_DETECTED,MONITOR
2026-10-07T01:44:00.758,0x100,BRAKE,101,100,True,True,True,False,True,30,MEDIUM,REPLAY_DETECTED,MONITOR
2026-10-07T01:44:00.759,0x200,SPEED,52,50,True,True,True,False,True,30,MEDIUM,REPLAY_DETECTED,MONITOR
2026-10-07T01:44:00.772,0x100,BRAKE,100,100,True,True,True,False,True,30,MEDIUM,REPLAY_DETECTED,MONITOR
2026-10-07T01:44:00.776,0x180,ADAS,20,20,True,True,True,False,True,30,MEDIUM,REPLAY_DETECTED,MONITOR
2026-10-07T01:44:00.783,0x100,BRAKE,100,100,True,True,True,False,True,30,MEDIUM,REPLAY_DETECTED,MONITOR
2026-10-07T01:44:00.784,0x200,SPEED,51,50,True,True,True,False,True,30,MEDIUM,REPLAY_DETECTED,MONITOR
2026-10-07T01:44:00.791,0x100,BRAKE,100,100,True,True,True,False,True,30,MEDIUM,REPLAY_DETECTED,MONITOR
2026-10-07T01:44:00.797,0x100,BRAKE,101,100,True,True,True,False,True,30,MEDIUM,REPLAY_DETECTED,MONITOR
2026-10-07T01:44:00.798,0x200,SPEED,52,50,True,True,True,False,True,30,MEDIUM,REPLAY_DETECTED,MONITOR
2026-10-07T01:44:00.811,0x100,BRAKE,100,100,True,True,True,False,True,30,MEDIUM,REPLAY_DETECTED,MONITOR
2026-10-07T01:44:00.819,0x100,BRAKE,100,100,True,True,True,False,True,30,MEDIUM,REPLAY_DETECTED,MONITOR
2026-10-07T01:44:00.820,0x180,ADAS,20,20,True,True,True,False,True,30,MEDIUM,REPLAY_DETECTED,MONITOR
2026-10-07T01:44:00.821,0x300,INSTRUMENT,10,10,True,True,True,False,True,30,MEDIUM,REPLAY_DETECTED,MONITOR
2026-10-07T01:44:00.828,0x100,BRAKE,101,100,True,True,True,False,True,30,MEDIUM,REPLAY_DETECTED,MONITOR
2026-10-07T01:44:00.843,0x100,BRAKE,100,100,True,True,True,False,True,30,MEDIUM,REPLAY_DETECTED,MONITOR
2026-10-07T01:44:00.844,0x200,SPEED,52,50,True,True,True,False,True,30,MEDIUM,REPLAY_DETECTED,MONITOR
2026-10-07T01:44:00.851,0x100,BRAKE,100,100,True,True,True,False,True,30,MEDIUM,REPLAY_DETECTED,MONITOR
2026-10-07T01:44:00.859,0x100,BRAKE,100,100,True,True,True,False,True,30,MEDIUM,REPLAY_DETECTED,MONITOR
2026-10-07T01:44:00.860,0x200,SPEED,51,50,True,True,True,False,True,30,MEDIUM,REPLAY_DETECTED,MONITOR
2026-10-07T01:44:00.866,0x100,BRAKE,101,100,True,True,True,False,True,30,MEDIUM,REPLAY_DETECTED,MONITOR
2026-10-07T01:44:00.880,0x100,BRAKE,101,100,True,True,True,False,True,30,MEDIUM,REPLAY_DETECTED,MONITOR
2026-10-07T01:44:00.880,0x200,SPEED,52,50,True,True,True,False,True,30,MEDIUM,REPLAY_DETECTED,MONITOR
2026-10-07T01:44:00.887,0x100,BRAKE,101,100,True,True,True,False,True,30,MEDIUM,REPLAY_DETECTED,MONITOR
2026-10-07T01:44:00.894,0x200,ATTACKER,52,50,True,True,True,False,True,30,MEDIUM,REPLAY_DETECTED,MONITOR
2026-10-07T01:44:00.895,0x200,ATTACKER,53,50,True,True,False,False,True,60,HIGH,INVALID_PAYLOAD|REPLAY_DETECTED,BLOCK
2026-10-07T01:44:00.895,0x200,ATTACKER,54,50,True,True,True,False,True,30,MEDIUM,REPLAY_DETECTED,MONITOR
2026-10-07T01:44:00.896,0x200,ATTACKER,55,50,True,True,True,False,True,30,MEDIUM,REPLAY_DETECTED,MONITOR
2026-10-07T01:44:00.896,0x200,ATTACKER,56,50,True,True,True,False,True,30,MEDIUM,REPLAY_DETECTED,MONITOR
2026-10-07T01:44:00.897,0x200,ATTACKER,57,50,True,True,True,False,True,30,MEDIUM,REPLAY_DETECTED,MONITOR
2026-10-07T01:44:00.897,0x200,ATTACKER,58,50,True,True,True,False,True,30,MEDIUM,REPLAY_DETECTED,MONITOR
2026-10-07T01:44:00.898,0x200,ATTACKER,59,50,True,True,True,False,True,30,MEDIUM,REPLAY_DETECTED,MONITOR
2026-10-07T01:44:00.898,0x200,ATTACKER,60,50,True,True,True,False,True,30,MEDIUM,REPLAY_DETECTED,MONITOR
2026-10-07T01:44:00.898,0x200,ATTACKER,61,50,True,True,True,False,True,30,MEDIUM,REPLAY_DETECTED,MONITOR
2026-10-07T01:44:00.899,0x200,ATTACKER,62,50,True,True,True,False,True,30,MEDIUM,REPLAY_DETECTED,MONITOR
2026-10-07T01:44:00.899,0x200,ATTACKER,63,50,True,True,True,False,True,30,MEDIUM,REPLAY_DETECTED,MONITOR
2026-10-07T01:44:00.900,0x200,ATTACKER,64,50,True,True,True,False,True,30,MEDIUM,REPLAY_DETECTED,MONITOR
2026-10-07T01:44:00.900,0x200,ATTACKER,65,50,True,True,True,False,True,30,MEDIUM,REPLAY_DETECTED,MONITOR
2026-10-07T01:44:00.901,0x200,ATTACKER,66,50,True,True,True,False,True,30,MEDIUM,REPLAY_DETECTED,MONITOR
2026-10-07T01:44:00.901,0x200,ATTACKER,67,50,True,True,True,False,True,30,MEDIUM,REPLAY_DETECTED,MONITOR
2026-10-07T01:44:00.902,0x200,ATTACKER,68,50,True,True,True,False,True,30,MEDIUM,REPLAY_DETECTED,MONITOR
2026-10-07T01:44:00.902,0x200,ATTACKER,69,50,True,True,True,False,True,30,MEDIUM,REPLAY_DETECTED,MONITOR
2026-10-07T01:44:00.902,0x200,ATTACKER,69,50,True,True,True,False,True,30,MEDIUM,REPLAY_DETECTED,MONITOR
2026-10-07T01:44:00.903,0x200,ATTACKER,70,50,True,True,True,False,True,30,MEDIUM,REPLAY_DETECTED,MONITOR
2026-10-07T01:44:00.904,0x200,ATTACKER,71,50,True,True,True,False,True,30,MEDIUM,REPLAY_DETECTED,MONITOR
2026-10-07T01:44:00.904,0x200,ATTACKER,72,50,True,True,True,False,True,30,MEDIUM,REPLAY_DETECTED,MONITOR
2026-10-07T01:44:00.904,0x200,ATTACKER,73,50,True,True,True,False,True,30,MEDIUM,REPLAY_DETECTED,MONITOR
2026-10-07T01:44:00.905,0x200,ATTACKER,74,50,True,True,True,False,True,30,MEDIUM,REPLAY_DETECTED,MONITOR
2026-10-07T01:44:00.906,0x200,ATTACKER,75,50,True,True,True,False,True,30,MEDIUM,REPLAY_DETECTED,MONITOR
2026-10-07T01:44:00.907,0x200,ATTACKER,76,50,True,True,True,False,True,30,MEDIUM,REPLAY_DETECTED,MONITOR
2026-10-07T01:44:00.908,0x200,ATTACKER,77,50,True,True,True,False,True,30,MEDIUM,REPLAY_DETECTED,MONITOR
2026-10-07T01:44:00.908,0x200,ATTACKER,78,50,True,True,True,False,True,30,MEDIUM,REPLAY_DETECTED,MONITOR
2026-10-07T01:44:00.909,0x200,ATTACKER,79,50,True,True,True,False,True,30,MEDIUM,REPLAY_DETECTED,MONITOR
2026-10-07T01:44:00.909,0x200,ATTACKER,80,50,True,True,True,False,True,30,MEDIUM,REPLAY_DETECTED,MONITOR
2026-10-07T01:44:00.910,0x200,ATTACKER,81,50,True,True,True,False,True,30,MEDIUM,REPLAY_DETECTED,MONITOR
2026-10-07T01:44:00.910,0x200,ATTACKER,82,50,True,True,True,False,True,30,MEDIUM,REPLAY_DETECTED,MONITOR
2026-10-07T01:44:00.910,0x200,ATTACKER,83,50,True,True,True,False,True,30,MEDIUM,REPLAY_DETECTED,MONITOR
2026-10-07T01:44:00.911,0x200,ATTACKER,84,50,True,True,True,False,True,30,MEDIUM,REPLAY_DETECTED,MONITOR
2026-10-07T01:44:00.911,0x200,ATTACKER,85,50,True,True,True,False,True,30,MEDIUM,REPLAY_DETECTED,MONITOR
2026-10-07T01:44:00.911,0x200,ATTACKER,86,50,True,True,True,False,True,30,MEDIUM,REPLAY_DETECTED,MONITOR
2026-10-07T01:44:00.912,0x200,ATTACKER,87,50,True,True,True,False,True,30,MEDIUM,REPLAY_DETECTED,MONITOR
2026-10-07T01:44:00.912,0x200,ATTACKER,88,50,True,True,True,False,True,30,MEDIUM,REPLAY_DETECTED,MONITOR
2026-10-07T01:44:00.913,0x200,ATTACKER,89,50,True,True,True,False,True,30,MEDIUM,REPLAY_DETECTED,MONITOR
2026-10-07T01:44:00.913,0x200,ATTACKER,90,50,True,True,True,False,True,30,MEDIUM,REPLAY_DETECTED,MONITOR
2026-10-07T01:44:00.913,0x200,ATTACKER,91,50,True,True,True,False,True,30,MEDIUM,REPLAY_DETECTED,MONITOR
2026-10-07T01:44:00.914,0x200,ATTACKER,92,50,True,True,True,False,True,30,MEDIUM,REPLAY_DETECTED,MONITOR
2026-10-07T01:44:00.914,0x200,ATTACKER,93,50,True,True,True,False,True,30,MEDIUM,REPLAY_DETECTED,MONITOR
2026-10-07T01:44:00.914,0x200,ATTACKER,94,50,True,True,True,False,True,30,MEDIUM,REPLAY_DETECTED,MONITOR
2026-10-07T01:44:00.915,0x200,ATTACKER,95,50,True,True,True,False,True,30,MEDIUM,REPLAY_DETECTED,MONITOR
2026-10-07T01:44:00.915,0x200,ATTACKER,96,50,True,True,True,False,True,30,MEDIUM,REPLAY_DETECTED,MONITOR
2026-10-07T01:44:00.915,0x200,ATTACKER,97,50,True,True,True,False,True,30,MEDIUM,REPLAY_DETECTED,MONITOR
2026-10-07T01:44:00.916,0x200,ATTACKER,98,50,True,True,True,False,True,30,MEDIUM,REPLAY_DETECTED,MONITOR
2026-10-07T01:44:00.916,0x200,ATTACKER,99,50,True,True,True,False,True,30,MEDIUM,REPLAY_DETECTED,MONITOR
2026-10-07T01:44:00.916,0x200,ATTACKER,100,50,True,True,True,False,True,30,MEDIUM,REPLAY_DETECTED,MONITOR
2026-10-07T01:44:00.917,0x200,ATTACKER,101,50,True,True,True,True,True,60,HIGH,ABNORMAL_MESSAGE_RATE|REPLAY_DETECTED,BLOCK
2026-10-07T01:44:00.917,0x200,ATTACKER,102,50,True,True,True,True,True,60,HIGH,ABNORMAL_MESSAGE_RATE|REPLAY_DETECTED,BLOCK
2026-10-07T01:44:00.917,0x200,ATTACKER,102,50,True,True,True,True,True,60,HIGH,ABNORMAL_MESSAGE_RATE|REPLAY_DETECTED,BLOCK
2026-10-07T01:44:00.918,0x200,ATTACKER,103,50,True,True,True,True,True,60,HIGH,ABNORMAL_MESSAGE_RATE|REPLAY_DETECTED,BLOCK
2026-10-07T01:44:00.918,0x200,ATTACKER,104,50,True,True,True,True,True,60,HIGH,ABNORMAL_MESSAGE_RATE|REPLAY_DETECTED,BLOCK
2026-10-07T01:44:00.919,0x200,ATTACKER,105,50,True,True,True,True,True,60,HIGH,ABNORMAL_MESSAGE_RATE|REPLAY_DETECTED,BLOCK
2026-10-07T01:44:00.919,0x200,ATTACKER,106,50,True,True,True,True,True,60,HIGH,ABNORMAL_MESSAGE_RATE|REPLAY_DETECTED,BLOCK
2026-10-07T01:44:00.919,0x200,ATTACKER,107,50,True,True,True,True,True,60,HIGH,ABNORMAL_MESSAGE_RATE|REPLAY_DETECTED,BLOCK
2026-10-07T01:44:00.920,0x200,ATTACKER,108,50,True,True,True,True,True,60,HIGH,ABNORMAL_MESSAGE_RATE|REPLAY_DETECTED,BLOCK
2026-10-07T01:44:00.920,0x200,ATTACKER,109,50,True,True,True,True,True,60,HIGH,ABNORMAL_MESSAGE_RATE|REPLAY_DETECTED,BLOCK
2026-10-07T01:44:00.920,0x200,ATTACKER,110,50,True,True,True,True,True,60,HIGH,ABNORMAL_MESSAGE_RATE|REPLAY_DETECTED,BLOCK
2026-10-07T01:44:00.921,0x200,ATTACKER,111,50,True,True,True,True,True,60,HIGH,ABNORMAL_MESSAGE_RATE|REPLAY_DETECTED,BLOCK
2026-10-07T01:44:00.921,0x200,ATTACKER,112,50,True,True,True,True,True,60,HIGH,ABNORMAL_MESSAGE_RATE|REPLAY_DETECTED,BLOCK
2026-10-07T01:44:00.921,0x200,ATTACKER,113,50,True,True,True,True,True,60,HIGH,ABNORMAL_MESSAGE_RATE|REPLAY_DETECTED,BLOCK
2026-10-07T01:44:00.922,0x200,ATTACKER,114,50,True,True,True,True,True,60,HIGH,ABNORMAL_MESSAGE_RATE|REPLAY_DETECTED,BLOCK
2026-10-07T01:44:00.922,0x200,ATTACKER,115,50,True,True,True,True,True,60,HIGH,ABNORMAL_MESSAGE_RATE|REPLAY_DETECTED,BLOCK
2026-10-07T01:44:00.923,0x200,ATTACKER,116,50,True,True,True,True,True,60,HIGH,ABNORMAL_MESSAGE_RATE|REPLAY_DETECTED,BLOCK
2026-10-07T01:44:00.924,0x200,ATTACKER,117,50,True,True,True,True,True,60,HIGH,ABNORMAL_MESSAGE_RATE|REPLAY_DETECTED,BLOCK
2026-10-07T01:44:00.924,0x200,ATTACKER,118,50,True,True,True,True,True,60,HIGH,ABNORMAL_MESSAGE_RATE|REPLAY_DETECTED,BLOCK
2026-10-07T01:44:00.924,0x200,ATTACKER,119,50,True,True,True,True,True,60,HIGH,ABNORMAL_MESSAGE_RATE|REPLAY_DETECTED,BLOCK
2026-10-07T01:44:00.925,0x200,ATTACKER,120,50,True,True,True,True,True,60,HIGH,ABNORMAL_MESSAGE_RATE|REPLAY_DETECTED,BLOCK
2026-10-07T01:44:00.925,0x200,ATTACKER,121,50,True,True,True,True,True,60,HIGH,ABNORMAL_MESSAGE_RATE|REPLAY_DETECTED,BLOCK
2026-10-07T01:44:00.925,0x200,ATTACKER,122,50,True,True,True,True,True,60,HIGH,ABNORMAL_MESSAGE_RATE|REPLAY_DETECTED,BLOCK
2026-10-07T01:44:00.926,0x200,ATTACKER,123,50,True,True,True,True,True,60,HIGH,ABNORMAL_MESSAGE_RATE|REPLAY_DETECTED,BLOCK
2026-10-07T01:44:00.926,0x200,ATTACKER,124,50,True,True,True,True,True,60,HIGH,ABNORMAL_MESSAGE_RATE|REPLAY_DETECTED,BLOCK
2026-10-07T01:44:00.926,0x200,ATTACKER,125,50,True,True,True,True,True,60,HIGH,ABNORMAL_MESSAGE_RATE|REPLAY_DETECTED,BLOCK
2026-10-07T01:44:00.927,0x200,ATTACKER,126,50,True,True,True,True,True,60,HIGH,ABNORMAL_MESSAGE_RATE|REPLAY_DETECTED,BLOCK
2026-10-07T01:44:00.927,0x200,ATTACKER,127,50,True,True,True,True,True,60,HIGH,ABNORMAL_MESSAGE_RATE|REPLAY_DETECTED,BLOCK
2026-10-07T01:44:00.927,0x200,ATTACKER,128,50,True,True,True,True,True,60,HIGH,ABNORMAL_MESSAGE_RATE|REPLAY_DETECTED,BLOCK
2026-10-07T01:44:00.928,0x200,ATTACKER,129,50,True,True,True,True,True,60,HIGH,ABNORMAL_MESSAGE_RATE|REPLAY_DETECTED,BLOCK
2026-10-07T01:44:00.928,0x200,ATTACKER,130,50,True,True,True,True,True,60,HIGH,ABNORMAL_MESSAGE_RATE|REPLAY_DETECTED,BLOCK
2026-10-07T01:44:00.928,0x200,ATTACKER,131,50,True,True,True,True,True,60,HIGH,ABNORMAL_MESSAGE_RATE|REPLAY_DETECTED,BLOCK
2026-10-07T01:44:00.929,0x200,ATTACKER,132,50,True,True,True,True,True,60,HIGH,ABNORMAL_MESSAGE_RATE|REPLAY_DETECTED,BLOCK
2026-10-07T01:44:00.929,0x200,ATTACKER,133,50,True,True,True,True,True,60,HIGH,ABNORMAL_MESSAGE_RATE|REPLAY_DETECTED,BLOCK
2026-10-07T01:44:00.929,0x200,ATTACKER,134,50,True,True,True,True,True,60,HIGH,ABNORMAL_MESSAGE_RATE|REPLAY_DETECTED,BLOCK
2026-10-07T01:44:00.930,0x200,ATTACKER,135,50,True,True,True,True,True,60,HIGH,ABNORMAL_MESSAGE_RATE|REPLAY_DETECTED,BLOCK
2026-10-07T01:44:00.930,0x200,ATTACKER,136,50,True,True,True,True,True,60,HIGH,ABNORMAL_MESSAGE_RATE|REPLAY_DETECTED,BLOCK
2026-10-07T01:44:00.930,0x200,ATTACKER,137,50,True,True,True,True,True,60,HIGH,ABNORMAL_MESSAGE_RATE|REPLAY_DETECTED,BLOCK
2026-10-07T01:44:00.931,0x200,ATTACKER,138,50,True,True,True,True,True,60,HIGH,ABNORMAL_MESSAGE_RATE|REPLAY_DETECTED,BLOCK
2026-10-07T01:44:00.931,0x200,ATTACKER,139,50,True,True,True,True,True,60,HIGH,ABNORMAL_MESSAGE_RATE|REPLAY_DETECTED,BLOCK
2026-10-07T01:44:00.931,0x200,ATTACKER,140,50,True,True,True,True,True,60,HIGH,ABNORMAL_MESSAGE_RATE|REPLAY_DETECTED,BLOCK
2026-10-07T01:44:00.932,0x200,ATTACKER,141,50,True,True,True,True,True,60,HIGH,ABNORMAL_MESSAGE_RATE|REPLAY_DETECTED,BLOCK
2026-10-07T01:44:00.932,0x200,ATTACKER,142,50,True,True,True,True,True,60,HIGH,ABNORMAL_MESSAGE_RATE|REPLAY_DETECTED,BLOCK
2026-10-07T01:44:00.932,0x200,ATTACKER,143,50,True,True,True,True,True,60,HIGH,ABNORMAL_MESSAGE_RATE|REPLAY_DETECTED,BLOCK
2026-10-07T01:44:00.933,0x200,ATTACKER,144,50,True,True,True,True,True,60,HIGH,ABNORMAL_MESSAGE_RATE|REPLAY_DETECTED,BLOCK
2026-10-07T01:44:00.933,0x200,ATTACKER,145,50,True,True,True,True,True,60,HIGH,ABNORMAL_MESSAGE_RATE|REPLAY_DETECTED,BLOCK
2026-10-07T01:44:00.933,0x200,ATTACKER,146,50,True,True,True,True,True,60,HIGH,ABNORMAL_MESSAGE_RATE|REPLAY_DETECTED,BLOCK
2026-10-07T01:44:00.934,0x200,ATTACKER,147,50,True,True,True,True,True,60,HIGH,ABNORMAL_MESSAGE_RATE|REPLAY_DETECTED,BLOCK
2026-10-07T01:44:00.934,0x200,ATTACKER,148,50,True,True,True,True,True,60,HIGH,ABNORMAL_MESSAGE_RATE|REPLAY_DETECTED,BLOCK
2026-10-07T01:44:00.934,0x200,ATTACKER,149,50,True,True,True,True,True,60,HIGH,ABNORMAL_MESSAGE_RATE|REPLAY_DETECTED,BLOCK
2026-10-07T01:44:00.935,0x200,ATTACKER,150,50,True,True,True,True,True,60,HIGH,ABNORMAL_MESSAGE_RATE|REPLAY_DETECTED,BLOCK
2026-10-07T01:44:00.935,0x200,ATTACKER,151,50,True,True,True,True,True,60,HIGH,ABNORMAL_MESSAGE_RATE|REPLAY_DETECTED,BLOCK
2026-10-07T01:44:00.935,0x200,ATTACKER,152,50,True,True,True,True,True,60,HIGH,ABNORMAL_MESSAGE_RATE|REPLAY_DETECTED,BLOCK
2026-10-07T01:44:00.936,0x200,ATTACKER,153,50,True,True,True,True,True,60,HIGH,ABNORMAL_MESSAGE_RATE|REPLAY_DETECTED,BLOCK
2026-10-07T01:44:00.936,0x200,ATTACKER,154,50,True,True,True,True,True,60,HIGH,ABNORMAL_MESSAGE_RATE|REPLAY_DETECTED,BLOCK
2026-10-07T01:44:00.936,0x200,ATTACKER,155,50,True,True,True,True,True,60,HIGH,ABNORMAL_MESSAGE_RATE|REPLAY_DETECTED,BLOCK
2026-10-07T01:44:00.937,0x200,ATTACKER,156,50,True,True,True,True,True,60,HIGH,ABNORMAL_MESSAGE_RATE|REPLAY_DETECTED,BLOCK
2026-10-07T01:44:00.937,0x200,ATTACKER,157,50,True,True,True,True,True,60,HIGH,ABNORMAL_MESSAGE_RATE|REPLAY_DETECTED,BLOCK
2026-10-07T01:44:00.937,0x200,ATTACKER,158,50,True,True,True,True,True,60,HIGH,ABNORMAL_MESSAGE_RATE|REPLAY_DETECTED,BLOCK
2026-10-07T01:44:00.938,0x200,ATTACKER,159,50,True,True,True,True,True,60,HIGH,ABNORMAL_MESSAGE_RATE|REPLAY_DETECTED,BLOCK
2026-10-07T01:44:00.938,0x200,ATTACKER,160,50,True,True,True,True,True,60,HIGH,ABNORMAL_MESSAGE_RATE|REPLAY_DETECTED,BLOCK
2026-10-07T01:44:00.938,0x200,ATTACKER,161,50,True,True,True,True,True,60,HIGH,ABNORMAL_MESSAGE_RATE|REPLAY_DETECTED,BLOCK
2026-10-07T01:44:00.939,0x200,ATTACKER,162,50,True,True,True,True,True,60,HIGH,ABNORMAL_MESSAGE_RATE|REPLAY_DETECTED,BLOCK
2026-10-07T01:44:00.940,0x200,ATTACKER,163,50,True,True,True,True,True,60,HIGH,ABNORMAL_MESSAGE_RATE|REPLAY_DETECTED,BLOCK
2026-10-07T01:44:00.941,0x200,ATTACKER,164,50,True,True,True,True,True,60,HIGH,ABNORMAL_MESSAGE_RATE|REPLAY_DETECTED,BLOCK
2026-10-07T01:44:00.941,0x200,ATTACKER,165,50,True,True,True,True,True,60,HIGH,ABNORMAL_MESSAGE_RATE|REPLAY_DETECTED,BLOCK
2026-10-07T01:44:00.942,0x200,ATTACKER,166,50,True,True,True,True,True,60,HIGH,ABNORMAL_MESSAGE_RATE|REPLAY_DETECTED,BLOCK
2026-10-07T01:44:00.942,0x200,ATTACKER,167,50,True,True,True,True,True,60,HIGH,ABNORMAL_MESSAGE_RATE|REPLAY_DETECTED,BLOCK
2026-10-07T01:44:00.942,0x200,ATTACKER,168,50,True,True,True,True,True,60,HIGH,ABNORMAL_MESSAGE_RATE|REPLAY_DETECTED,BLOCK
2026-10-07T01:44:00.943,0x200,ATTACKER,169,50,True,True,True,True,True,60,HIGH,ABNORMAL_MESSAGE_RATE|REPLAY_DETECTED,BLOCK
2026-10-07T01:44:00.943,0x200,ATTACKER,170,50,True,True,True,True,True,60,HIGH,ABNORMAL_MESSAGE_RATE|REPLAY_DETECTED,BLOCK
2026-10-07T01:44:00.943,0x200,ATTACKER,171,50,True,True,True,True,True,60,HIGH,ABNORMAL_MESSAGE_RATE|REPLAY_DETECTED,BLOCK
2026-10-07T01:44:00.944,0x200,ATTACKER,172,50,True,True,True,True,True,60,HIGH,ABNORMAL_MESSAGE_RATE|REPLAY_DETECTED,BLOCK
2026-10-07T01:44:00.944,0x200,ATTACKER,173,50,True,True,True,True,True,60,HIGH,ABNORMAL_MESSAGE_RATE|REPLAY_DETECTED,BLOCK
2026-10-07T01:44:00.945,0x200,ATTACKER,174,50,True,True,True,True,True,60,HIGH,ABNORMAL_MESSAGE_RATE|REPLAY_DETECTED,BLOCK
2026-10-07T01:44:00.945,0x200,ATTACKER,174,50,True,True,True,True,True,60,HIGH,ABNORMAL_MESSAGE_RATE|REPLAY_DETECTED,BLOCK
2026-10-07T01:44:00.945,0x200,ATTACKER,175,50,True,True,True,True,True,60,HIGH,ABNORMAL_MESSAGE_RATE|REPLAY_DETECTED,BLOCK
2026-10-07T01:44:00.945,0x200,ATTACKER,176,50,True,True,True,True,True,60,HIGH,ABNORMAL_MESSAGE_RATE|REPLAY_DETECTED,BLOCK
2026-10-07T01:44:00.946,0x200,ATTACKER,177,50,True,True,True,True,True,60,HIGH,ABNORMAL_MESSAGE_RATE|REPLAY_DETECTED,BLOCK
2026-10-07T01:44:00.946,0x200,ATTACKER,178,50,True,True,True,True,True,60,HIGH,ABNORMAL_MESSAGE_RATE|REPLAY_DETECTED,BLOCK
2026-10-07T01:44:00.946,0x200,ATTACKER,179,50,True,True,True,True,True,60,HIGH,ABNORMAL_MESSAGE_RATE|REPLAY_DETECTED,BLOCK
2026-10-07T01:44:00.947,0x200,ATTACKER,180,50,True,True,True,True,True,60,HIGH,ABNORMAL_MESSAGE_RATE|REPLAY_DETECTED,BLOCK
2026-10-07T01:44:00.947,0x200,ATTACKER,181,50,True,True,True,True,True,60,HIGH,ABNORMAL_MESSAGE_RATE|REPLAY_DETECTED,BLOCK
2026-10-07T01:44:00.947,0x200,ATTACKER,182,50,True,True,True,True,True,60,HIGH,ABNORMAL_MESSAGE_RATE|REPLAY_DETECTED,BLOCK
2026-10-07T01:44:00.948,0x200,ATTACKER,183,50,True,True,True,True,True,60,HIGH,ABNORMAL_MESSAGE_RATE|REPLAY_DETECTED,BLOCK
2026-10-07T01:44:00.948,0x200,ATTACKER,184,50,True,True,True,True,True,60,HIGH,ABNORMAL_MESSAGE_RATE|REPLAY_DETECTED,BLOCK
2026-10-07T01:44:00.948,0x200,ATTACKER,185,50,True,True,True,True,True,60,HIGH,ABNORMAL_MESSAGE_RATE|REPLAY_DETECTED,BLOCK
2026-10-07T01:44:00.949,0x200,ATTACKER,186,50,True,True,True,True,True,60,HIGH,ABNORMAL_MESSAGE_RATE|REPLAY_DETECTED,BLOCK
2026-10-07T01:44:00.949,0x200,ATTACKER,187,50,True,True,True,True,True,60,HIGH,ABNORMAL_MESSAGE_RATE|REPLAY_DETECTED,BLOCK
2026-10-07T01:44:00.949,0x200,ATTACKER,188,50,True,True,True,True,True,60,HIGH,ABNORMAL_MESSAGE_RATE|REPLAY_DETECTED,BLOCK
2026-10-07T01:44:00.950,0x200,ATTACKER,189,50,True,True,True,True,True,60,HIGH,ABNORMAL_MESSAGE_RATE|REPLAY_DETECTED,BLOCK
2026-10-07T01:44:00.950,0x200,ATTACKER,190,50,True,True,True,True,True,60,HIGH,ABNORMAL_MESSAGE_RATE|REPLAY_DETECTED,BLOCK
2026-10-07T01:44:00.950,0x200,ATTACKER,191,50,True,True,True,True,True,60,HIGH,ABNORMAL_MESSAGE_RATE|REPLAY_DETECTED,BLOCK
2026-10-07T01:44:00.951,0x200,ATTACKER,192,50,True,True,True,True,True,60,HIGH,ABNORMAL_MESSAGE_RATE|REPLAY_DETECTED,BLOCK
2026-10-07T01:44:00.951,0x200,ATTACKER,193,50,True,True,True,True,True,60,HIGH,ABNORMAL_MESSAGE_RATE|REPLAY_DETECTED,BLOCK
2026-10-07T01:44:00.951,0x200,ATTACKER,194,50,True,True,True,True,True,60,HIGH,ABNORMAL_MESSAGE_RATE|REPLAY_DETECTED,BLOCK
2026-10-07T01:44:00.952,0x200,ATTACKER,195,50,True,True,True,True,True,60,HIGH,ABNORMAL_MESSAGE_RATE|REPLAY_DETECTED,BLOCK
2026-10-07T01:44:00.952,0x200,ATTACKER,196,50,True,True,True,True,True,60,HIGH,ABNORMAL_MESSAGE_RATE|REPLAY_DETECTED,BLOCK
2026-10-07T01:44:00.953,0x200,ATTACKER,197,50,True,True,True,True,True,60,HIGH,ABNORMAL_MESSAGE_RATE|REPLAY_DETECTED,BLOCK
2026-10-07T01:44:00.953,0x200,ATTACKER,198,50,True,True,True,True,True,60,HIGH,ABNORMAL_MESSAGE_RATE|REPLAY_DETECTED,BLOCK
2026-10-07T01:44:00.953,0x200,ATTACKER,199,50,True,True,True,True,True,60,HIGH,ABNORMAL_MESSAGE_RATE|REPLAY_DETECTED,BLOCK
2026-10-07T01:44:00.954,0x200,ATTACKER,200,50,True,True,True,True,True,60,HIGH,ABNORMAL_MESSAGE_RATE|REPLAY_DETECTED,BLOCK
2026-10-07T01:44:00.954,0x200,ATTACKER,201,50,True,True,True,True,True,60,HIGH,ABNORMAL_MESSAGE_RATE|REPLAY_DETECTED,BLOCK
2026-10-07T01:44:00.954,0x200,ATTACKER,202,50,True,True,True,True,True,60,HIGH,ABNORMAL_MESSAGE_RATE|REPLAY_DETECTED,BLOCK
2026-10-07T01:44:00.955,0x200,ATTACKER,203,50,True,True,True,True,True,60,HIGH,ABNORMAL_MESSAGE_RATE|REPLAY_DETECTED,BLOCK
2026-10-07T01:44:00.955,0x200,ATTACKER,204,50,True,True,True,True,True,60,HIGH,ABNORMAL_MESSAGE_RATE|REPLAY_DETECTED,BLOCK
2026-10-07T01:44:00.955,0x200,ATTACKER,205,50,True,True,True,True,True,60,HIGH,ABNORMAL_MESSAGE_RATE|REPLAY_DETECTED,BLOCK
2026-10-07T01:44:00.957,0x200,ATTACKER,206,50,True,True,True,True,True,60,HIGH,ABNORMAL_MESSAGE_RATE|REPLAY_DETECTED,BLOCK
2026-10-07T01:44:00.958,0x200,ATTACKER,207,50,True,True,True,True,True,60,HIGH,ABNORMAL_MESSAGE_RATE|REPLAY_DETECTED,BLOCK
2026-10-07T01:44:00.958,0x200,ATTACKER,208,50,True,True,True,True,True,60,HIGH,ABNORMAL_MESSAGE_RATE|REPLAY_DETECTED,BLOCK
2026-10-07T01:44:00.958,0x200,ATTACKER,209,50,True,True,True,True,True,60,HIGH,ABNORMAL_MESSAGE_RATE|REPLAY_DETECTED,BLOCK
2026-10-07T01:44:00.959,0x200,ATTACKER,210,50,True,True,True,True,True,60,HIGH,ABNORMAL_MESSAGE_RATE|REPLAY_DETECTED,BLOCK
2026-10-07T01:44:00.959,0x200,ATTACKER,211,50,True,True,True,True,True,60,HIGH,ABNORMAL_MESSAGE_RATE|REPLAY_DETECTED,BLOCK
2026-10-07T01:44:00.960,0x200,ATTACKER,212,50,True,True,True,True,True,60,HIGH,ABNORMAL_MESSAGE_RATE|REPLAY_DETECTED,BLOCK
2026-10-07T01:44:00.960,0x200,ATTACKER,212,50,True,True,True,True,True,60,HIGH,ABNORMAL_MESSAGE_RATE|REPLAY_DETECTED,BLOCK
2026-10-07T01:44:00.961,0x200,ATTACKER,213,50,True,True,True,True,True,60,HIGH,ABNORMAL_MESSAGE_RATE|REPLAY_DETECTED,BLOCK
2026-10-07T01:44:00.961,0x200,ATTACKER,214,50,True,True,True,True,True,60,HIGH,ABNORMAL_MESSAGE_RATE|REPLAY_DETECTED,BLOCK
2026-10-07T01:44:00.961,0x200,ATTACKER,215,50,True,True,True,True,True,60,HIGH,ABNORMAL_MESSAGE_RATE|REPLAY_DETECTED,BLOCK
2026-10-07T01:44:00.962,0x200,ATTACKER,216,50,True,True,True,True,True,60,HIGH,ABNORMAL_MESSAGE_RATE|REPLAY_DETECTED,BLOCK
2026-10-07T01:44:00.962,0x200,ATTACKER,217,50,True,True,True,True,True,60,HIGH,ABNORMAL_MESSAGE_RATE|REPLAY_DETECTED,BLOCK
2026-10-07T01:44:00.962,0x200,ATTACKER,218,50,True,True,True,True,True,60,HIGH,ABNORMAL_MESSAGE_RATE|REPLAY_DETECTED,BLOCK
2026-10-07T01:44:00.963,0x200,ATTACKER,219,50,True,True,True,True,True,60,HIGH,ABNORMAL_MESSAGE_RATE|REPLAY_DETECTED,BLOCK
2026-10-07T01:44:00.963,0x200,ATTACKER,220,50,True,True,True,True,True,60,HIGH,ABNORMAL_MESSAGE_RATE|REPLAY_DETECTED,BLOCK
2026-10-07T01:44:00.963,0x200,ATTACKER,221,50,True,True,True,True,True,60,HIGH,ABNORMAL_MESSAGE_RATE|REPLAY_DETECTED,BLOCK
2026-10-07T01:44:00.964,0x200,ATTACKER,222,50,True,True,True,True,True,60,HIGH,ABNORMAL_MESSAGE_RATE|REPLAY_DETECTED,BLOCK
2026-10-07T01:44:00.964,0x200,ATTACKER,223,50,True,True,True,True,True,60,HIGH,ABNORMAL_MESSAGE_RATE|REPLAY_DETECTED,BLOCK
2026-10-07T01:44:00.964,0x200,ATTACKER,224,50,True,True,True,True,True,60,HIGH,ABNORMAL_MESSAGE_RATE|REPLAY_DETECTED,BLOCK
2026-10-07T01:44:00.965,0x200,ATTACKER,225,50,True,True,True,True,True,60,HIGH,ABNORMAL_MESSAGE_RATE|REPLAY_DETECTED,BLOCK
2026-10-07T01:44:00.965,0x200,ATTACKER,226,50,True,True,True,True,True,60,HIGH,ABNORMAL_MESSAGE_RATE|REPLAY_DETECTED,BLOCK
2026-10-07T01:44:00.965,0x200,ATTACKER,227,50,True,True,True,True,True,60,HIGH,ABNORMAL_MESSAGE_RATE|REPLAY_DETECTED,BLOCK
2026-10-07T01:44:00.966,0x200,ATTACKER,228,50,True,True,True,True,True,60,HIGH,ABNORMAL_MESSAGE_RATE|REPLAY_DETECTED,BLOCK
2026-10-07T01:44:00.966,0x200,ATTACKER,229,50,True,True,True,True,True,60,HIGH,ABNORMAL_MESSAGE_RATE|REPLAY_DETECTED,BLOCK
2026-10-07T01:44:00.967,0x200,ATTACKER,230,50,True,True,True,True,True,60,HIGH,ABNORMAL_MESSAGE_RATE|REPLAY_DETECTED,BLOCK
2026-10-07T01:44:00.967,0x200,ATTACKER,231,50,True,True,True,True,True,60,HIGH,ABNORMAL_MESSAGE_RATE|REPLAY_DETECTED,BLOCK
2026-10-07T01:44:00.967,0x200,ATTACKER,232,50,True,True,True,True,True,60,HIGH,ABNORMAL_MESSAGE_RATE|REPLAY_DETECTED,BLOCK
2026-10-07T01:44:00.968,0x200,ATTACKER,233,50,True,True,True,True,True,60,HIGH,ABNORMAL_MESSAGE_RATE|REPLAY_DETECTED,BLOCK
2026-10-07T01:44:00.968,0x200,ATTACKER,234,50,True,True,True,True,True,60,HIGH,ABNORMAL_MESSAGE_RATE|REPLAY_DETECTED,BLOCK
2026-10-07T01:44:00.969,0x200,ATTACKER,235,50,True,True,True,True,True,60,HIGH,ABNORMAL_MESSAGE_RATE|REPLAY_DETECTED,BLOCK
2026-10-07T01:44:00.969,0x200,ATTACKER,236,50,True,True,True,True,True,60,HIGH,ABNORMAL_MESSAGE_RATE|REPLAY_DETECTED,BLOCK
2026-10-07T01:44:00.970,0x200,ATTACKER,237,50,True,True,True,True,True,60,HIGH,ABNORMAL_MESSAGE_RATE|REPLAY_DETECTED,BLOCK
2026-10-07T01:44:00.970,0x200,ATTACKER,238,50,True,True,True,True,True,60,HIGH,ABNORMAL_MESSAGE_RATE|REPLAY_DETECTED,BLOCK
2026-10-07T01:44:00.970,0x200,ATTACKER,239,50,True,True,True,True,True,60,HIGH,ABNORMAL_MESSAGE_RATE|REPLAY_DETECTED,BLOCK
2026-10-07T01:44:00.971,0x200,ATTACKER,240,50,True,True,True,True,True,60,HIGH,ABNORMAL_MESSAGE_RATE|REPLAY_DETECTED,BLOCK
2026-10-07T01:44:00.971,0x200,ATTACKER,241,50,True,True,True,True,True,60,HIGH,ABNORMAL_MESSAGE_RATE|REPLAY_DETECTED,BLOCK
2026-10-07T01:44:00.971,0x200,ATTACKER,242,50,True,True,True,True,True,60,HIGH,ABNORMAL_MESSAGE_RATE|REPLAY_DETECTED,BLOCK
2026-10-07T01:44:00.972,0x200,ATTACKER,243,50,True,True,True,True,True,60,HIGH,ABNORMAL_MESSAGE_RATE|REPLAY_DETECTED,BLOCK
2026-10-07T01:44:00.972,0x200,ATTACKER,244,50,True,True,True,True,True,60,HIGH,ABNORMAL_MESSAGE_RATE|REPLAY_DETECTED,BLOCK
2026-10-07T01:44:00.973,0x200,ATTACKER,245,50,True,True,True,True,True,60,HIGH,ABNORMAL_MESSAGE_RATE|REPLAY_DETECTED,BLOCK
2026-10-07T01:44:00.974,0x200,ATTACKER,246,50,True,True,True,True,True,60,HIGH,ABNORMAL_MESSAGE_RATE|REPLAY_DETECTED,BLOCK
2026-10-07T01:44:00.975,0x200,ATTACKER,247,50,True,True,True,True,True,60,HIGH,ABNORMAL_MESSAGE_RATE|REPLAY_DETECTED,BLOCK
2026-10-07T01:44:00.976,0x200,ATTACKER,248,50,True,True,True,True,True,60,HIGH,ABNORMAL_MESSAGE_RATE|REPLAY_DETECTED,BLOCK
2026-10-07T01:44:00.976,0x200,ATTACKER,249,50,True,True,True,True,True,60,HIGH,ABNORMAL_MESSAGE_RATE|REPLAY_DETECTED,BLOCK
2026-10-07T01:44:00.983,0x100,BRAKE,92,100,True,True,True,False,True,30,MEDIUM,REPLAY_DETECTED,MONITOR
2026-10-07T01:44:00.984,0x200,SPEED,249,50,True,True,True,True,False,30,MEDIUM,ABNORMAL_MESSAGE_RATE,MONITOR
2026-10-07T01:44:00.984,0x300,INSTRUMENT,10,10,True,True,True,False,True,30,MEDIUM,REPLAY_DETECTED,MONITOR
2026-10-07T01:44:00.991,0x100,BRAKE,92,100,True,True,True,False,True,30,MEDIUM,REPLAY_DETECTED,MONITOR
2026-10-07T01:44:00.992,0x200,SPEED,250,50,True,True,True,True,True,60,HIGH,ABNORMAL_MESSAGE_RATE|REPLAY_DETECTED,BLOCK
2026-10-07T01:44:00.999,0x100,BRAKE,92,100,True,True,True,False,True,30,MEDIUM,REPLAY_DETECTED,MONITOR
2026-10-07T01:44:00.999,0x200,SPEED,250,50,True,True,True,True,True,60,HIGH,ABNORMAL_MESSAGE_RATE|REPLAY_DETECTED,BLOCK
2026-10-07T01:44:01.006,0x100,BRAKE,93,100,True,True,True,False,True,30,MEDIUM,REPLAY_DETECTED,MONITOR
2026-10-07T01:44:01.007,0x200,SPEED,251,50,True,True,True,True,True,60,HIGH,ABNORMAL_MESSAGE_RATE|REPLAY_DETECTED,BLOCK
2026-10-07T01:44:01.014,0x100,BRAKE,93,100,True,True,True,False,True,30,MEDIUM,REPLAY_DETECTED,MONITOR
2026-10-07T01:44:01.014,0x200,SPEED,252,50,True,True,True,True,True,60,HIGH,ABNORMAL_MESSAGE_RATE|REPLAY_DETECTED,BLOCK
2026-10-07T01:44:01.021,0x100,BRAKE,93,100,True,True,True,False,True,30,MEDIUM,REPLAY_DETECTED,MONITOR
2026-10-07T01:44:01.021,0x180,ADAS,20,20,True,True,True,False,True,30,MEDIUM,REPLAY_DETECTED,MONITOR
2026-10-07T01:44:01.022,0x200,SPEED,252,50,True,True,True,True,True,60,HIGH,ABNORMAL_MESSAGE_RATE|REPLAY_DETECTED,BLOCK
2026-10-07T01:44:01.028,0x100,BRAKE,94,100,True,True,True,False,True,30,MEDIUM,REPLAY_DETECTED,MONITOR
2026-10-07T01:44:01.028,0x200,SPEED,253,50,True,True,True,True,True,60,HIGH,ABNORMAL_MESSAGE_RATE|REPLAY_DETECTED,BLOCK
2026-10-07T01:44:01.035,0x100,BRAKE,94,100,True,True,True,False,True,30,MEDIUM,REPLAY_DETECTED,MONITOR
2026-10-07T01:44:01.042,0x100,BRAKE,95,100,True,True,True,False,True,30,MEDIUM,REPLAY_DETECTED,MONITOR
2026-10-07T01:44:01.042,0x200,SPEED,254,50,True,True,True,True,True,60,HIGH,ABNORMAL_MESSAGE_RATE|REPLAY_DETECTED,BLOCK
2026-10-07T01:44:01.049,0x100,BRAKE,95,100,True,True,True,False,True,30,MEDIUM,REPLAY_DETECTED,MONITOR
2026-10-07T01:44:01.055,0x100,BRAKE,95,100,True,True,True,False,True,30,MEDIUM,REPLAY_DETECTED,MONITOR
2026-10-07T01:44:01.063,0x100,BRAKE,95,100,True,True,True,False,True,30,MEDIUM,REPLAY_DETECTED,MONITOR
2026-10-07T01:44:01.063,0x200,SPEED,253,50,True,True,True,True,True,60,HIGH,ABNORMAL_MESSAGE_RATE|REPLAY_DETECTED,BLOCK
2026-10-07T01:44:01.070,0x100,BRAKE,95,100,True,True,True,False,True,30,MEDIUM,REPLAY_DETECTED,MONITOR
2026-10-07T01:44:01.076,0x100,BRAKE,96,100,True,True,True,False,True,30,MEDIUM,REPLAY_DETECTED,MONITOR
2026-10-07T01:44:01.077,0x120,STEERING,51,50,True,True,True,False,True,30,MEDIUM,REPLAY_DETECTED,MONITOR
2026-10-07T01:44:01.077,0x200,SPEED,254,50,True,True,True,True,True,60,HIGH,ABNORMAL_MESSAGE_RATE|REPLAY_DETECTED,BLOCK
2026-10-07T01:44:01.084,0x100,BRAKE,96,100,True,True,True,False,True,30,MEDIUM,REPLAY_DETECTED,MONITOR
2026-10-07T01:44:01.090,0x100,BRAKE,96,100,True,True,True,False,True,30,MEDIUM,REPLAY_DETECTED,MONITOR
2026-10-07T01:44:01.096,0x100,BRAKE,97,100,True,True,True,False,True,30,MEDIUM,REPLAY_DETECTED,MONITOR
2026-10-07T01:44:01.097,0x200,SPEED,254,50,True,True,True,True,True,60,HIGH,ABNORMAL_MESSAGE_RATE|REPLAY_DETECTED,BLOCK
2026-10-07T01:44:01.103,0x100,BRAKE,97,100,True,True,True,False,True,30,MEDIUM,REPLAY_DETECTED,MONITOR
2026-10-07T01:44:01.110,0x100,BRAKE,97,100,True,True,True,False,True,30,MEDIUM,REPLAY_DETECTED,MONITOR
2026-10-07T01:44:01.117,0x100,BRAKE,98,100,True,True,True,False,True,30,MEDIUM,REPLAY_DETECTED,MONITOR
2026-10-07T01:44:01.117,0x200,SPEED,254,50,True,True,True,True,True,60,HIGH,ABNORMAL_MESSAGE_RATE|REPLAY_DETECTED,BLOCK
2026-10-07T01:44:01.124,0x100,BRAKE,98,100,True,True,True,False,True,30,MEDIUM,REPLAY_DETECTED,MONITOR
2026-10-07T01:44:01.131,0x100,BRAKE,98,100,True,True,True,False,True,30,MEDIUM,REPLAY_DETECTED,MONITOR
2026-10-07T01:44:01.137,0x100,BRAKE,99,100,True,True,True,False,True,30,MEDIUM,REPLAY_DETECTED,MONITOR
2026-10-07T01:44:01.138,0x200,SPEED,253,50,True,True,True,True,True,60,HIGH,ABNORMAL_MESSAGE_RATE|REPLAY_DETECTED,BLOCK
2026-10-07T01:44:01.144,0x100,BRAKE,99,100,True,True,True,False,True,30,MEDIUM,REPLAY_DETECTED,MONITOR
2026-10-07T01:44:01.151,0x100,BRAKE,100,100,True,True,True,False,True,30,MEDIUM,REPLAY_DETECTED,MONITOR
2026-10-07T01:44:01.158,0x100,BRAKE,100,100,True,True,True,False,True,30,MEDIUM,REPLAY_DETECTED,MONITOR
2026-10-07T01:44:01.158,0x200,SPEED,253,50,True,True,True,True,True,60,HIGH,ABNORMAL_MESSAGE_RATE|REPLAY_DETECTED,BLOCK
2026-10-07T01:44:01.163,0x100,BRAKE,100,100,True,True,True,False,True,30,MEDIUM,REPLAY_DETECTED,MONITOR
2026-10-07T01:44:01.169,0x100,BRAKE,101,100,True,True,True,False,True,30,MEDIUM,REPLAY_DETECTED,MONITOR
2026-10-07T01:44:01.170,0x180,ADAS,21,20,True,True,True,False,True,30,MEDIUM,REPLAY_DETECTED,MONITOR
2026-10-07T01:44:01.177,0x100,BRAKE,101,100,True,True,True,False,True,30,MEDIUM,REPLAY_DETECTED,MONITOR
2026-10-07T01:44:01.177,0x200,SPEED,253,50,True,True,True,True,True,60,HIGH,ABNORMAL_MESSAGE_RATE|REPLAY_DETECTED,BLOCK
2026-10-07T01:44:01.190,0x100,BRAKE,101,100,True,True,True,False,True,30,MEDIUM,REPLAY_DETECTED,MONITOR
2026-10-07T01:44:01.197,0x100,BRAKE,101,100,True,True,True,False,True,30,MEDIUM,REPLAY_DETECTED,MONITOR
2026-10-07T01:44:01.197,0x120,STEERING,51,50,True,True,True,False,True,30,MEDIUM,REPLAY_DETECTED,MONITOR
2026-10-07T01:44:01.198,0x200,SPEED,253,50,True,True,True,True,True,60,HIGH,ABNORMAL_MESSAGE_RATE|REPLAY_DETECTED,BLOCK
2026-10-07T01:44:01.211,0x100,BRAKE,100,100,True,True,True,False,True,30,MEDIUM,REPLAY_DETECTED,MONITOR
2026-10-07T01:44:01.219,0x100,BRAKE,101,100,True,True,True,False,True,30,MEDIUM,REPLAY_DETECTED,MONITOR
2026-10-07T01:44:01.220,0x120,STEERING,51,50,True,True,True,False,True,30,MEDIUM,REPLAY_DETECTED,MONITOR
2026-10-07T01:44:01.221,0x200,SPEED,253,50,True,True,True,True,True,60,HIGH,ABNORMAL_MESSAGE_RATE|REPLAY_DETECTED,BLOCK
2026-10-07T01:44:01.222,0x300,INSTRUMENT,11,10,True,True,True,False,True,30,MEDIUM,REPLAY_DETECTED,MONITOR
2026-10-07T01:44:01.229,0x100,BRAKE,101,100,True,True,True,False,True,30,MEDIUM,REPLAY_DETECTED,MONITOR
2026-10-07T01:44:01.236,0x100,BRAKE,101,100,True,True,True,False,True,30,MEDIUM,REPLAY_DETECTED,MONITOR
2026-10-07T01:44:01.237,0x200,SPEED,253,50,True,True,True,True,True,60,HIGH,ABNORMAL_MESSAGE_RATE|REPLAY_DETECTED,BLOCK
2026-10-07T01:44:01.250,0x100,BRAKE,101,100,True,True,True,False,True,30,MEDIUM,REPLAY_DETECTED,MONITOR
2026-10-07T01:44:01.268,0x100,BRAKE,100,100,True,True,True,False,True,30,MEDIUM,REPLAY_DETECTED,MONITOR
2026-10-07T01:44:01.270,0x200,SPEED,252,50,True,True,True,True,True,60,HIGH,ABNORMAL_MESSAGE_RATE|REPLAY_DETECTED,BLOCK
2026-10-07T01:44:01.277,0x100,BRAKE,100,100,True,True,True,False,True,30,MEDIUM,REPLAY_DETECTED,MONITOR
2026-10-07T01:44:01.278,0x120,STEERING,51,50,True,True,True,False,True,30,MEDIUM,REPLAY_DETECTED,MONITOR
2026-10-07T01:44:01.280,0x200,SPEED,253,50,True,True,True,True,True,60,HIGH,ABNORMAL_MESSAGE_RATE|REPLAY_DETECTED,BLOCK
2026-10-07T01:44:01.286,0x100,BRAKE,100,100,True,True,True,False,True,30,MEDIUM,REPLAY_DETECTED,MONITOR
2026-10-07T01:44:01.301,0x100,BRAKE,100,100,True,True,True,False,True,30,MEDIUM,REPLAY_DETECTED,MONITOR
2026-10-07T01:44:01.302,0x200,SPEED,253,50,True,True,True,True,True,60,HIGH,ABNORMAL_MESSAGE_RATE|REPLAY_DETECTED,BLOCK
2026-10-07T01:44:01.309,0x100,BRAKE,100,100,True,True,True,False,True,30,MEDIUM,REPLAY_DETECTED,MONITOR
2026-10-07T01:44:01.315,0x100,BRAKE,100,100,True,True,True,False,True,30,MEDIUM,REPLAY_DETECTED,MONITOR
2026-10-07T01:44:01.322,0x100,BRAKE,100,100,True,True,True,False,True,30,MEDIUM,REPLAY_DETECTED,MONITOR
2026-10-07T01:44:01.323,0x180,ADAS,20,20,True,True,True,False,True,30,MEDIUM,REPLAY_DETECTED,MONITOR
2026-10-07T01:44:01.324,0x200,SPEED,252,50,True,True,True,True,True,60,HIGH,ABNORMAL_MESSAGE_RATE|REPLAY_DETECTED,BLOCK
2026-10-07T01:44:01.331,0x100,BRAKE,101,100,True,True,True,False,True,30,MEDIUM,REPLAY_DETECTED,MONITOR
2026-10-07T01:44:01.338,0x100,BRAKE,101,100,True,True,True,False,True,30,MEDIUM,REPLAY_DETECTED,MONITOR
2026-10-07T01:44:01.338,0x120,STEERING,51,50,True,True,True,False,True,30,MEDIUM,REPLAY_DETECTED,MONITOR
2026-10-07T01:44:01.338,0x200,SPEED,253,50,True,True,True,True,True,60,HIGH,ABNORMAL_MESSAGE_RATE|REPLAY_DETECTED,BLOCK
2026-10-07T01:44:01.352,0x100,BRAKE,100,100,True,True,True,False,True,30,MEDIUM,REPLAY_DETECTED,MONITOR
2026-10-07T01:44:01.359,0x100,BRAKE,100,100,True,True,True,False,True,30,MEDIUM,REPLAY_DETECTED,MONITOR
2026-10-07T01:44:01.359,0x200,SPEED,253,50,True,True,True,True,False,30,MEDIUM,ABNORMAL_MESSAGE_RATE,MONITOR
2026-10-07T01:44:01.371,0x100,BRAKE,101,100,True,True,True,False,True,30,MEDIUM,REPLAY_DETECTED,MONITOR
2026-10-07T01:44:01.380,0x100,BRAKE,101,100,True,True,True,False,True,30,MEDIUM,REPLAY_DETECTED,MONITOR
2026-10-07T01:44:01.381,0x200,SPEED,253,50,True,True,True,True,True,60,HIGH,ABNORMAL_MESSAGE_RATE|REPLAY_DETECTED,BLOCK
2026-10-07T01:44:01.390,0x100,BRAKE,101,100,True,True,True,False,True,30,MEDIUM,REPLAY_DETECTED,MONITOR
2026-10-07T01:44:01.397,0x100,BRAKE,101,100,True,True,True,False,True,30,MEDIUM,REPLAY_DETECTED,MONITOR
2026-10-07T01:44:01.398,0x200,SPEED,253,50,True,True,True,True,False,30,MEDIUM,ABNORMAL_MESSAGE_RATE,MONITOR
2026-10-07T01:44:01.410,0x100,BRAKE,101,100,True,True,True,False,True,30,MEDIUM,REPLAY_DETECTED,MONITOR
2026-10-07T01:44:01.417,0x100,BRAKE,101,100,True,True,True,False,True,30,MEDIUM,REPLAY_DETECTED,MONITOR
2026-10-07T01:44:01.420,0x180,ADAS,21,20,True,True,True,False,True,30,MEDIUM,REPLAY_DETECTED,MONITOR
2026-10-07T01:44:01.421,0x200,SPEED,253,50,True,True,True,True,True,60,HIGH,ABNORMAL_MESSAGE_RATE|REPLAY_DETECTED,BLOCK
2026-10-07T01:44:01.424,0x300,INSTRUMENT,10,10,True,True,True,False,True,30,MEDIUM,REPLAY_DETECTED,MONITOR
2026-10-07T01:44:01.441,0x100,BRAKE,100,100,True,True,True,False,True,30,MEDIUM,REPLAY_DETECTED,MONITOR
2026-10-07T01:44:01.442,0x200,SPEED,253,50,True,True,True,True,True,60,HIGH,ABNORMAL_MESSAGE_RATE|REPLAY_DETECTED,BLOCK
2026-10-07T01:44:01.449,0x100,BRAKE,100,100,True,True,True,False,True,30,MEDIUM,REPLAY_DETECTED,MONITOR
2026-10-07T01:44:01.458,0x100,BRAKE,100,100,True,True,True,False,True,30,MEDIUM,REPLAY_DETECTED,MONITOR
2026-10-07T01:44:01.459,0x200,SPEED,253,50,True,True,True,True,True,60,HIGH,ABNORMAL_MESSAGE_RATE|REPLAY_DETECTED,BLOCK
2026-10-07T01:44:01.466,0x100,BRAKE,100,100,True,True,True,False,True,30,MEDIUM,REPLAY_DETECTED,MONITOR
2026-10-07T01:44:01.474,0x100,BRAKE,100,100,True,True,True,False,True,30,MEDIUM,REPLAY_DETECTED,MONITOR
2026-10-07T01:44:01.481,0x100,BRAKE,100,100,True,True,True,False,True,30,MEDIUM,REPLAY_DETECTED,MONITOR
2026-10-07T01:44:01.483,0x200,SPEED,252,50,True,True,True,True,True,60,HIGH,ABNORMAL_MESSAGE_RATE|REPLAY_DETECTED,BLOCK
2026-10-07T01:44:01.490,0x100,BRAKE,101,100,True,True,True,False,True,30,MEDIUM,REPLAY_DETECTED,MONITOR
2026-10-07T01:44:01.498,0x100,BRAKE,101,100,True,True,True,False,True,30,MEDIUM,REPLAY_DETECTED,MONITOR
2026-10-07T01:44:01.498,0x200,SPEED,253,50,True,True,True,True,True,60,HIGH,ABNORMAL_MESSAGE_RATE|REPLAY_DETECTED,BLOCK
2026-10-07T01:44:01.510,0x100,BRAKE,100,100,True,True,True,False,True,30,MEDIUM,REPLAY_DETECTED,MONITOR
2026-10-07T01:44:01.517,0x100,BRAKE,100,100,True,True,True,False,True,30,MEDIUM,REPLAY_DETECTED,MONITOR
2026-10-07T01:44:01.518,0x200,SPEED,253,50,True,True,True,True,True,60,HIGH,ABNORMAL_MESSAGE_RATE|REPLAY_DETECTED,BLOCK
2026-10-07T01:44:01.518,0x300,INSTRUMENT,11,10,True,True,True,False,True,30,MEDIUM,REPLAY_DETECTED,MONITOR
2026-10-07T01:44:01.530,0x100,BRAKE,100,100,True,True,True,False,True,30,MEDIUM,REPLAY_DETECTED,MONITOR
2026-10-07T01:44:01.538,0x100,BRAKE,101,100,True,True,True,False,True,30,MEDIUM,REPLAY_DETECTED,MONITOR
2026-10-07T01:44:01.552,0x200,SPEED,252,50,True,True,True,True,True,60,HIGH,ABNORMAL_MESSAGE_RATE|REPLAY_DETECTED,BLOCK
2026-10-07T01:44:01.565,0x100,BRAKE,99,100,True,True,True,False,True,30,MEDIUM,REPLAY_DETECTED,MONITOR
2026-10-07T01:44:01.566,0x200,SPEED,252,50,True,True,True,True,True,60,HIGH,ABNORMAL_MESSAGE_RATE|REPLAY_DETECTED,BLOCK
2026-10-07T01:44:01.572,0x100,BRAKE,99,100,True,True,True,False,True,30,MEDIUM,REPLAY_DETECTED,MONITOR
2026-10-07T01:44:01.580,0x100,BRAKE,100,100,True,True,True,False,True,30,MEDIUM,REPLAY_DETECTED,MONITOR
2026-10-07T01:44:01.580,0x200,SPEED,253,50,True,True,True,True,True,60,HIGH,ABNORMAL_MESSAGE_RATE|REPLAY_DETECTED,BLOCK
2026-10-07T01:44:01.587,0x100,BRAKE,100,100,True,True,True,False,True,30,MEDIUM,REPLAY_DETECTED,MONITOR
2026-10-07T01:44:01.594,0x100,BRAKE,100,100,True,True,True,False,True,30,MEDIUM,REPLAY_DETECTED,MONITOR
2026-10-07T01:44:01.601,0x100,BRAKE,100,100,True,True,True,False,True,30,MEDIUM,REPLAY_DETECTED,MONITOR
2026-10-07T01:44:01.602,0x200,SPEED,252,50,True,True,True,True,True,60,HIGH,ABNORMAL_MESSAGE_RATE|REPLAY_DETECTED,BLOCK
2026-10-07T01:44:01.609,0x100,BRAKE,100,100,True,True,True,False,True,30,MEDIUM,REPLAY_DETECTED,MONITOR
2026-10-07T01:44:01.616,0x100,BRAKE,101,100,True,True,True,False,True,30,MEDIUM,REPLAY_DETECTED,MONITOR
2026-10-07T01:44:01.617,0x200,SPEED,253,50,True,True,True,True,True,60,HIGH,ABNORMAL_MESSAGE_RATE|REPLAY_DETECTED,BLOCK
2026-10-07T01:44:01.618,0x300,INSTRUMENT,11,10,True,True,True,False,True,30,MEDIUM,REPLAY_DETECTED,MONITOR
2026-10-07T01:44:01.632,0x100,BRAKE,100,100,True,True,True,False,True,30,MEDIUM,REPLAY_DETECTED,MONITOR
2026-10-07T01:44:01.637,0x100,BRAKE,101,100,True,True,True,False,True,30,MEDIUM,REPLAY_DETECTED,MONITOR
2026-10-07T01:44:01.640,0x200,SPEED,253,50,True,True,True,True,True,60,HIGH,ABNORMAL_MESSAGE_RATE|REPLAY_DETECTED,BLOCK
2026-10-07T01:44:01.649,0x100,BRAKE,101,100,True,True,True,False,True,30,MEDIUM,REPLAY_DETECTED,MONITOR
2026-10-07T01:44:01.660,0x100,BRAKE,101,100,True,True,True,False,True,30,MEDIUM,REPLAY_DETECTED,MONITOR
2026-10-07T01:44:01.661,0x200,SPEED,253,50,True,True,True,True,True,60,HIGH,ABNORMAL_MESSAGE_RATE|REPLAY_DETECTED,BLOCK
2026-10-07T01:44:01.668,0x100,BRAKE,101,100,True,True,True,False,True,30,MEDIUM,REPLAY_DETECTED,MONITOR
2026-10-07T01:44:01.682,0x100,BRAKE,100,100,True,True,True,False,True,30,MEDIUM,REPLAY_DETECTED,MONITOR
2026-10-07T01:44:01.683,0x200,SPEED,252,50,True,True,True,True,True,60,HIGH,ABNORMAL_MESSAGE_RATE|REPLAY_DETECTED,BLOCK
2026-10-07T01:44:01.690,0x100,BRAKE,101,100,True,True,True,False,True,30,MEDIUM,REPLAY_DETECTED,MONITOR
2026-10-07T01:44:01.697,0x100,BRAKE,101,100,True,True,True,False,True,30,MEDIUM,REPLAY_DETECTED,MONITOR
2026-10-07T01:44:01.697,0x120,STEERING,51,50,True,True,True,False,True,30,MEDIUM,REPLAY_DETECTED,MONITOR
2026-10-07T01:44:01.698,0x200,SPEED,253,50,True,True,True,True,True,60,HIGH,ABNORMAL_MESSAGE_RATE|REPLAY_DETECTED,BLOCK
2026-10-07T01:44:01.710,0x100,BRAKE,100,100,True,True,True,False,True,30,MEDIUM,REPLAY_DETECTED,MONITOR
2026-10-07T01:44:01.717,0x100,BRAKE,101,100,True,True,True,False,True,30,MEDIUM,REPLAY_DETECTED,MONITOR
2026-10-07T01:44:01.718,0x180,ADAS,21,20,True,True,True,False,True,30,MEDIUM,REPLAY_DETECTED,MONITOR
2026-10-07T01:44:01.718,0x200,SPEED,253,50,True,True,True,True,True,60,HIGH,ABNORMAL_MESSAGE_RATE|REPLAY_DETECTED,BLOCK
2026-10-07T01:44:01.719,0x300,INSTRUMENT,11,10,True,True,True,False,True,30,MEDIUM,REPLAY_DETECTED,MONITOR
2026-10-07T01:44:01.732,0x100,BRAKE,101,100,True,True,True,False,True,30,MEDIUM,REPLAY_DETECTED,MONITOR
2026-10-07T01:44:01.739,0x100,BRAKE,101,100,True,True,True,False,True,30,MEDIUM,REPLAY_DETECTED,MONITOR
2026-10-07T01:44:01.740,0x200,SPEED,253,50,True,True,True,True,True,60,HIGH,ABNORMAL_MESSAGE_RATE|REPLAY_DETECTED,BLOCK
2026-10-07T01:44:01.747,0x100,BRAKE,101,100,True,True,True,False,True,30,MEDIUM,REPLAY_DETECTED,MONITOR
2026-10-07T01:44:01.754,0x200,ATTACKER,253,50,True,True,True,True,True,60,HIGH,ABNORMAL_MESSAGE_RATE|REPLAY_DETECTED,BLOCK
2026-10-07T01:44:01.761,0x100,BRAKE,100,100,True,True,True,False,True,30,MEDIUM,REPLAY_DETECTED,MONITOR
2026-10-07T01:44:01.761,0x200,SPEED,253,50,True,True,True,True,True,60,HIGH,ABNORMAL_MESSAGE_RATE|REPLAY_DETECTED,BLOCK
2026-10-07T01:44:01.768,0x100,BRAKE,101,100,True,True,True,False,True,30,MEDIUM,REPLAY_DETECTED,MONITOR
2026-10-07T01:44:01.768,0x180,ADAS,21,20,True,True,True,False,True,30,MEDIUM,REPLAY_DETECTED,MONITOR
2026-10-07T01:44:01.781,0x100,BRAKE,101,100,True,True,True,False,True,30,MEDIUM,REPLAY_DETECTED,MONITOR
2026-10-07T01:44:01.785,0x200,SPEED,253,50,True,True,True,True,True,60,HIGH,ABNORMAL_MESSAGE_RATE|REPLAY_DETECTED,BLOCK
2026-10-07T01:44:01.791,0x100,BRAKE,100,100,True,True,True,False,True,30,MEDIUM,REPLAY_DETECTED,MONITOR
2026-10-07T01:44:01.799,0x100,BRAKE,100,100,True,True,True,False,True,30,MEDIUM,REPLAY_DETECTED,MONITOR
2026-10-07T01:44:01.799,0x200,SPEED,253,50,True,True,True,True,True,60,HIGH,ABNORMAL_MESSAGE_RATE|REPLAY_DETECTED,BLOCK
2026-10-07T01:44:01.806,0x100,BRAKE,101,100,True,True,True,False,True,30,MEDIUM,REPLAY_DETECTED,MONITOR
2026-10-07T01:44:01.819,0x100,BRAKE,101,100,True,True,True,False,True,30,MEDIUM,REPLAY_DETECTED,MONITOR
2026-10-07T01:44:01.820,0x200,SPEED,254,50,True,True,True,True,True,60,HIGH,ABNORMAL_MESSAGE_RATE|REPLAY_DETECTED,BLOCK
2026-10-07T01:44:01.820,0x300,INSTRUMENT,11,10,True,True,True,False,True,30,MEDIUM,REPLAY_DETECTED,MONITOR
2026-10-07T01:44:01.827,0x100,BRAKE,101,100,True,True,True,False,True,30,MEDIUM,REPLAY_DETECTED,MONITOR
2026-10-07T01:44:01.841,0x100,BRAKE,101,100,True,True,True,False,True,30,MEDIUM,REPLAY_DETECTED,MONITOR
2026-10-07T01:44:01.842,0x200,SPEED,254,50,True,True,True,True,True,60,HIGH,ABNORMAL_MESSAGE_RATE|REPLAY_DETECTED,BLOCK
2026-10-07T01:44:01.848,0x100,BRAKE,101,100,True,True,True,False,True,30,MEDIUM,REPLAY_DETECTED,MONITOR
2026-10-07T01:44:01.861,0x100,BRAKE,100,100,True,True,True,False,True,30,MEDIUM,REPLAY_DETECTED,MONITOR
2026-10-07T01:44:01.862,0x200,SPEED,253,50,True,True,True,True,True,60,HIGH,ABNORMAL_MESSAGE_RATE|REPLAY_DETECTED,BLOCK
2026-10-07T01:44:01.869,0x100,BRAKE,100,100,True,True,True,False,True,30,MEDIUM,REPLAY_DETECTED,MONITOR
2026-10-07T01:44:01.882,0x100,BRAKE,100,100,True,True,True,False,True,30,MEDIUM,REPLAY_DETECTED,MONITOR
2026-10-07T01:44:01.882,0x200,SPEED,253,50,True,True,True,True,True,60,HIGH,ABNORMAL_MESSAGE_RATE|REPLAY_DETECTED,BLOCK
2026-10-07T01:44:01.889,0x100,BRAKE,100,100,True,True,True,False,True,30,MEDIUM,REPLAY_DETECTED,MONITOR
2026-10-07T01:44:01.896,0x100,BRAKE,101,100,True,True,True,False,True,30,MEDIUM,REPLAY_DETECTED,MONITOR
2026-10-07T01:44:01.896,0x200,SPEED,249,50,True,True,True,True,False,30,MEDIUM,ABNORMAL_MESSAGE_RATE,MONITOR
2026-10-07T01:44:01.909,0x100,BRAKE,102,100,True,True,True,False,True,30,MEDIUM,REPLAY_DETECTED,MONITOR
2026-10-07T01:44:01.916,0x100,BRAKE,103,100,True,True,True,False,True,30,MEDIUM,REPLAY_DETECTED,MONITOR
2026-10-07T01:44:01.917,0x200,SPEED,204,50,True,True,True,True,False,30,MEDIUM,ABNORMAL_MESSAGE_RATE,MONITOR
2026-10-07T01:44:01.917,0x300,INSTRUMENT,11,10,True,True,True,False,True,30,MEDIUM,REPLAY_DETECTED,MONITOR
2026-10-07T01:44:01.930,0x100,BRAKE,104,100,True,True,True,False,True,30,MEDIUM,REPLAY_DETECTED,MONITOR
2026-10-07T01:44:01.937,0x100,BRAKE,105,100,True,True,True,False,True,30,MEDIUM,REPLAY_DETECTED,MONITOR
2026-10-07T01:44:01.938,0x200,SPEED,146,50,True,True,True,True,True,60,HIGH,ABNORMAL_MESSAGE_RATE|REPLAY_DETECTED,BLOCK
2026-10-07T01:44:01.950,0x100,BRAKE,106,100,True,True,True,False,True,30,MEDIUM,REPLAY_DETECTED,MONITOR
2026-10-07T01:44:01.957,0x100,BRAKE,107,100,True,True,True,False,True,30,MEDIUM,REPLAY_DETECTED,MONITOR
2026-10-07T01:44:01.966,0x100,BRAKE,108,100,True,True,True,False,True,30,MEDIUM,REPLAY_DETECTED,MONITOR
2026-10-07T01:44:01.979,0x100,BRAKE,109,100,True,True,True,False,True,30,MEDIUM,REPLAY_DETECTED,MONITOR
2026-10-07T01:44:01.980,0x200,SPEED,56,50,True,True,True,False,True,30,MEDIUM,REPLAY_DETECTED,MONITOR
2026-10-07T01:44:01.987,0x100,BRAKE,109,100,True,True,True,False,True,30,MEDIUM,REPLAY_DETECTED,MONITOR
2026-10-07T01:44:02.000,0x100,BRAKE,108,100,True,True,True,False,True,30,MEDIUM,REPLAY_DETECTED,MONITOR
2026-10-07T01:44:02.005,0x200,SPEED,54,50,True,True,True,False,True,30,MEDIUM,REPLAY_DETECTED,MONITOR
2026-10-07T01:44:02.016,0x100,BRAKE,107,100,True,True,True,False,True,30,MEDIUM,REPLAY_DETECTED,MONITOR
2026-10-07T01:44:02.025,0x100,BRAKE,107,100,True,True,True,False,True,30,MEDIUM,REPLAY_DETECTED,MONITOR
2026-10-07T01:44:02.027,0x180,ADAS,20,20,True,True,True,False,True,30,MEDIUM,REPLAY_DETECTED,MONITOR
2026-10-07T01:44:02.034,0x100,BRAKE,107,100,True,True,True,False,True,30,MEDIUM,REPLAY_DETECTED,MONITOR
2026-10-07T01:44:02.041,0x100,BRAKE,107,100,True,True,True,False,True,30,MEDIUM,REPLAY_DETECTED,MONITOR
2026-10-07T01:44:02.048,0x100,BRAKE,107,100,True,True,True,False,True,30,MEDIUM,REPLAY_DETECTED,MONITOR
2026-10-07T01:44:02.061,0x100,BRAKE,106,100,True,True,True,False,True,30,MEDIUM,REPLAY_DETECTED,MONITOR
2026-10-07T01:44:02.061,0x200,SPEED,52,50,True,True,True,False,True,30,MEDIUM,REPLAY_DETECTED,MONITOR
2026-10-07T01:44:02.068,0x100,BRAKE,106,100,True,True,True,False,True,30,MEDIUM,REPLAY_DETECTED,MONITOR
2026-10-07T01:44:02.069,0x180,ADAS,21,20,True,True,True,False,True,30,MEDIUM,REPLAY_DETECTED,MONITOR
2026-10-07T01:44:02.082,0x100,BRAKE,105,100,True,True,True,False,True,30,MEDIUM,REPLAY_DETECTED,MONITOR
2026-10-07T01:44:02.082,0x200,SPEED,51,50,True,True,True,False,True,30,MEDIUM,REPLAY_DETECTED,MONITOR
2026-10-07T01:44:02.089,0x100,BRAKE,105,100,True,True,True,False,True,30,MEDIUM,REPLAY_DETECTED,MONITOR
2026-10-07T01:44:02.097,0x100,BRAKE,104,100,True,True,True,False,True,30,MEDIUM,REPLAY_DETECTED,MONITOR
2026-10-07T01:44:02.110,0x100,BRAKE,104,100,True,True,True,False,True,30,MEDIUM,REPLAY_DETECTED,MONITOR
2026-10-07T01:44:02.117,0x100,BRAKE,104,100,True,True,True,False,True,30,MEDIUM,REPLAY_DETECTED,MONITOR
2026-10-07T01:44:02.117,0x180,ADAS,20,20,True,True,True,False,True,30,MEDIUM,REPLAY_DETECTED,MONITOR
2026-10-07T01:44:02.118,0x200,SPEED,51,50,True,True,True,False,True,30,MEDIUM,REPLAY_DETECTED,MONITOR
2026-10-07T01:44:02.118,0x300,INSTRUMENT,10,10,True,True,True,False,True,30,MEDIUM,REPLAY_DETECTED,MONITOR
2026-10-07T01:44:02.131,0x100,BRAKE,102,100,True,True,True,False,True,30,MEDIUM,REPLAY_DETECTED,MONITOR
2026-10-07T01:44:02.138,0x100,BRAKE,102,100,True,True,True,False,True,30,MEDIUM,REPLAY_DETECTED,MONITOR
2026-10-07T01:44:02.140,0x200,SPEED,51,50,True,True,True,False,True,30,MEDIUM,REPLAY_DETECTED,MONITOR
2026-10-07T01:44:02.147,0x100,BRAKE,102,100,True,True,True,False,True,30,MEDIUM,REPLAY_DETECTED,MONITOR
2026-10-07T01:44:02.160,0x100,BRAKE,101,100,True,True,True,False,True,30,MEDIUM,REPLAY_DETECTED,MONITOR
2026-10-07T01:44:02.161,0x200,SPEED,51,50,True,True,True,False,True,30,MEDIUM,REPLAY_DETECTED,MONITOR
2026-10-07T01:44:02.168,0x100,BRAKE,101,100,True,True,True,False,True,30,MEDIUM,REPLAY_DETECTED,MONITOR
2026-10-07T01:44:02.168,0x180,ADAS,21,20,True,True,True,False,True,30,MEDIUM,REPLAY_DETECTED,MONITOR
2026-10-07T01:44:02.183,0x100,BRAKE,100,100,True,True,True,False,True,30,MEDIUM,REPLAY_DETECTED,MONITOR
2026-10-07T01:44:02.184,0x200,SPEED,51,50,True,True,True,False,True,30,MEDIUM,REPLAY_DETECTED,MONITOR
2026-10-07T01:44:02.192,0x100,BRAKE,100,100,True,True,True,False,True,30,MEDIUM,REPLAY_DETECTED,MONITOR
2026-10-07T01:44:02.199,0x100,BRAKE,100,100,True,True,True,False,True,30,MEDIUM,REPLAY_DETECTED,MONITOR
2026-10-07T01:44:02.199,0x200,SPEED,51,50,True,True,True,False,True,30,MEDIUM,REPLAY_DETECTED,MONITOR
2026-10-07T01:44:02.212,0x100,BRAKE,100,100,True,True,True,False,True,30,MEDIUM,REPLAY_DETECTED,MONITOR
2026-10-07T01:44:02.219,0x100,BRAKE,101,100,True,True,True,False,True,30,MEDIUM,REPLAY_DETECTED,MONITOR
2026-10-07T01:44:02.219,0x180,ADAS,21,20,True,True,True,False,True,30,MEDIUM,REPLAY_DETECTED,MONITOR
2026-10-07T01:44:02.220,0x200,SPEED,52,50,True,True,True,False,True,30,MEDIUM,REPLAY_DETECTED,MONITOR
2026-10-07T01:44:02.226,0x100,BRAKE,101,100,True,True,True,False,True,30,MEDIUM,REPLAY_DETECTED,MONITOR
2026-10-07T01:44:02.240,0x100,BRAKE,100,100,True,True,True,False,True,30,MEDIUM,REPLAY_DETECTED,MONITOR
2026-10-07T01:44:02.240,0x200,SPEED,51,50,True,True,True,False,True,30,MEDIUM,REPLAY_DETECTED,MONITOR
2026-10-07T01:44:02.247,0x100,BRAKE,101,100,True,True,True,False,True,30,MEDIUM,REPLAY_DETECTED,MONITOR
2026-10-07T01:44:02.260,0x100,BRAKE,101,100,True,True,True,False,True,30,MEDIUM,REPLAY_DETECTED,MONITOR
2026-10-07T01:44:02.261,0x200,SPEED,52,50,True,True,True,False,True,30,MEDIUM,REPLAY_DETECTED,MONITOR
2026-10-07T01:44:02.267,0x100,BRAKE,102,100,True,True,True,False,True,30,MEDIUM,REPLAY_DETECTED,MONITOR
2026-10-07T01:44:02.268,0x180,ADAS,21,20,True,True,True,False,True,30,MEDIUM,REPLAY_DETECTED,MONITOR
2026-10-07T01:44:02.281,0x100,BRAKE,101,100,True,True,True,False,True,30,MEDIUM,REPLAY_DETECTED,MONITOR
2026-10-07T01:44:02.281,0x200,SPEED,51,50,True,True,True,False,True,30,MEDIUM,REPLAY_DETECTED,MONITOR
2026-10-07T01:44:02.288,0x100,BRAKE,101,100,True,True,True,False,True,30,MEDIUM,REPLAY_DETECTED,MONITOR
2026-10-07T01:44:02.301,0x100,BRAKE,101,100,True,True,True,False,True,30,MEDIUM,REPLAY_DETECTED,MONITOR
2026-10-07T01:44:02.302,0x200,SPEED,52,50,True,True,True,False,True,30,MEDIUM,REPLAY_DETECTED,MONITOR
2026-10-07T01:44:02.308,0x100,BRAKE,102,100,True,True,True,False,True,30,MEDIUM,REPLAY_DETECTED,MONITOR
2026-10-07T01:44:02.321,0x100,BRAKE,101,100,True,True,True,False,True,30,MEDIUM,REPLAY_DETECTED,MONITOR
2026-10-07T01:44:02.321,0x120,STEERING,51,50,True,True,True,False,True,30,MEDIUM,REPLAY_DETECTED,MONITOR
2026-10-07T01:44:02.322,0x300,INSTRUMENT,11,10,True,True,True,False,True,30,MEDIUM,REPLAY_DETECTED,MONITOR
2026-10-07T01:44:02.328,0x100,BRAKE,101,100,True,True,True,False,True,30,MEDIUM,REPLAY_DETECTED,MONITOR
2026-10-07T01:44:02.329,0x200,ATTACKER,52,50,True,True,False,False,True,60,HIGH,INVALID_PAYLOAD|REPLAY_DETECTED,BLOCK
2026-10-07T01:44:02.342,0x100,BRAKE,100,100,True,True,True,False,True,30,MEDIUM,REPLAY_DETECTED,MONITOR
2026-10-07T01:44:02.348,0x100,BRAKE,101,100,True,True,True,False,True,30,MEDIUM,REPLAY_DETECTED,MONITOR
2026-10-07T01:44:02.361,0x100,BRAKE,100,100,True,True,True,False,True,30,MEDIUM,REPLAY_DETECTED,MONITOR
2026-10-07T01:44:02.362,0x200,SPEED,52,50,True,True,True,False,True,30,MEDIUM,REPLAY_DETECTED,MONITOR
2026-10-07T01:44:02.369,0x100,BRAKE,101,100,True,True,True,False,True,30,MEDIUM,REPLAY_DETECTED,MONITOR
2026-10-07T01:44:02.371,0x180,ADAS,21,20,True,True,True,False,True,30,MEDIUM,REPLAY_DETECTED,MONITOR
2026-10-07T01:44:02.379,0x100,BRAKE,101,100,True,True,True,False,True,30,MEDIUM,REPLAY_DETECTED,MONITOR
2026-10-07T01:44:02.386,0x100,BRAKE,101,100,True,True,True,False,True,30,MEDIUM,REPLAY_DETECTED,MONITOR
2026-10-07T01:44:02.399,0x100,BRAKE,100,100,True,True,True,False,True,30,MEDIUM,REPLAY_DETECTED,MONITOR
2026-10-07T01:44:02.400,0x200,SPEED,52,50,True,True,True,False,True,30,MEDIUM,REPLAY_DETECTED,MONITOR
2026-10-07T01:44:02.406,0x100,BRAKE,101,100,True,True,True,False,True,30,MEDIUM,REPLAY_DETECTED,MONITOR
2026-10-07T01:44:02.419,0x100,BRAKE,100,100,True,True,True,False,True,30,MEDIUM,REPLAY_DETECTED,MONITOR
2026-10-07T01:44:02.420,0x120,STEERING,51,50,True,True,True,False,True,30,MEDIUM,REPLAY_DETECTED,MONITOR
2026-10-07T01:44:02.420,0x180,ADAS,20,20,True,True,True,False,True,30,MEDIUM,REPLAY_DETECTED,MONITOR
2026-10-07T01:44:02.421,0x200,SPEED,53,50,True,True,True,False,True,30,MEDIUM,REPLAY_DETECTED,MONITOR
2026-10-07T01:44:02.421,0x300,INSTRUMENT,11,10,True,True,True,False,True,30,MEDIUM,REPLAY_DETECTED,MONITOR
2026-10-07T01:44:02.428,0x100,BRAKE,101,100,True,True,True,False,True,30,MEDIUM,REPLAY_DETECTED,MONITOR
2026-10-07T01:44:02.441,0x100,BRAKE,101,100,True,True,True,False,True,30,MEDIUM,REPLAY_DETECTED,MONITOR
2026-10-07T01:44:02.441,0x200,SPEED,53,50,True,True,True,False,True,30,MEDIUM,REPLAY_DETECTED,MONITOR
2026-10-07T01:44:02.448,0x100,BRAKE,102,100,True,True,True,False,True,30,MEDIUM,REPLAY_DETECTED,MONITOR
2026-10-07T01:44:02.461,0x100,BRAKE,101,100,True,True,True,False,True,30,MEDIUM,REPLAY_DETECTED,MONITOR
2026-10-07T01:44:02.462,0x200,SPEED,52,50,True,True,True,False,True,30,MEDIUM,REPLAY_DETECTED,MONITOR
2026-10-07T01:44:02.468,0x100,BRAKE,101,100,True,True,True,False,True,30,MEDIUM,REPLAY_DETECTED,MONITOR
2026-10-07T01:44:02.469,0x180,ADAS,20,20,True,True,True,False,True,30,MEDIUM,REPLAY_DETECTED,MONITOR
2026-10-07T01:44:02.469,0x200,ATTACKER,53,50,True,True,True,False,True,30,MEDIUM,REPLAY_DETECTED,MONITOR
2026-10-07T01:44:02.469,0x555,ATTACKER,1,,False,True,True,True,True,100,CRITICAL,UNKNOWN_CAN_ID|ABNORMAL_MESSAGE_RATE|REPLAY_DETECTED,BLOCK_AND_ISOLATE
2026-10-07T01:44:02.476,0x100,BRAKE,101,100,True,True,True,False,True,30,MEDIUM,REPLAY_DETECTED,MONITOR
2026-10-07T01:44:02.489,0x100,BRAKE,101,100,True,True,True,False,True,30,MEDIUM,REPLAY_DETECTED,MONITOR
2026-10-07T01:44:02.496,0x100,BRAKE,101,100,True,True,True,False,True,30,MEDIUM,REPLAY_DETECTED,MONITOR
2026-10-07T01:44:02.497,0x200,SPEED,54,50,True,True,True,False,True,30,MEDIUM,REPLAY_DETECTED,MONITOR
2026-10-07T01:44:02.509,0x100,BRAKE,101,100,True,True,True,False,True,30,MEDIUM,REPLAY_DETECTED,MONITOR
2026-10-07T01:44:02.521,0x100,BRAKE,100,100,True,True,True,False,True,30,MEDIUM,REPLAY_DETECTED,MONITOR
2026-10-07T01:44:02.525,0x180,ADAS,20,20,True,True,True,False,True,30,MEDIUM,REPLAY_DETECTED,MONITOR
2026-10-07T01:44:02.525,0x200,SPEED,53,50,True,True,True,False,True,30,MEDIUM,REPLAY_DETECTED,MONITOR
2026-10-07T01:44:02.526,0x300,INSTRUMENT,10,10,True,True,True,False,True,30,MEDIUM,REPLAY_DETECTED,MONITOR
2026-10-07T01:44:02.532,0x100,BRAKE,100,100,True,True,True,False,True,30,MEDIUM,REPLAY_DETECTED,MONITOR
2026-10-07T01:44:02.540,0x100,BRAKE,100,100,True,True,True,False,True,30,MEDIUM,REPLAY_DETECTED,MONITOR
2026-10-07T01:44:02.541,0x200,SPEED,54,50,True,True,True,False,True,30,MEDIUM,REPLAY_DETECTED,MONITOR
2026-10-07T01:44:02.547,0x100,BRAKE,101,100,True,True,True,False,True,30,MEDIUM,REPLAY_DETECTED,MONITOR
2026-10-07T01:44:02.560,0x100,BRAKE,102,100,True,True,True,False,True,30,MEDIUM,REPLAY_DETECTED,MONITOR
2026-10-07T01:44:02.560,0x200,SPEED,54,50,True,True,True,False,True,30,MEDIUM,REPLAY_DETECTED,MONITOR
2026-10-07T01:44:02.567,0x100,BRAKE,102,100,True,True,True,False,True,30,MEDIUM,REPLAY_DETECTED,MONITOR
2026-10-07T01:44:02.568,0x180,ADAS,21,20,True,True,True,False,True,30,MEDIUM,REPLAY_DETECTED,MONITOR
2026-10-07T01:44:02.580,0x100,BRAKE,101,100,True,True,True,False,True,30,MEDIUM,REPLAY_DETECTED,MONITOR
2026-10-07T01:44:02.581,0x120,STEERING,50,50,True,True,True,False,True,30,MEDIUM,REPLAY_DETECTED,MONITOR
2026-10-07T01:44:02.582,0x200,SPEED,53,50,True,True,True,False,True,30,MEDIUM,REPLAY_DETECTED,MONITOR
2026-10-07T01:44:02.591,0x100,BRAKE,101,100,True,True,True,False,True,30,MEDIUM,REPLAY_DETECTED,MONITOR
2026-10-07T01:44:02.598,0x100,BRAKE,101,100,True,True,True,False,True,30,MEDIUM,REPLAY_DETECTED,MONITOR
2026-10-07T01:44:02.599,0x120,STEERING,51,50,True,True,True,False,True,30,MEDIUM,REPLAY_DETECTED,MONITOR
2026-10-07T01:44:02.599,0x200,SPEED,54,50,True,True,True,False,True,30,MEDIUM,REPLAY_DETECTED,MONITOR
2026-10-07T01:44:02.608,0x100,BRAKE,101,100,True,True,True,False,True,30,MEDIUM,REPLAY_DETECTED,MONITOR
2026-10-07T01:44:02.616,0x100,BRAKE,101,100,True,True,True,False,True,30,MEDIUM,REPLAY_DETECTED,MONITOR
2026-10-07T01:44:02.617,0x180,ADAS,21,20,True,True,True,False,True,30,MEDIUM,REPLAY_DETECTED,MONITOR
2026-10-07T01:44:02.617,0x200,SPEED,54,50,True,True,True,False,True,30,MEDIUM,REPLAY_DETECTED,MONITOR
2026-10-07T01:44:02.630,0x100,BRAKE,101,100,True,True,True,False,True,30,MEDIUM,REPLAY_DETECTED,MONITOR
2026-10-07T01:44:02.637,0x100,BRAKE,101,100,True,True,True,False,True,30,MEDIUM,REPLAY_DETECTED,MONITOR
2026-10-07T01:44:02.637,0x200,SPEED,54,50,True,True,True,False,True,30,MEDIUM,REPLAY_DETECTED,MONITOR
2026-10-07T01:44:02.650,0x100,BRAKE,100,100,True,True,True,False,True,30,MEDIUM,REPLAY_DETECTED,MONITOR
2026-10-07T01:44:02.657,0x100,BRAKE,101,100,True,True,True,False,True,30,MEDIUM,REPLAY_DETECTED,MONITOR
2026-10-07T01:44:02.657,0x200,SPEED,54,50,True,True,True,False,True,30,MEDIUM,REPLAY_DETECTED,MONITOR
2026-10-07T01:44:02.670,0x100,BRAKE,100,100,True,True,True,False,True,30,MEDIUM,REPLAY_DETECTED,MONITOR
2026-10-07T01:44:02.671,0x180,ADAS,20,20,True,True,True,False,True,30,MEDIUM,REPLAY_DETECTED,MONITOR
2026-10-07T01:44:02.677,0x100,BRAKE,101,100,True,True,True,False,True,30,MEDIUM,REPLAY_DETECTED,MONITOR
2026-10-07T01:44:02.678,0x200,SPEED,54,50,True,True,True,False,True,30,MEDIUM,REPLAY_DETECTED,MONITOR
2026-10-07T01:44:02.691,0x100,BRAKE,100,100,True,True,True,False,True,30,MEDIUM,REPLAY_DETECTED,MONITOR
2026-10-07T01:44:02.697,0x100,BRAKE,100,100,True,True,True,False,True,30,MEDIUM,REPLAY_DETECTED,MONITOR
2026-10-07T01:44:02.698,0x200,SPEED,54,50,True,True,True,False,True,30,MEDIUM,REPLAY_DETECTED,MONITOR
2026-10-07T01:44:02.711,0x100,BRAKE,100,100,True,True,True,False,True,30,MEDIUM,REPLAY_DETECTED,MONITOR
2026-10-07T01:44:02.718,0x100,BRAKE,100,100,True,True,True,False,True,30,MEDIUM,REPLAY_DETECTED,MONITOR
2026-10-07T01:44:02.718,0x180,ADAS,20,20,True,True,True,False,True,30,MEDIUM,REPLAY_DETECTED,MONITOR
2026-10-07T01:44:02.719,0x200,SPEED,53,50,True,True,True,False,True,30,MEDIUM,REPLAY_DETECTED,MONITOR
2026-10-07T01:44:02.720,0x300,INSTRUMENT,10,10,True,True,True,False,True,30,MEDIUM,REPLAY_DETECTED,MONITOR
2026-10-07T01:44:02.728,0x100,BRAKE,101,100,True,True,True,False,True,30,MEDIUM,REPLAY_DETECTED,MONITOR
2026-10-07T01:44:02.736,0x100,BRAKE,101,100,True,True,True,False,True,30,MEDIUM,REPLAY_DETECTED,MONITOR
2026-10-07T01:44:02.749,0x100,BRAKE,100,100,True,True,True,False,True,30,MEDIUM,REPLAY_DETECTED,MONITOR
2026-10-07T01:44:02.762,0x100,BRAKE,100,100,True,True,True,False,True,30,MEDIUM,REPLAY_DETECTED,MONITOR
2026-10-07T01:44:02.762,0x200,SPEED,52,50,True,True,True,False,True,30,MEDIUM,REPLAY_DETECTED,MONITOR
2026-10-07T01:44:02.769,0x100,BRAKE,100,100,True,True,True,False,True,30,MEDIUM,REPLAY_DETECTED,MONITOR
2026-10-07T01:44:02.770,0x180,ADAS,20,20,True,True,True,False,True,30,MEDIUM,REPLAY_DETECTED,MONITOR
2026-10-07T01:44:02.777,0x100,BRAKE,101,100,True,True,True,False,True,30,MEDIUM,REPLAY_DETECTED,MONITOR
2026-10-07T01:44:02.778,0x200,SPEED,53,50,True,True,True,False,True,30,MEDIUM,REPLAY_DETECTED,MONITOR
2026-10-07T01:44:02.791,0x100,BRAKE,101,100,True,True,True,False,True,30,MEDIUM,REPLAY_DETECTED,MONITOR
2026-10-07T01:44:02.798,0x100,BRAKE,101,100,True,True,True,False,True,30,MEDIUM,REPLAY_DETECTED,MONITOR
2026-10-07T01:44:02.799,0x200,SPEED,53,50,True,True,True,False,True,30,MEDIUM,REPLAY_DETECTED,MONITOR
2026-10-07T01:44:02.812,0x100,BRAKE,100,100,True,True,True,False,True,30,MEDIUM,REPLAY_DETECTED,MONITOR
2026-10-07T01:44:02.819,0x100,BRAKE,101,100,True,True,True,False,True,30,MEDIUM,REPLAY_DETECTED,MONITOR
2026-10-07T01:44:02.820,0x300,INSTRUMENT,11,10,True,True,True,False,True,30,MEDIUM,REPLAY_DETECTED,MONITOR
2026-10-07T01:44:02.827,0x100,BRAKE,101,100,True,True,True,False,True,30,MEDIUM,REPLAY_DETECTED,MONITOR
2026-10-07T01:44:02.842,0x100,BRAKE,100,100,True,True,True,False,True,30,MEDIUM,REPLAY_DETECTED,MONITOR
2026-10-07T01:44:02.849,0x100,BRAKE,100,100,True,True,True,False,True,30,MEDIUM,REPLAY_DETECTED,MONITOR
2026-10-07T01:44:02.856,0x100,BRAKE,101,100,True,True,True,False,True,30,MEDIUM,REPLAY_DETECTED,MONITOR
2026-10-07T01:44:02.857,0x200,SPEED,53,50,True,True,True,False,True,30,MEDIUM,REPLAY_DETECTED,MONITOR
2026-10-07T01:44:02.870,0x100,BRAKE,100,100,True,True,True,False,True,30,MEDIUM,REPLAY_DETECTED,MONITOR
2026-10-07T01:44:02.877,0x100,BRAKE,101,100,True,True,True,False,True,30,MEDIUM,REPLAY_DETECTED,MONITOR
2026-10-07T01:44:02.878,0x200,SPEED,53,50,True,True,True,False,True,30,MEDIUM,REPLAY_DETECTED,MONITOR
2026-10-07T01:44:02.893,0x100,BRAKE,100,100,True,True,True,False,True,30,MEDIUM,REPLAY_DETECTED,MONITOR
2026-10-07T01:44:02.901,0x100,BRAKE,100,100,True,True,True,False,True,30,MEDIUM,REPLAY_DETECTED,MONITOR
2026-10-07T01:44:02.902,0x200,SPEED,52,50,True,True,True,False,True,30,MEDIUM,REPLAY_DETECTED,MONITOR
2026-10-07T01:44:02.910,0x100,BRAKE,100,100,True,True,True,False,True,30,MEDIUM,REPLAY_DETECTED,MONITOR
2026-10-07T01:44:02.917,0x100,BRAKE,100,100,True,True,True,False,True,30,MEDIUM,REPLAY_DETECTED,MONITOR
2026-10-07T01:44:02.918,0x120,STEERING,50,50,True,True,True,False,True,30,MEDIUM,REPLAY_DETECTED,MONITOR
2026-10-07T01:44:02.918,0x200,SPEED,52,50,True,True,True,False,True,30,MEDIUM,REPLAY_DETECTED,MONITOR
2026-10-07T01:44:02.919,0x300,INSTRUMENT,10,10,True,True,True,False,True,30,MEDIUM,REPLAY_DETECTED,MONITOR
2026-10-07T01:44:02.928,0x100,BRAKE,101,100,True,True,True,False,True,30,MEDIUM,REPLAY_DETECTED,MONITOR
2026-10-07T01:44:02.942,0x100,BRAKE,100,100,True,True,True,False,True,30,MEDIUM,REPLAY_DETECTED,MONITOR
2026-10-07T01:44:02.942,0x200,SPEED,52,50,True,True,True,False,True,30,MEDIUM,REPLAY_DETECTED,MONITOR
2026-10-07T01:44:02.949,0x100,BRAKE,101,100,True,True,True,False,True,30,MEDIUM,REPLAY_DETECTED,MONITOR
2026-10-07T01:44:02.962,0x100,BRAKE,100,100,True,True,True,False,True,30,MEDIUM,REPLAY_DETECTED,MONITOR
2026-10-07T01:44:02.963,0x200,SPEED,52,50,True,True,True,False,True,30,MEDIUM,REPLAY_DETECTED,MONITOR
2026-10-07T01:44:02.969,0x100,BRAKE,100,100,True,True,True,False,True,30,MEDIUM,REPLAY_DETECTED,MONITOR
2026-10-07T01:44:02.970,0x180,ADAS,20,20,True,True,True,False,True,30,MEDIUM,REPLAY_DETECTED,MONITOR
2026-10-07T01:44:02.976,0x100,BRAKE,101,100,True,True,True,False,True,30,MEDIUM,REPLAY_DETECTED,MONITOR
2026-10-07T01:44:02.977,0x200,SPEED,53,50,True,True,True,False,True,30,MEDIUM,REPLAY_DETECTED,MONITOR
2026-10-07T01:44:02.996,0x100,BRAKE,100,100,True,True,True,False,True,30,MEDIUM,REPLAY_DETECTED,MONITOR
2026-10-07T01:44:02.996,0x200,SPEED,53,50,True,True,True,False,True,30,MEDIUM,REPLAY_DETECTED,MONITOR
2026-10-07T01:44:03.003,0x100,BRAKE,100,100,True,True,True,False,True,30,MEDIUM,REPLAY_DETECTED,MONITOR
2026-10-07T01:44:03.010,0x100,BRAKE,101,100,True,True,True,False,True,30,MEDIUM,REPLAY_DETECTED,MONITOR
2026-10-07T01:44:03.017,0x100,BRAKE,101,100,True,True,True,False,True,30,MEDIUM,REPLAY_DETECTED,MONITOR
2026-10-07T01:44:03.017,0x200,SPEED,53,50,True,True,True,False,True,30,MEDIUM,REPLAY_DETECTED,MONITOR
2026-10-07T01:44:03.018,0x300,INSTRUMENT,11,10,True,True,True,False,True,30,MEDIUM,REPLAY_DETECTED,MONITOR
2026-10-07T01:44:03.029,0x100,BRAKE,101,100,True,True,True,False,True,30,MEDIUM,REPLAY_DETECTED,MONITOR
2026-10-07T01:44:03.041,0x100,BRAKE,101,100,True,True,True,False,True,30,MEDIUM,REPLAY_DETECTED,MONITOR
2026-10-07T01:44:03.042,0x200,SPEED,53,50,True,True,True,False,True,30,MEDIUM,REPLAY_DETECTED,MONITOR
2026-10-07T01:44:03.048,0x100,BRAKE,101,100,True,True,True,False,True,30,MEDIUM,REPLAY_DETECTED,MONITOR
2026-10-07T01:44:03.059,0x100,BRAKE,101,100,True,True,True,False,True,30,MEDIUM,REPLAY_DETECTED,MONITOR
2026-10-07T01:44:03.060,0x200,SPEED,53,50,True,True,True,False,True,30,MEDIUM,REPLAY_DETECTED,MONITOR
2026-10-07T01:44:03.072,0x100,BRAKE,100,100,True,True,True,False,True,30,MEDIUM,REPLAY_DETECTED,MONITOR
2026-10-07T01:44:03.073,0x180,ADAS,20,20,True,True,True,False,True,30,MEDIUM,REPLAY_DETECTED,MONITOR
2026-10-07T01:44:03.080,0x100,BRAKE,101,100,True,True,True,False,True,30,MEDIUM,REPLAY_DETECTED,MONITOR
2026-10-07T01:44:03.080,0x200,SPEED,53,50,True,True,True,False,True,30,MEDIUM,REPLAY_DETECTED,MONITOR
2026-10-07T01:44:03.092,0x100,BRAKE,100,100,True,True,True,False,True,30,MEDIUM,REPLAY_DETECTED,MONITOR
2026-10-07T01:44:03.099,0x100,BRAKE,100,100,True,True,True,False,True,30,MEDIUM,REPLAY_DETECTED,MONITOR
2026-10-07T01:44:03.099,0x200,SPEED,52,50,True,True,True,False,True,30,MEDIUM,REPLAY_DETECTED,MONITOR
2026-10-07T01:44:03.112,0x100,BRAKE,100,100,True,True,True,False,True,30,MEDIUM,REPLAY_DETECTED,MONITOR
2026-10-07T01:44:03.119,0x100,BRAKE,100,100,True,True,True,False,True,30,MEDIUM,REPLAY_DETECTED,MONITOR
2026-10-07T01:44:03.120,0x180,ADAS,20,20,True,True,True,False,True,30,MEDIUM,REPLAY_DETECTED,MONITOR
2026-10-07T01:44:03.121,0x300,INSTRUMENT,10,10,True,True,True,False,True,30,MEDIUM,REPLAY_DETECTED,MONITOR
2026-10-07T01:44:03.128,0x100,BRAKE,101,100,True,True,True,False,True,30,MEDIUM,REPLAY_DETECTED,MONITOR
2026-10-07T01:44:03.141,0x100,BRAKE,100,100,True,True,True,False,True,30,MEDIUM,REPLAY_DETECTED,MONITOR
2026-10-07T01:44:03.148,0x100,BRAKE,100,100,True,True,True,False,True,30,MEDIUM,REPLAY_DETECTED,MONITOR
2026-10-07T01:44:03.161,0x100,BRAKE,100,100,True,True,True,False,True,30,MEDIUM,REPLAY_DETECTED,MONITOR
2026-10-07T01:44:03.162,0x200,SPEED,52,50,True,True,True,False,True,30,MEDIUM,REPLAY_DETECTED,MONITOR
2026-10-07T01:44:03.169,0x100,BRAKE,100,100,True,True,True,False,True,30,MEDIUM,REPLAY_DETECTED,MONITOR
2026-10-07T01:44:03.176,0x100,BRAKE,101,100,True,True,True,False,True,30,MEDIUM,REPLAY_DETECTED,MONITOR
2026-10-07T01:44:03.178,0x200,SPEED,53,50,True,True,True,False,True,30,MEDIUM,REPLAY_DETECTED,MONITOR
2026-10-07T01:44:03.186,0x200,ATTACKER,53,50,True,True,True,False,True,30,MEDIUM,REPLAY_DETECTED,MONITOR
2026-10-07T01:44:03.187,0x200,ATTACKER,54,50,True,True,True,False,True,30,MEDIUM,REPLAY_DETECTED,MONITOR
2026-10-07T01:44:03.188,0x200,ATTACKER,55,50,True,True,True,False,True,30,MEDIUM,REPLAY_DETECTED,MONITOR
2026-10-07T01:44:03.188,0x200,ATTACKER,56,50,True,True,True,False,True,30,MEDIUM,REPLAY_DETECTED,MONITOR
2026-10-07T01:44:03.190,0x200,ATTACKER,57,50,True,True,True,False,True,30,MEDIUM,REPLAY_DETECTED,MONITOR
2026-10-07T01:44:03.191,0x200,ATTACKER,58,50,True,True,True,False,True,30,MEDIUM,REPLAY_DETECTED,MONITOR
2026-10-07T01:44:03.193,0x200,ATTACKER,59,50,True,True,True,False,True,30,MEDIUM,REPLAY_DETECTED,MONITOR
2026-10-07T01:44:03.194,0x200,ATTACKER,60,50,True,True,True,False,True,30,MEDIUM,REPLAY_DETECTED,MONITOR
2026-10-07T01:44:03.194,0x200,ATTACKER,61,50,True,True,True,False,True,30,MEDIUM,REPLAY_DETECTED,MONITOR
2026-10-07T01:44:03.195,0x200,ATTACKER,62,50,True,True,True,False,True,30,MEDIUM,REPLAY_DETECTED,MONITOR
2026-10-07T01:44:03.196,0x200,ATTACKER,63,50,True,True,True,False,True,30,MEDIUM,REPLAY_DETECTED,MONITOR
2026-10-07T01:44:03.196,0x200,ATTACKER,64,50,True,True,True,False,True,30,MEDIUM,REPLAY_DETECTED,MONITOR
2026-10-07T01:44:03.197,0x200,ATTACKER,65,50,True,True,True,False,True,30,MEDIUM,REPLAY_DETECTED,MONITOR
2026-10-07T01:44:03.197,0x200,ATTACKER,66,50,True,True,True,False,True,30,MEDIUM,REPLAY_DETECTED,MONITOR
2026-10-07T01:44:03.198,0x200,ATTACKER,67,50,True,True,True,False,True,30,MEDIUM,REPLAY_DETECTED,MONITOR
2026-10-07T01:44:03.198,0x200,ATTACKER,68,50,True,True,True,False,True,30,MEDIUM,REPLAY_DETECTED,MONITOR
2026-10-07T01:44:03.199,0x200,ATTACKER,69,50,True,True,True,False,True,30,MEDIUM,REPLAY_DETECTED,MONITOR
2026-10-07T01:44:03.199,0x200,ATTACKER,70,50,True,True,True,False,True,30,MEDIUM,REPLAY_DETECTED,MONITOR
2026-10-07T01:44:03.200,0x200,ATTACKER,70,50,True,True,True,False,True,30,MEDIUM,REPLAY_DETECTED,MONITOR
2026-10-07T01:44:03.200,0x200,ATTACKER,71,50,True,True,True,False,True,30,MEDIUM,REPLAY_DETECTED,MONITOR
2026-10-07T01:44:03.201,0x200,ATTACKER,72,50,True,True,True,False,True,30,MEDIUM,REPLAY_DETECTED,MONITOR
2026-10-07T01:44:03.201,0x200,ATTACKER,73,50,True,True,True,False,True,30,MEDIUM,REPLAY_DETECTED,MONITOR
2026-10-07T01:44:03.202,0x200,ATTACKER,74,50,True,True,True,False,True,30,MEDIUM,REPLAY_DETECTED,MONITOR
2026-10-07T01:44:03.202,0x200,ATTACKER,75,50,True,True,True,False,True,30,MEDIUM,REPLAY_DETECTED,MONITOR
2026-10-07T01:44:03.203,0x200,ATTACKER,76,50,True,True,True,False,True,30,MEDIUM,REPLAY_DETECTED,MONITOR
2026-10-07T01:44:03.203,0x200,ATTACKER,77,50,True,True,True,False,True,30,MEDIUM,REPLAY_DETECTED,MONITOR
2026-10-07T01:44:03.204,0x200,ATTACKER,78,50,True,True,True,False,True,30,MEDIUM,REPLAY_DETECTED,MONITOR
2026-10-07T01:44:03.204,0x200,ATTACKER,79,50,True,True,True,False,True,30,MEDIUM,REPLAY_DETECTED,MONITOR
2026-10-07T01:44:03.205,0x200,ATTACKER,80,50,True,True,True,False,True,30,MEDIUM,REPLAY_DETECTED,MONITOR
2026-10-07T01:44:03.205,0x200,ATTACKER,81,50,True,True,True,False,True,30,MEDIUM,REPLAY_DETECTED,MONITOR
2026-10-07T01:44:03.206,0x200,ATTACKER,82,50,True,True,True,False,True,30,MEDIUM,REPLAY_DETECTED,MONITOR
2026-10-07T01:44:03.207,0x200,ATTACKER,83,50,True,True,True,False,True,30,MEDIUM,REPLAY_DETECTED,MONITOR
2026-10-07T01:44:03.207,0x200,ATTACKER,84,50,True,True,True,False,True,30,MEDIUM,REPLAY_DETECTED,MONITOR
2026-10-07T01:44:03.208,0x200,ATTACKER,85,50,True,True,True,False,True,30,MEDIUM,REPLAY_DETECTED,MONITOR
2026-10-07T01:44:03.208,0x200,ATTACKER,86,50,True,True,True,False,True,30,MEDIUM,REPLAY_DETECTED,MONITOR
2026-10-07T01:44:03.209,0x200,ATTACKER,87,50,True,True,True,False,True,30,MEDIUM,REPLAY_DETECTED,MONITOR
2026-10-07T01:44:03.209,0x200,ATTACKER,88,50,True,True,True,False,True,30,MEDIUM,REPLAY_DETECTED,MONITOR
2026-10-07T01:44:03.210,0x200,ATTACKER,89,50,True,True,True,False,True,30,MEDIUM,REPLAY_DETECTED,MONITOR
2026-10-07T01:44:03.210,0x200,ATTACKER,90,50,True,True,True,False,True,30,MEDIUM,REPLAY_DETECTED,MONITOR
2026-10-07T01:44:03.210,0x200,ATTACKER,91,50,True,True,True,False,True,30,MEDIUM,REPLAY_DETECTED,MONITOR
2026-10-07T01:44:03.211,0x200,ATTACKER,92,50,True,True,True,False,True,30,MEDIUM,REPLAY_DETECTED,MONITOR
2026-10-07T01:44:03.211,0x200,ATTACKER,93,50,True,True,True,False,True,30,MEDIUM,REPLAY_DETECTED,MONITOR
2026-10-07T01:44:03.211,0x200,ATTACKER,94,50,True,True,True,False,True,30,MEDIUM,REPLAY_DETECTED,MONITOR
2026-10-07T01:44:03.212,0x200,ATTACKER,95,50,True,True,True,False,True,30,MEDIUM,REPLAY_DETECTED,MONITOR
2026-10-07T01:44:03.212,0x200,ATTACKER,96,50,True,True,True,False,True,30,MEDIUM,REPLAY_DETECTED,MONITOR
2026-10-07T01:44:03.213,0x200,ATTACKER,97,50,True,True,True,False,True,30,MEDIUM,REPLAY_DETECTED,MONITOR
2026-10-07T01:44:03.213,0x200,ATTACKER,98,50,True,True,True,False,True,30,MEDIUM,REPLAY_DETECTED,MONITOR
2026-10-07T01:44:03.213,0x200,ATTACKER,99,50,True,True,True,False,True,30,MEDIUM,REPLAY_DETECTED,MONITOR
2026-10-07T01:44:03.214,0x200,ATTACKER,100,50,True,True,True,False,True,30,MEDIUM,REPLAY_DETECTED,MONITOR
2026-10-07T01:44:03.214,0x200,ATTACKER,101,50,True,True,True,True,True,60,HIGH,ABNORMAL_MESSAGE_RATE|REPLAY_DETECTED,BLOCK
2026-10-07T01:44:03.214,0x200,ATTACKER,102,50,True,True,True,True,True,60,HIGH,ABNORMAL_MESSAGE_RATE|REPLAY_DETECTED,BLOCK
2026-10-07T01:44:03.215,0x200,ATTACKER,103,50,True,True,True,True,True,60,HIGH,ABNORMAL_MESSAGE_RATE|REPLAY_DETECTED,BLOCK
2026-10-07T01:44:03.215,0x200,ATTACKER,104,50,True,True,True,True,True,60,HIGH,ABNORMAL_MESSAGE_RATE|REPLAY_DETECTED,BLOCK
2026-10-07T01:44:03.215,0x200,ATTACKER,105,50,True,True,True,True,True,60,HIGH,ABNORMAL_MESSAGE_RATE|REPLAY_DETECTED,BLOCK
2026-10-07T01:44:03.216,0x200,ATTACKER,106,50,True,True,True,True,True,60,HIGH,ABNORMAL_MESSAGE_RATE|REPLAY_DETECTED,BLOCK
2026-10-07T01:44:03.216,0x200,ATTACKER,107,50,True,True,True,True,True,60,HIGH,ABNORMAL_MESSAGE_RATE|REPLAY_DETECTED,BLOCK
2026-10-07T01:44:03.216,0x200,ATTACKER,108,50,True,True,True,True,True,60,HIGH,ABNORMAL_MESSAGE_RATE|REPLAY_DETECTED,BLOCK
2026-10-07T01:44:03.217,0x200,ATTACKER,109,50,True,True,True,True,True,60,HIGH,ABNORMAL_MESSAGE_RATE|REPLAY_DETECTED,BLOCK
2026-10-07T01:44:03.217,0x200,ATTACKER,110,50,True,True,True,True,True,60,HIGH,ABNORMAL_MESSAGE_RATE|REPLAY_DETECTED,BLOCK
2026-10-07T01:44:03.217,0x200,ATTACKER,111,50,True,True,True,True,True,60,HIGH,ABNORMAL_MESSAGE_RATE|REPLAY_DETECTED,BLOCK
2026-10-07T01:44:03.218,0x200,ATTACKER,112,50,True,True,True,True,True,60,HIGH,ABNORMAL_MESSAGE_RATE|REPLAY_DETECTED,BLOCK
2026-10-07T01:44:03.218,0x200,ATTACKER,113,50,True,True,True,True,True,60,HIGH,ABNORMAL_MESSAGE_RATE|REPLAY_DETECTED,BLOCK
2026-10-07T01:44:03.218,0x200,ATTACKER,114,50,True,True,True,True,True,60,HIGH,ABNORMAL_MESSAGE_RATE|REPLAY_DETECTED,BLOCK
2026-10-07T01:44:03.219,0x200,ATTACKER,115,50,True,True,True,True,True,60,HIGH,ABNORMAL_MESSAGE_RATE|REPLAY_DETECTED,BLOCK
2026-10-07T01:44:03.219,0x200,ATTACKER,116,50,True,True,True,True,True,60,HIGH,ABNORMAL_MESSAGE_RATE|REPLAY_DETECTED,BLOCK
2026-10-07T01:44:03.219,0x200,ATTACKER,117,50,True,True,True,True,True,60,HIGH,ABNORMAL_MESSAGE_RATE|REPLAY_DETECTED,BLOCK
2026-10-07T01:44:03.220,0x200,ATTACKER,118,50,True,True,True,True,True,60,HIGH,ABNORMAL_MESSAGE_RATE|REPLAY_DETECTED,BLOCK
2026-10-07T01:44:03.220,0x200,ATTACKER,118,50,True,True,True,True,True,60,HIGH,ABNORMAL_MESSAGE_RATE|REPLAY_DETECTED,BLOCK
2026-10-07T01:44:03.220,0x200,ATTACKER,119,50,True,True,True,True,True,60,HIGH,ABNORMAL_MESSAGE_RATE|REPLAY_DETECTED,BLOCK
2026-10-07T01:44:03.221,0x200,ATTACKER,120,50,True,True,True,True,True,60,HIGH,ABNORMAL_MESSAGE_RATE|REPLAY_DETECTED,BLOCK
2026-10-07T01:44:03.221,0x200,ATTACKER,121,50,True,True,True,True,True,60,HIGH,ABNORMAL_MESSAGE_RATE|REPLAY_DETECTED,BLOCK
2026-10-07T01:44:03.222,0x200,ATTACKER,122,50,True,True,True,True,True,60,HIGH,ABNORMAL_MESSAGE_RATE|REPLAY_DETECTED,BLOCK
2026-10-07T01:44:03.222,0x200,ATTACKER,123,50,True,True,True,True,True,60,HIGH,ABNORMAL_MESSAGE_RATE|REPLAY_DETECTED,BLOCK
2026-10-07T01:44:03.223,0x200,ATTACKER,124,50,True,True,True,True,True,60,HIGH,ABNORMAL_MESSAGE_RATE|REPLAY_DETECTED,BLOCK
2026-10-07T01:44:03.223,0x200,ATTACKER,125,50,True,True,True,True,True,60,HIGH,ABNORMAL_MESSAGE_RATE|REPLAY_DETECTED,BLOCK
2026-10-07T01:44:03.223,0x200,ATTACKER,126,50,True,True,True,True,True,60,HIGH,ABNORMAL_MESSAGE_RATE|REPLAY_DETECTED,BLOCK
2026-10-07T01:44:03.224,0x200,ATTACKER,127,50,True,True,True,True,True,60,HIGH,ABNORMAL_MESSAGE_RATE|REPLAY_DETECTED,BLOCK
2026-10-07T01:44:03.224,0x200,ATTACKER,128,50,True,True,True,True,True,60,HIGH,ABNORMAL_MESSAGE_RATE|REPLAY_DETECTED,BLOCK
2026-10-07T01:44:03.224,0x200,ATTACKER,129,50,True,True,True,True,True,60,HIGH,ABNORMAL_MESSAGE_RATE|REPLAY_DETECTED,BLOCK
2026-10-07T01:44:03.225,0x200,ATTACKER,130,50,True,True,True,True,True,60,HIGH,ABNORMAL_MESSAGE_RATE|REPLAY_DETECTED,BLOCK
2026-10-07T01:44:03.225,0x200,ATTACKER,131,50,True,True,True,True,True,60,HIGH,ABNORMAL_MESSAGE_RATE|REPLAY_DETECTED,BLOCK
2026-10-07T01:44:03.225,0x200,ATTACKER,132,50,True,True,True,True,True,60,HIGH,ABNORMAL_MESSAGE_RATE|REPLAY_DETECTED,BLOCK
2026-10-07T01:44:03.226,0x200,ATTACKER,133,50,True,True,True,True,True,60,HIGH,ABNORMAL_MESSAGE_RATE|REPLAY_DETECTED,BLOCK
2026-10-07T01:44:03.226,0x200,ATTACKER,134,50,True,True,True,True,True,60,HIGH,ABNORMAL_MESSAGE_RATE|REPLAY_DETECTED,BLOCK
2026-10-07T01:44:03.226,0x200,ATTACKER,135,50,True,True,True,True,True,60,HIGH,ABNORMAL_MESSAGE_RATE|REPLAY_DETECTED,BLOCK
2026-10-07T01:44:03.227,0x200,ATTACKER,136,50,True,True,True,True,True,60,HIGH,ABNORMAL_MESSAGE_RATE|REPLAY_DETECTED,BLOCK
2026-10-07T01:44:03.227,0x200,ATTACKER,137,50,True,True,True,True,True,60,HIGH,ABNORMAL_MESSAGE_RATE|REPLAY_DETECTED,BLOCK
2026-10-07T01:44:03.227,0x200,ATTACKER,138,50,True,True,True,True,True,60,HIGH,ABNORMAL_MESSAGE_RATE|REPLAY_DETECTED,BLOCK
2026-10-07T01:44:03.228,0x200,ATTACKER,139,50,True,True,True,True,True,60,HIGH,ABNORMAL_MESSAGE_RATE|REPLAY_DETECTED,BLOCK
2026-10-07T01:44:03.228,0x200,ATTACKER,140,50,True,True,True,True,True,60,HIGH,ABNORMAL_MESSAGE_RATE|REPLAY_DETECTED,BLOCK
2026-10-07T01:44:03.228,0x200,ATTACKER,141,50,True,True,True,True,True,60,HIGH,ABNORMAL_MESSAGE_RATE|REPLAY_DETECTED,BLOCK
2026-10-07T01:44:03.229,0x200,ATTACKER,142,50,True,True,True,True,True,60,HIGH,ABNORMAL_MESSAGE_RATE|REPLAY_DETECTED,BLOCK
2026-10-07T01:44:03.229,0x200,ATTACKER,143,50,True,True,True,True,True,60,HIGH,ABNORMAL_MESSAGE_RATE|REPLAY_DETECTED,BLOCK
2026-10-07T01:44:03.229,0x200,ATTACKER,144,50,True,True,True,True,True,60,HIGH,ABNORMAL_MESSAGE_RATE|REPLAY_DETECTED,BLOCK
2026-10-07T01:44:03.230,0x200,ATTACKER,145,50,True,True,True,True,True,60,HIGH,ABNORMAL_MESSAGE_RATE|REPLAY_DETECTED,BLOCK
2026-10-07T01:44:03.230,0x200,ATTACKER,146,50,True,True,True,True,True,60,HIGH,ABNORMAL_MESSAGE_RATE|REPLAY_DETECTED,BLOCK
2026-10-07T01:44:03.230,0x200,ATTACKER,147,50,True,True,True,True,True,60,HIGH,ABNORMAL_MESSAGE_RATE|REPLAY_DETECTED,BLOCK
2026-10-07T01:44:03.231,0x200,ATTACKER,148,50,True,True,True,True,True,60,HIGH,ABNORMAL_MESSAGE_RATE|REPLAY_DETECTED,BLOCK
2026-10-07T01:44:03.231,0x200,ATTACKER,149,50,True,True,True,True,True,60,HIGH,ABNORMAL_MESSAGE_RATE|REPLAY_DETECTED,BLOCK
2026-10-07T01:44:03.231,0x200,ATTACKER,150,50,True,True,True,True,True,60,HIGH,ABNORMAL_MESSAGE_RATE|REPLAY_DETECTED,BLOCK
2026-10-07T01:44:03.232,0x200,ATTACKER,151,50,True,True,True,True,True,60,HIGH,ABNORMAL_MESSAGE_RATE|REPLAY_DETECTED,BLOCK
2026-10-07T01:44:03.232,0x200,ATTACKER,152,50,True,True,True,True,True,60,HIGH,ABNORMAL_MESSAGE_RATE|REPLAY_DETECTED,BLOCK
2026-10-07T01:44:03.232,0x200,ATTACKER,153,50,True,True,True,True,True,60,HIGH,ABNORMAL_MESSAGE_RATE|REPLAY_DETECTED,BLOCK
2026-10-07T01:44:03.233,0x200,ATTACKER,154,50,True,True,True,True,True,60,HIGH,ABNORMAL_MESSAGE_RATE|REPLAY_DETECTED,BLOCK
2026-10-07T01:44:03.233,0x200,ATTACKER,155,50,True,True,True,True,True,60,HIGH,ABNORMAL_MESSAGE_RATE|REPLAY_DETECTED,BLOCK
2026-10-07T01:44:03.233,0x200,ATTACKER,156,50,True,True,True,True,True,60,HIGH,ABNORMAL_MESSAGE_RATE|REPLAY_DETECTED,BLOCK
2026-10-07T01:44:03.234,0x200,ATTACKER,157,50,True,True,True,True,True,60,HIGH,ABNORMAL_MESSAGE_RATE|REPLAY_DETECTED,BLOCK
2026-10-07T01:44:03.234,0x200,ATTACKER,158,50,True,True,True,True,True,60,HIGH,ABNORMAL_MESSAGE_RATE|REPLAY_DETECTED,BLOCK
2026-10-07T01:44:03.234,0x200,ATTACKER,159,50,True,True,True,True,True,60,HIGH,ABNORMAL_MESSAGE_RATE|REPLAY_DETECTED,BLOCK
2026-10-07T01:44:03.235,0x200,ATTACKER,160,50,True,True,True,True,True,60,HIGH,ABNORMAL_MESSAGE_RATE|REPLAY_DETECTED,BLOCK
2026-10-07T01:44:03.235,0x200,ATTACKER,161,50,True,True,True,True,True,60,HIGH,ABNORMAL_MESSAGE_RATE|REPLAY_DETECTED,BLOCK
2026-10-07T01:44:03.235,0x200,ATTACKER,162,50,True,True,True,True,True,60,HIGH,ABNORMAL_MESSAGE_RATE|REPLAY_DETECTED,BLOCK
2026-10-07T01:44:03.236,0x200,ATTACKER,163,50,True,True,True,True,True,60,HIGH,ABNORMAL_MESSAGE_RATE|REPLAY_DETECTED,BLOCK
2026-10-07T01:44:03.236,0x200,ATTACKER,164,50,True,True,True,True,True,60,HIGH,ABNORMAL_MESSAGE_RATE|REPLAY_DETECTED,BLOCK
2026-10-07T01:44:03.236,0x200,ATTACKER,165,50,True,True,True,True,True,60,HIGH,ABNORMAL_MESSAGE_RATE|REPLAY_DETECTED,BLOCK
2026-10-07T01:44:03.237,0x200,ATTACKER,166,50,True,True,True,True,True,60,HIGH,ABNORMAL_MESSAGE_RATE|REPLAY_DETECTED,BLOCK
2026-10-07T01:44:03.237,0x200,ATTACKER,167,50,True,True,True,True,True,60,HIGH,ABNORMAL_MESSAGE_RATE|REPLAY_DETECTED,BLOCK
2026-10-07T01:44:03.237,0x200,ATTACKER,168,50,True,True,True,True,True,60,HIGH,ABNORMAL_MESSAGE_RATE|REPLAY_DETECTED,BLOCK
2026-10-07T01:44:03.238,0x200,ATTACKER,169,50,True,True,True,True,True,60,HIGH,ABNORMAL_MESSAGE_RATE|REPLAY_DETECTED,BLOCK
2026-10-07T01:44:03.238,0x200,ATTACKER,170,50,True,True,True,True,True,60,HIGH,ABNORMAL_MESSAGE_RATE|REPLAY_DETECTED,BLOCK
2026-10-07T01:44:03.238,0x200,ATTACKER,171,50,True,True,True,True,True,60,HIGH,ABNORMAL_MESSAGE_RATE|REPLAY_DETECTED,BLOCK
2026-10-07T01:44:03.239,0x200,ATTACKER,172,50,True,True,True,True,True,60,HIGH,ABNORMAL_MESSAGE_RATE|REPLAY_DETECTED,BLOCK
2026-10-07T01:44:03.239,0x200,ATTACKER,173,50,True,True,True,True,True,60,HIGH,ABNORMAL_MESSAGE_RATE|REPLAY_DETECTED,BLOCK
2026-10-07T01:44:03.240,0x200,ATTACKER,174,50,True,True,True,True,True,60,HIGH,ABNORMAL_MESSAGE_RATE|REPLAY_DETECTED,BLOCK
2026-10-07T01:44:03.240,0x200,ATTACKER,175,50,True,True,True,True,True,60,HIGH,ABNORMAL_MESSAGE_RATE|REPLAY_DETECTED,BLOCK
2026-10-07T01:44:03.240,0x200,ATTACKER,176,50,True,True,True,True,True,60,HIGH,ABNORMAL_MESSAGE_RATE|REPLAY_DETECTED,BLOCK
2026-10-07T01:44:03.241,0x200,ATTACKER,176,50,True,True,True,True,True,60,HIGH,ABNORMAL_MESSAGE_RATE|REPLAY_DETECTED,BLOCK
2026-10-07T01:44:03.241,0x200,ATTACKER,177,50,True,True,True,True,True,60,HIGH,ABNORMAL_MESSAGE_RATE|REPLAY_DETECTED,BLOCK
2026-10-07T01:44:03.242,0x200,ATTACKER,178,50,True,True,True,True,True,60,HIGH,ABNORMAL_MESSAGE_RATE|REPLAY_DETECTED,BLOCK
2026-10-07T01:44:03.242,0x200,ATTACKER,179,50,True,True,True,True,True,60,HIGH,ABNORMAL_MESSAGE_RATE|REPLAY_DETECTED,BLOCK
2026-10-07T01:44:03.242,0x200,ATTACKER,180,50,True,True,True,True,True,60,HIGH,ABNORMAL_MESSAGE_RATE|REPLAY_DETECTED,BLOCK
2026-10-07T01:44:03.243,0x200,ATTACKER,181,50,True,True,True,True,True,60,HIGH,ABNORMAL_MESSAGE_RATE|REPLAY_DETECTED,BLOCK
2026-10-07T01:44:03.243,0x200,ATTACKER,182,50,True,True,True,True,True,60,HIGH,ABNORMAL_MESSAGE_RATE|REPLAY_DETECTED,BLOCK
2026-10-07T01:44:03.244,0x200,ATTACKER,183,50,True,True,True,True,True,60,HIGH,ABNORMAL_MESSAGE_RATE|REPLAY_DETECTED,BLOCK
2026-10-07T01:44:03.244,0x200,ATTACKER,184,50,True,True,True,True,True,60,HIGH,ABNORMAL_MESSAGE_RATE|REPLAY_DETECTED,BLOCK
2026-10-07T01:44:03.244,0x200,ATTACKER,185,50,True,True,True,True,True,60,HIGH,ABNORMAL_MESSAGE_RATE|REPLAY_DETECTED,BLOCK
2026-10-07T01:44:03.245,0x200,ATTACKER,186,50,True,True,True,True,True,60,HIGH,ABNORMAL_MESSAGE_RATE|REPLAY_DETECTED,BLOCK
2026-10-07T01:44:03.245,0x200,ATTACKER,187,50,True,True,True,True,True,60,HIGH,ABNORMAL_MESSAGE_RATE|REPLAY_DETECTED,BLOCK
2026-10-07T01:44:03.245,0x200,ATTACKER,188,50,True,True,True,True,True,60,HIGH,ABNORMAL_MESSAGE_RATE|REPLAY_DETECTED,BLOCK
2026-10-07T01:44:03.246,0x200,ATTACKER,189,50,True,True,True,True,True,60,HIGH,ABNORMAL_MESSAGE_RATE|REPLAY_DETECTED,BLOCK
2026-10-07T01:44:03.246,0x200,ATTACKER,190,50,True,True,True,True,True,60,HIGH,ABNORMAL_MESSAGE_RATE|REPLAY_DETECTED,BLOCK
2026-10-07T01:44:03.246,0x200,ATTACKER,191,50,True,True,True,True,True,60,HIGH,ABNORMAL_MESSAGE_RATE|REPLAY_DETECTED,BLOCK
2026-10-07T01:44:03.247,0x200,ATTACKER,192,50,True,True,True,True,True,60,HIGH,ABNORMAL_MESSAGE_RATE|REPLAY_DETECTED,BLOCK
2026-10-07T01:44:03.247,0x200,ATTACKER,193,50,True,True,True,True,True,60,HIGH,ABNORMAL_MESSAGE_RATE|REPLAY_DETECTED,BLOCK
2026-10-07T01:44:03.247,0x200,ATTACKER,194,50,True,True,True,True,True,60,HIGH,ABNORMAL_MESSAGE_RATE|REPLAY_DETECTED,BLOCK
2026-10-07T01:44:03.248,0x200,ATTACKER,195,50,True,True,True,True,True,60,HIGH,ABNORMAL_MESSAGE_RATE|REPLAY_DETECTED,BLOCK
2026-10-07T01:44:03.248,0x200,ATTACKER,196,50,True,True,True,True,True,60,HIGH,ABNORMAL_MESSAGE_RATE|REPLAY_DETECTED,BLOCK
2026-10-07T01:44:03.248,0x200,ATTACKER,197,50,True,True,True,True,True,60,HIGH,ABNORMAL_MESSAGE_RATE|REPLAY_DETECTED,BLOCK
2026-10-07T01:44:03.249,0x200,ATTACKER,198,50,True,True,True,True,True,60,HIGH,ABNORMAL_MESSAGE_RATE|REPLAY_DETECTED,BLOCK
2026-10-07T01:44:03.249,0x200,ATTACKER,199,50,True,True,True,True,True,60,HIGH,ABNORMAL_MESSAGE_RATE|REPLAY_DETECTED,BLOCK
2026-10-07T01:44:03.249,0x200,ATTACKER,200,50,True,True,True,True,True,60,HIGH,ABNORMAL_MESSAGE_RATE|REPLAY_DETECTED,BLOCK
2026-10-07T01:44:03.250,0x200,ATTACKER,201,50,True,True,True,True,True,60,HIGH,ABNORMAL_MESSAGE_RATE|REPLAY_DETECTED,BLOCK
2026-10-07T01:44:03.250,0x200,ATTACKER,202,50,True,True,True,True,True,60,HIGH,ABNORMAL_MESSAGE_RATE|REPLAY_DETECTED,BLOCK
2026-10-07T01:44:03.250,0x200,ATTACKER,203,50,True,True,True,True,True,60,HIGH,ABNORMAL_MESSAGE_RATE|REPLAY_DETECTED,BLOCK
2026-10-07T01:44:03.251,0x200,ATTACKER,204,50,True,True,True,True,True,60,HIGH,ABNORMAL_MESSAGE_RATE|REPLAY_DETECTED,BLOCK
2026-10-07T01:44:03.251,0x200,ATTACKER,205,50,True,True,True,True,True,60,HIGH,ABNORMAL_MESSAGE_RATE|REPLAY_DETECTED,BLOCK
2026-10-07T01:44:03.251,0x200,ATTACKER,206,50,True,True,True,True,True,60,HIGH,ABNORMAL_MESSAGE_RATE|REPLAY_DETECTED,BLOCK
2026-10-07T01:44:03.252,0x200,ATTACKER,207,50,True,True,True,True,True,60,HIGH,ABNORMAL_MESSAGE_RATE|REPLAY_DETECTED,BLOCK
2026-10-07T01:44:03.252,0x200,ATTACKER,208,50,True,True,True,True,True,60,HIGH,ABNORMAL_MESSAGE_RATE|REPLAY_DETECTED,BLOCK
2026-10-07T01:44:03.252,0x200,ATTACKER,209,50,True,True,True,True,True,60,HIGH,ABNORMAL_MESSAGE_RATE|REPLAY_DETECTED,BLOCK
2026-10-07T01:44:03.253,0x200,ATTACKER,210,50,True,True,True,True,True,60,HIGH,ABNORMAL_MESSAGE_RATE|REPLAY_DETECTED,BLOCK
2026-10-07T01:44:03.253,0x200,ATTACKER,211,50,True,True,True,True,True,60,HIGH,ABNORMAL_MESSAGE_RATE|REPLAY_DETECTED,BLOCK
2026-10-07T01:44:03.253,0x200,ATTACKER,212,50,True,True,True,True,True,60,HIGH,ABNORMAL_MESSAGE_RATE|REPLAY_DETECTED,BLOCK
2026-10-07T01:44:03.254,0x200,ATTACKER,213,50,True,True,True,True,True,60,HIGH,ABNORMAL_MESSAGE_RATE|REPLAY_DETECTED,BLOCK
2026-10-07T01:44:03.254,0x200,ATTACKER,214,50,True,True,True,True,True,60,HIGH,ABNORMAL_MESSAGE_RATE|REPLAY_DETECTED,BLOCK
2026-10-07T01:44:03.255,0x200,ATTACKER,215,50,True,True,True,True,True,60,HIGH,ABNORMAL_MESSAGE_RATE|REPLAY_DETECTED,BLOCK
2026-10-07T01:44:03.255,0x200,ATTACKER,216,50,True,True,True,True,True,60,HIGH,ABNORMAL_MESSAGE_RATE|REPLAY_DETECTED,BLOCK
2026-10-07T01:44:03.256,0x200,ATTACKER,217,50,True,True,True,True,True,60,HIGH,ABNORMAL_MESSAGE_RATE|REPLAY_DETECTED,BLOCK
2026-10-07T01:44:03.256,0x200,ATTACKER,218,50,True,True,True,True,True,60,HIGH,ABNORMAL_MESSAGE_RATE|REPLAY_DETECTED,BLOCK
2026-10-07T01:44:03.256,0x200,ATTACKER,219,50,True,True,True,True,True,60,HIGH,ABNORMAL_MESSAGE_RATE|REPLAY_DETECTED,BLOCK
2026-10-07T01:44:03.257,0x200,ATTACKER,220,50,True,True,True,True,True,60,HIGH,ABNORMAL_MESSAGE_RATE|REPLAY_DETECTED,BLOCK
2026-10-07T01:44:03.257,0x200,ATTACKER,221,50,True,True,True,True,True,60,HIGH,ABNORMAL_MESSAGE_RATE|REPLAY_DETECTED,BLOCK
2026-10-07T01:44:03.257,0x200,ATTACKER,222,50,True,True,True,True,True,60,HIGH,ABNORMAL_MESSAGE_RATE|REPLAY_DETECTED,BLOCK
2026-10-07T01:44:03.258,0x200,ATTACKER,223,50,True,True,True,True,True,60,HIGH,ABNORMAL_MESSAGE_RATE|REPLAY_DETECTED,BLOCK
2026-10-07T01:44:03.258,0x200,ATTACKER,224,50,True,True,True,True,True,60,HIGH,ABNORMAL_MESSAGE_RATE|REPLAY_DETECTED,BLOCK
2026-10-07T01:44:03.258,0x200,ATTACKER,225,50,True,True,True,True,True,60,HIGH,ABNORMAL_MESSAGE_RATE|REPLAY_DETECTED,BLOCK
2026-10-07T01:44:03.259,0x200,ATTACKER,226,50,True,True,True,True,True,60,HIGH,ABNORMAL_MESSAGE_RATE|REPLAY_DETECTED,BLOCK
2026-10-07T01:44:03.259,0x200,ATTACKER,227,50,True,True,True,True,True,60,HIGH,ABNORMAL_MESSAGE_RATE|REPLAY_DETECTED,BLOCK
2026-10-07T01:44:03.259,0x200,ATTACKER,228,50,True,True,True,True,True,60,HIGH,ABNORMAL_MESSAGE_RATE|REPLAY_DETECTED,BLOCK
2026-10-07T01:44:03.260,0x200,ATTACKER,229,50,True,True,True,True,True,60,HIGH,ABNORMAL_MESSAGE_RATE|REPLAY_DETECTED,BLOCK
2026-10-07T01:44:03.260,0x200,ATTACKER,230,50,True,True,True,True,True,60,HIGH,ABNORMAL_MESSAGE_RATE|REPLAY_DETECTED,BLOCK
2026-10-07T01:44:03.260,0x200,ATTACKER,231,50,True,True,True,True,True,60,HIGH,ABNORMAL_MESSAGE_RATE|REPLAY_DETECTED,BLOCK
2026-10-07T01:44:03.261,0x200,ATTACKER,231,50,True,True,True,True,True,60,HIGH,ABNORMAL_MESSAGE_RATE|REPLAY_DETECTED,BLOCK
2026-10-07T01:44:03.261,0x200,ATTACKER,232,50,True,True,True,True,True,60,HIGH,ABNORMAL_MESSAGE_RATE|REPLAY_DETECTED,BLOCK
2026-10-07T01:44:03.261,0x200,ATTACKER,233,50,True,True,True,True,True,60,HIGH,ABNORMAL_MESSAGE_RATE|REPLAY_DETECTED,BLOCK
2026-10-07T01:44:03.262,0x200,ATTACKER,234,50,True,True,True,True,True,60,HIGH,ABNORMAL_MESSAGE_RATE|REPLAY_DETECTED,BLOCK
2026-10-07T01:44:03.262,0x200,ATTACKER,235,50,True,True,True,True,True,60,HIGH,ABNORMAL_MESSAGE_RATE|REPLAY_DETECTED,BLOCK
2026-10-07T01:44:03.262,0x200,ATTACKER,236,50,True,True,True,True,True,60,HIGH,ABNORMAL_MESSAGE_RATE|REPLAY_DETECTED,BLOCK
2026-10-07T01:44:03.263,0x200,ATTACKER,237,50,True,True,True,True,True,60,HIGH,ABNORMAL_MESSAGE_RATE|REPLAY_DETECTED,BLOCK
2026-10-07T01:44:03.263,0x200,ATTACKER,238,50,True,True,True,True,True,60,HIGH,ABNORMAL_MESSAGE_RATE|REPLAY_DETECTED,BLOCK
2026-10-07T01:44:03.263,0x200,ATTACKER,239,50,True,True,True,True,True,60,HIGH,ABNORMAL_MESSAGE_RATE|REPLAY_DETECTED,BLOCK
2026-10-07T01:44:03.264,0x200,ATTACKER,240,50,True,True,True,True,True,60,HIGH,ABNORMAL_MESSAGE_RATE|REPLAY_DETECTED,BLOCK
2026-10-07T01:44:03.264,0x200,ATTACKER,241,50,True,True,True,True,True,60,HIGH,ABNORMAL_MESSAGE_RATE|REPLAY_DETECTED,BLOCK
2026-10-07T01:44:03.264,0x200,ATTACKER,242,50,True,True,True,True,True,60,HIGH,ABNORMAL_MESSAGE_RATE|REPLAY_DETECTED,BLOCK
2026-10-07T01:44:03.265,0x200,ATTACKER,243,50,True,True,True,True,True,60,HIGH,ABNORMAL_MESSAGE_RATE|REPLAY_DETECTED,BLOCK
2026-10-07T01:44:03.265,0x200,ATTACKER,244,50,True,True,True,True,True,60,HIGH,ABNORMAL_MESSAGE_RATE|REPLAY_DETECTED,BLOCK
2026-10-07T01:44:03.265,0x200,ATTACKER,245,50,True,True,True,True,True,60,HIGH,ABNORMAL_MESSAGE_RATE|REPLAY_DETECTED,BLOCK
2026-10-07T01:44:03.266,0x200,ATTACKER,246,50,True,True,True,True,True,60,HIGH,ABNORMAL_MESSAGE_RATE|REPLAY_DETECTED,BLOCK
2026-10-07T01:44:03.266,0x200,ATTACKER,247,50,True,True,True,True,True,60,HIGH,ABNORMAL_MESSAGE_RATE|REPLAY_DETECTED,BLOCK
2026-10-07T01:44:03.266,0x200,ATTACKER,248,50,True,True,True,True,True,60,HIGH,ABNORMAL_MESSAGE_RATE|REPLAY_DETECTED,BLOCK
2026-10-07T01:44:03.267,0x200,ATTACKER,249,50,True,True,True,True,True,60,HIGH,ABNORMAL_MESSAGE_RATE|REPLAY_DETECTED,BLOCK
2026-10-07T01:44:03.273,0x100,BRAKE,92,100,True,True,True,False,True,30,MEDIUM,REPLAY_DETECTED,MONITOR
2026-10-07T01:44:03.274,0x200,SPEED,250,50,True,True,True,True,True,60,HIGH,ABNORMAL_MESSAGE_RATE|REPLAY_DETECTED,BLOCK
2026-10-07T01:44:03.274,0x300,INSTRUMENT,10,10,True,True,True,False,True,30,MEDIUM,REPLAY_DETECTED,MONITOR
2026-10-07T01:44:03.281,0x100,BRAKE,93,100,True,True,True,False,True,30,MEDIUM,REPLAY_DETECTED,MONITOR
2026-10-07T01:44:03.281,0x180,ADAS,20,20,True,True,True,False,True,30,MEDIUM,REPLAY_DETECTED,MONITOR
2026-10-07T01:44:03.281,0x200,SPEED,251,50,True,True,True,True,True,60,HIGH,ABNORMAL_MESSAGE_RATE|REPLAY_DETECTED,BLOCK
2026-10-07T01:44:03.288,0x100,BRAKE,93,100,True,True,True,False,True,30,MEDIUM,REPLAY_DETECTED,MONITOR
2026-10-07T01:44:03.288,0x200,SPEED,251,50,True,True,True,True,True,60,HIGH,ABNORMAL_MESSAGE_RATE|REPLAY_DETECTED,BLOCK
2026-10-07T01:44:03.294,0x100,BRAKE,93,100,True,True,True,False,True,30,MEDIUM,REPLAY_DETECTED,MONITOR
2026-10-07T01:44:03.295,0x200,SPEED,252,50,True,True,True,True,True,60,HIGH,ABNORMAL_MESSAGE_RATE|REPLAY_DETECTED,BLOCK
2026-10-07T01:44:03.301,0x100,BRAKE,93,100,True,True,True,False,True,30,MEDIUM,REPLAY_DETECTED,MONITOR
2026-10-07T01:44:03.302,0x200,SPEED,252,50,True,True,True,True,True,60,HIGH,ABNORMAL_MESSAGE_RATE|REPLAY_DETECTED,BLOCK
2026-10-07T01:44:03.308,0x100,BRAKE,93,100,True,True,True,False,True,30,MEDIUM,REPLAY_DETECTED,MONITOR
2026-10-07T01:44:03.309,0x200,SPEED,253,50,True,True,True,True,True,60,HIGH,ABNORMAL_MESSAGE_RATE|REPLAY_DETECTED,BLOCK
2026-10-07T01:44:03.315,0x100,BRAKE,94,100,True,True,True,False,True,30,MEDIUM,REPLAY_DETECTED,MONITOR
2026-10-07T01:44:03.321,0x100,BRAKE,94,100,True,True,True,False,True,30,MEDIUM,REPLAY_DETECTED,MONITOR
2026-10-07T01:44:03.321,0x180,ADAS,21,20,True,True,True,False,True,30,MEDIUM,REPLAY_DETECTED,MONITOR
2026-10-07T01:44:03.322,0x200,SPEED,253,50,True,True,True,True,True,60,HIGH,ABNORMAL_MESSAGE_RATE|REPLAY_DETECTED,BLOCK
2026-10-07T01:44:03.322,0x300,INSTRUMENT,10,10,True,True,True,False,True,30,MEDIUM,REPLAY_DETECTED,MONITOR
2026-10-07T01:44:03.329,0x100,BRAKE,94,100,True,True,True,False,True,30,MEDIUM,REPLAY_DETECTED,MONITOR
2026-10-07T01:44:03.335,0x100,BRAKE,95,100,True,True,True,False,True,30,MEDIUM,REPLAY_DETECTED,MONITOR
2026-10-07T01:44:03.342,0x100,BRAKE,95,100,True,True,True,False,True,30,MEDIUM,REPLAY_DETECTED,MONITOR
2026-10-07T01:44:03.342,0x200,SPEED,252,50,True,True,True,True,True,60,HIGH,ABNORMAL_MESSAGE_RATE|REPLAY_DETECTED,BLOCK
2026-10-07T01:44:03.349,0x100,BRAKE,95,100,True,True,True,False,True,30,MEDIUM,REPLAY_DETECTED,MONITOR
2026-10-07T01:44:03.355,0x100,BRAKE,96,100,True,True,True,False,True,30,MEDIUM,REPLAY_DETECTED,MONITOR
2026-10-07T01:44:03.362,0x100,BRAKE,96,100,True,True,True,False,True,30,MEDIUM,REPLAY_DETECTED,MONITOR
2026-10-07T01:44:03.363,0x200,SPEED,252,50,True,True,True,True,True,60,HIGH,ABNORMAL_MESSAGE_RATE|REPLAY_DETECTED,BLOCK
2026-10-07T01:44:03.370,0x100,BRAKE,96,100,True,True,True,False,True,30,MEDIUM,REPLAY_DETECTED,MONITOR
2026-10-07T01:44:03.370,0x180,ADAS,21,20,True,True,True,False,True,30,MEDIUM,REPLAY_DETECTED,MONITOR
2026-10-07T01:44:03.376,0x100,BRAKE,97,100,True,True,True,False,True,30,MEDIUM,REPLAY_DETECTED,MONITOR
2026-10-07T01:44:03.382,0x100,BRAKE,97,100,True,True,True,False,True,30,MEDIUM,REPLAY_DETECTED,MONITOR
2026-10-07T01:44:03.383,0x200,SPEED,252,50,True,True,True,True,True,60,HIGH,ABNORMAL_MESSAGE_RATE|REPLAY_DETECTED,BLOCK
2026-10-07T01:44:03.389,0x100,BRAKE,97,100,True,True,True,False,True,30,MEDIUM,REPLAY_DETECTED,MONITOR
2026-10-07T01:44:03.396,0x100,BRAKE,98,100,True,True,True,False,True,30,MEDIUM,REPLAY_DETECTED,MONITOR
2026-10-07T01:44:03.402,0x100,BRAKE,98,100,True,True,True,False,True,30,MEDIUM,REPLAY_DETECTED,MONITOR
2026-10-07T01:44:03.403,0x200,SPEED,252,50,True,True,True,True,True,60,HIGH,ABNORMAL_MESSAGE_RATE|REPLAY_DETECTED,BLOCK
2026-10-07T01:44:03.409,0x100,BRAKE,98,100,True,True,True,False,True,30,MEDIUM,REPLAY_DETECTED,MONITOR
2026-10-07T01:44:03.416,0x100,BRAKE,99,100,True,True,True,False,True,30,MEDIUM,REPLAY_DETECTED,MONITOR
2026-10-07T01:44:03.417,0x180,ADAS,21,20,True,True,True,False,True,30,MEDIUM,REPLAY_DETECTED,MONITOR
2026-10-07T01:44:03.417,0x200,SPEED,253,50,True,True,True,True,True,60,HIGH,ABNORMAL_MESSAGE_RATE|REPLAY_DETECTED,BLOCK
2026-10-07T01:44:03.424,0x100,BRAKE,99,100,True,True,True,False,True,30,MEDIUM,REPLAY_DETECTED,MONITOR
2026-10-07T01:44:03.431,0x100,BRAKE,99,100,True,True,True,False,True,30,MEDIUM,REPLAY_DETECTED,MONITOR
2026-10-07T01:44:03.437,0x100,BRAKE,100,100,True,True,True,False,True,30,MEDIUM,REPLAY_DETECTED,MONITOR
2026-10-07T01:44:03.438,0x200,SPEED,253,50,True,True,True,True,True,60,HIGH,ABNORMAL_MESSAGE_RATE|REPLAY_DETECTED,BLOCK
2026-10-07T01:44:03.445,0x100,BRAKE,100,100,True,True,True,False,True,30,MEDIUM,REPLAY_DETECTED,MONITOR
2026-10-07T01:44:03.452,0x100,BRAKE,100,100,True,True,True,False,True,30,MEDIUM,REPLAY_DETECTED,MONITOR
2026-10-07T01:44:03.458,0x100,BRAKE,101,100,True,True,True,False,True,30,MEDIUM,REPLAY_DETECTED,MONITOR
2026-10-07T01:44:03.459,0x200,SPEED,253,50,True,True,True,True,False,30,MEDIUM,ABNORMAL_MESSAGE_RATE,MONITOR
2026-10-07T01:44:03.472,0x100,BRAKE,100,100,True,True,True,False,True,30,MEDIUM,REPLAY_DETECTED,MONITOR
2026-10-07T01:44:03.478,0x100,BRAKE,100,100,True,True,True,False,True,30,MEDIUM,REPLAY_DETECTED,MONITOR
2026-10-07T01:44:03.479,0x200,SPEED,251,50,True,True,True,True,False,30,MEDIUM,ABNORMAL_MESSAGE_RATE,MONITOR
2026-10-07T01:44:03.492,0x100,BRAKE,100,100,True,True,True,False,True,30,MEDIUM,REPLAY_DETECTED,MONITOR
2026-10-07T01:44:03.498,0x100,BRAKE,100,100,True,True,True,False,True,30,MEDIUM,REPLAY_DETECTED,MONITOR
2026-10-07T01:44:03.499,0x120,STEERING,50,50,True,True,True,False,True,30,MEDIUM,REPLAY_DETECTED,MONITOR
2026-10-07T01:44:03.499,0x200,SPEED,251,50,True,True,True,True,True,60,HIGH,ABNORMAL_MESSAGE_RATE|REPLAY_DETECTED,BLOCK
2026-10-07T01:44:03.506,0x100,BRAKE,101,100,True,True,True,False,True,30,MEDIUM,REPLAY_DETECTED,MONITOR
2026-10-07T01:44:03.519,0x100,BRAKE,101,100,True,True,True,False,True,30,MEDIUM,REPLAY_DETECTED,MONITOR
2026-10-07T01:44:03.519,0x120,STEERING,51,50,True,True,True,False,True,30,MEDIUM,REPLAY_DETECTED,MONITOR
2026-10-07T01:44:03.520,0x200,SPEED,252,50,True,True,True,True,True,60,HIGH,ABNORMAL_MESSAGE_RATE|REPLAY_DETECTED,BLOCK
2026-10-07T01:44:03.521,0x300,INSTRUMENT,11,10,True,True,True,False,True,30,MEDIUM,REPLAY_DETECTED,MONITOR
2026-10-07T01:44:03.527,0x100,BRAKE,101,100,True,True,True,False,True,30,MEDIUM,REPLAY_DETECTED,MONITOR
2026-10-07T01:44:03.538,0x100,BRAKE,101,100,True,True,True,False,True,30,MEDIUM,REPLAY_DETECTED,MONITOR
2026-10-07T01:44:03.539,0x200,SPEED,252,50,True,True,True,True,True,60,HIGH,ABNORMAL_MESSAGE_RATE|REPLAY_DETECTED,BLOCK
2026-10-07T01:44:03.552,0x100,BRAKE,100,100,True,True,True,False,True,30,MEDIUM,REPLAY_DETECTED,MONITOR
2026-10-07T01:44:03.559,0x100,BRAKE,101,100,True,True,True,False,True,30,MEDIUM,REPLAY_DETECTED,MONITOR
2026-10-07T01:44:03.559,0x200,SPEED,252,50,True,True,True,True,True,60,HIGH,ABNORMAL_MESSAGE_RATE|REPLAY_DETECTED,BLOCK
2026-10-07T01:44:03.566,0x100,BRAKE,101,100,True,True,True,False,True,30,MEDIUM,REPLAY_DETECTED,MONITOR
2026-10-07T01:44:03.578,0x100,BRAKE,101,100,True,True,True,False,True,30,MEDIUM,REPLAY_DETECTED,MONITOR
2026-10-07T01:44:03.579,0x200,SPEED,252,50,True,True,True,True,False,30,MEDIUM,ABNORMAL_MESSAGE_RATE,MONITOR
2026-10-07T01:44:03.592,0x100,BRAKE,100,100,True,True,True,False,True,30,MEDIUM,REPLAY_DETECTED,MONITOR
2026-10-07T01:44:03.599,0x100,BRAKE,100,100,True,True,True,False,True,30,MEDIUM,REPLAY_DETECTED,MONITOR
2026-10-07T01:44:03.600,0x200,SPEED,251,50,True,True,True,True,False,30,MEDIUM,ABNORMAL_MESSAGE_RATE,MONITOR
2026-10-07T01:44:03.609,0x100,BRAKE,100,100,True,True,True,False,True,30,MEDIUM,REPLAY_DETECTED,MONITOR
2026-10-07T01:44:03.621,0x100,BRAKE,100,100,True,True,True,False,True,30,MEDIUM,REPLAY_DETECTED,MONITOR
2026-10-07T01:44:03.622,0x180,ADAS,20,20,True,True,True,False,True,30,MEDIUM,REPLAY_DETECTED,MONITOR
2026-10-07T01:44:03.626,0x200,SPEED,251,50,True,True,True,True,False,30,MEDIUM,ABNORMAL_MESSAGE_RATE,MONITOR
2026-10-07T01:44:03.632,0x100,BRAKE,100,100,True,True,True,False,True,30,MEDIUM,REPLAY_DETECTED,MONITOR
2026-10-07T01:44:03.639,0x100,BRAKE,100,100,True,True,True,False,True,30,MEDIUM,REPLAY_DETECTED,MONITOR
2026-10-07T01:44:03.640,0x200,SPEED,251,50,True,True,True,True,False,30,MEDIUM,ABNORMAL_MESSAGE_RATE,MONITOR
2026-10-07T01:44:03.647,0x100,BRAKE,101,100,True,True,True,False,True,30,MEDIUM,REPLAY_DETECTED,MONITOR
2026-10-07T01:44:03.661,0x100,BRAKE,100,100,True,True,True,False,True,30,MEDIUM,REPLAY_DETECTED,MONITOR
2026-10-07T01:44:03.662,0x200,SPEED,251,50,True,True,True,True,False,30,MEDIUM,ABNORMAL_MESSAGE_RATE,MONITOR
2026-10-07T01:44:03.669,0x100,BRAKE,101,100,True,True,True,False,True,30,MEDIUM,REPLAY_DETECTED,MONITOR
2026-10-07T01:44:03.670,0x180,ADAS,21,20,True,True,True,False,True,30,MEDIUM,REPLAY_DETECTED,MONITOR
2026-10-07T01:44:03.677,0x100,BRAKE,101,100,True,True,True,False,True,30,MEDIUM,REPLAY_DETECTED,MONITOR
2026-10-07T01:44:03.678,0x200,SPEED,251,50,True,True,True,True,True,60,HIGH,ABNORMAL_MESSAGE_RATE|REPLAY_DETECTED,BLOCK
2026-10-07T01:44:03.686,0x200,ATTACKER,252,50,True,True,False,True,True,90,CRITICAL,ABNORMAL_MESSAGE_RATE|INVALID_PAYLOAD|REPLAY_DETECTED,BLOCK_AND_ISOLATE
2026-10-07T01:44:03.693,0x100,BRAKE,100,100,True,True,True,False,True,30,MEDIUM,REPLAY_DETECTED,MONITOR
2026-10-07T01:44:03.700,0x100,BRAKE,100,100,True,True,True,False,True,30,MEDIUM,REPLAY_DETECTED,MONITOR
2026-10-07T01:44:03.701,0x200,SPEED,252,50,True,True,True,True,True,60,HIGH,ABNORMAL_MESSAGE_RATE|REPLAY_DETECTED,BLOCK
2026-10-07T01:44:03.708,0x100,BRAKE,101,100,True,True,True,False,True,30,MEDIUM,REPLAY_DETECTED,MONITOR
2026-10-07T01:44:03.721,0x100,BRAKE,100,100,True,True,True,False,True,30,MEDIUM,REPLAY_DETECTED,MONITOR
2026-10-07T01:44:03.722,0x200,SPEED,252,50,True,True,True,True,False,30,MEDIUM,ABNORMAL_MESSAGE_RATE,MONITOR
2026-10-07T01:44:03.727,0x300,INSTRUMENT,10,10,True,True,True,False,True,30,MEDIUM,REPLAY_DETECTED,MONITOR
2026-10-07T01:44:03.733,0x100,BRAKE,100,100,True,True,True,False,True,30,MEDIUM,REPLAY_DETECTED,MONITOR
2026-10-07T01:44:03.740,0x100,BRAKE,100,100,True,True,True,False,True,30,MEDIUM,REPLAY_DETECTED,MONITOR
2026-10-07T01:44:03.740,0x200,SPEED,252,50,True,True,True,True,True,60,HIGH,ABNORMAL_MESSAGE_RATE|REPLAY_DETECTED,BLOCK
2026-10-07T01:44:03.747,0x100,BRAKE,101,100,True,True,True,False,True,30,MEDIUM,REPLAY_DETECTED,MONITOR
2026-10-07T01:44:03.761,0x100,BRAKE,101,100,True,True,True,False,True,30,MEDIUM,REPLAY_DETECTED,MONITOR
2026-10-07T01:44:03.762,0x200,SPEED,252,50,True,True,True,True,False,30,MEDIUM,ABNORMAL_MESSAGE_RATE,MONITOR
2026-10-07T01:44:03.770,0x100,BRAKE,100,100,True,True,True,False,True,30,MEDIUM,REPLAY_DETECTED,MONITOR
2026-10-07T01:44:03.777,0x100,BRAKE,100,100,True,True,True,False,True,30,MEDIUM,REPLAY_DETECTED,MONITOR
2026-10-07T01:44:03.779,0x200,SPEED,252,50,True,True,True,True,True,60,HIGH,ABNORMAL_MESSAGE_RATE|REPLAY_DETECTED,BLOCK
2026-10-07T01:44:03.794,0x100,BRAKE,100,100,True,True,True,False,True,30,MEDIUM,REPLAY_DETECTED,MONITOR
2026-10-07T01:44:03.802,0x100,BRAKE,100,100,True,True,True,False,True,30,MEDIUM,REPLAY_DETECTED,MONITOR
2026-10-07T01:44:03.803,0x200,SPEED,252,50,True,True,True,True,True,60,HIGH,ABNORMAL_MESSAGE_RATE|REPLAY_DETECTED,BLOCK
2026-10-07T01:44:03.811,0x100,BRAKE,101,100,True,True,True,False,True,30,MEDIUM,REPLAY_DETECTED,MONITOR
2026-10-07T01:44:03.818,0x100,BRAKE,101,100,True,True,True,False,True,30,MEDIUM,REPLAY_DETECTED,MONITOR
2026-10-07T01:44:03.819,0x120,STEERING,51,50,True,True,True,False,True,30,MEDIUM,REPLAY_DETECTED,MONITOR
2026-10-07T01:44:03.819,0x200,SPEED,253,50,True,True,True,True,True,60,HIGH,ABNORMAL_MESSAGE_RATE|REPLAY_DETECTED,BLOCK
2026-10-07T01:44:03.832,0x100,BRAKE,100,100,True,True,True,False,True,30,MEDIUM,REPLAY_DETECTED,MONITOR
2026-10-07T01:44:03.839,0x100,BRAKE,101,100,True,True,True,False,True,30,MEDIUM,REPLAY_DETECTED,MONITOR
2026-10-07T01:44:03.840,0x200,SPEED,253,50,True,True,True,True,True,60,HIGH,ABNORMAL_MESSAGE_RATE|REPLAY_DETECTED,BLOCK
2026-10-07T01:44:03.847,0x100,BRAKE,101,100,True,True,True,False,True,30,MEDIUM,REPLAY_DETECTED,MONITOR
2026-10-07T01:44:03.861,0x100,BRAKE,100,100,True,True,True,False,True,30,MEDIUM,REPLAY_DETECTED,MONITOR
2026-10-07T01:44:03.862,0x200,SPEED,252,50,True,True,True,True,True,60,HIGH,ABNORMAL_MESSAGE_RATE|REPLAY_DETECTED,BLOCK
2026-10-07T01:44:03.869,0x100,BRAKE,101,100,True,True,True,False,True,30,MEDIUM,REPLAY_DETECTED,MONITOR
2026-10-07T01:44:03.880,0x100,BRAKE,100,100,True,True,True,False,True,30,MEDIUM,REPLAY_DETECTED,MONITOR
2026-10-07T01:44:03.881,0x200,SPEED,252,50,True,True,True,True,True,60,HIGH,ABNORMAL_MESSAGE_RATE|REPLAY_DETECTED,BLOCK
2026-10-07T01:44:03.886,0x100,BRAKE,101,100,True,True,True,False,True,30,MEDIUM,REPLAY_DETECTED,MONITOR
2026-10-07T01:44:03.899,0x100,BRAKE,101,100,True,True,True,False,True,30,MEDIUM,REPLAY_DETECTED,MONITOR
2026-10-07T01:44:03.900,0x200,SPEED,253,50,True,True,True,True,True,60,HIGH,ABNORMAL_MESSAGE_RATE|REPLAY_DETECTED,BLOCK
2026-10-07T01:44:03.906,0x100,BRAKE,101,100,True,True,True,False,True,30,MEDIUM,REPLAY_DETECTED,MONITOR
2026-10-07T01:44:03.919,0x100,BRAKE,100,100,True,True,True,False,True,30,MEDIUM,REPLAY_DETECTED,MONITOR
2026-10-07T01:44:03.920,0x120,STEERING,50,50,True,True,True,False,True,30,MEDIUM,REPLAY_DETECTED,MONITOR
2026-10-07T01:44:03.921,0x180,ADAS,20,20,True,True,True,False,True,30,MEDIUM,REPLAY_DETECTED,MONITOR
2026-10-07T01:44:03.922,0x200,SPEED,252,50,True,True,True,True,False,30,MEDIUM,ABNORMAL_MESSAGE_RATE,MONITOR
2026-10-07T01:44:03.928,0x300,INSTRUMENT,10,10,True,True,True,False,True,30,MEDIUM,REPLAY_DETECTED,MONITOR
2026-10-07T01:44:03.935,0x100,BRAKE,100,100,True,True,True,False,True,30,MEDIUM,REPLAY_DETECTED,MONITOR
2026-10-07T01:44:03.943,0x100,BRAKE,100,100,True,True,True,False,True,30,MEDIUM,REPLAY_DETECTED,MONITOR
2026-10-07T01:44:03.945,0x200,SPEED,252,50,True,True,True,True,True,60,HIGH,ABNORMAL_MESSAGE_RATE|REPLAY_DETECTED,BLOCK
2026-10-07T01:44:03.952,0x100,BRAKE,100,100,True,True,True,False,True,30,MEDIUM,REPLAY_DETECTED,MONITOR
2026-10-07T01:44:03.960,0x100,BRAKE,101,100,True,True,True,False,True,30,MEDIUM,REPLAY_DETECTED,MONITOR
2026-10-07T01:44:03.961,0x200,SPEED,253,50,True,True,True,True,True,60,HIGH,ABNORMAL_MESSAGE_RATE|REPLAY_DETECTED,BLOCK
2026-10-07T01:44:03.966,0x100,BRAKE,101,100,True,True,True,False,True,30,MEDIUM,REPLAY_DETECTED,MONITOR
2026-10-07T01:44:03.966,0x180,ADAS,21,20,True,True,True,False,True,30,MEDIUM,REPLAY_DETECTED,MONITOR
2026-10-07T01:44:03.979,0x100,BRAKE,100,100,True,True,True,False,True,30,MEDIUM,REPLAY_DETECTED,MONITOR
2026-10-07T01:44:03.980,0x200,SPEED,252,50,True,True,True,True,True,60,HIGH,ABNORMAL_MESSAGE_RATE|REPLAY_DETECTED,BLOCK
2026-10-07T01:44:03.987,0x100,BRAKE,101,100,True,True,True,False,True,30,MEDIUM,REPLAY_DETECTED,MONITOR
2026-10-07T01:44:03.988,0x200,ATTACKER,253,50,True,True,True,True,True,60,HIGH,ABNORMAL_MESSAGE_RATE|REPLAY_DETECTED,BLOCK
2026-10-07T01:44:04.001,0x100,BRAKE,101,100,True,True,True,False,True,30,MEDIUM,REPLAY_DETECTED,MONITOR
2026-10-07T01:44:04.001,0x200,SPEED,253,50,True,True,True,True,True,60,HIGH,ABNORMAL_MESSAGE_RATE|REPLAY_DETECTED,BLOCK
2026-10-07T01:44:04.009,0x100,BRAKE,101,100,True,True,True,False,True,30,MEDIUM,REPLAY_DETECTED,MONITOR
2026-10-07T01:44:04.021,0x100,BRAKE,100,100,True,True,True,False,True,30,MEDIUM,REPLAY_DETECTED,MONITOR
2026-10-07T01:44:04.024,0x180,ADAS,20,20,True,True,True,False,True,30,MEDIUM,REPLAY_DETECTED,MONITOR
2026-10-07T01:44:04.025,0x200,SPEED,253,50,True,True,True,True,True,60,HIGH,ABNORMAL_MESSAGE_RATE|REPLAY_DETECTED,BLOCK
2026-10-07T01:44:04.026,0x300,INSTRUMENT,10,10,True,True,True,False,True,30,MEDIUM,REPLAY_DETECTED,MONITOR
2026-10-07T01:44:04.032,0x100,BRAKE,100,100,True,True,True,False,True,30,MEDIUM,REPLAY_DETECTED,MONITOR
2026-10-07T01:44:04.054,0x100,BRAKE,99,100,True,True,True,False,True,30,MEDIUM,REPLAY_DETECTED,MONITOR
2026-10-07T01:44:04.063,0x120,STEERING,49,50,True,True,True,False,True,30,MEDIUM,REPLAY_DETECTED,MONITOR
2026-10-07T01:44:04.066,0x200,SPEED,252,50,True,True,True,True,True,60,HIGH,ABNORMAL_MESSAGE_RATE|REPLAY_DETECTED,BLOCK
2026-10-07T01:44:04.072,0x100,BRAKE,99,100,True,True,True,False,True,30,MEDIUM,REPLAY_DETECTED,MONITOR
2026-10-07T01:44:04.077,0x200,SPEED,253,50,True,True,True,True,False,30,MEDIUM,ABNORMAL_MESSAGE_RATE,MONITOR
2026-10-07T01:44:04.084,0x100,BRAKE,98,100,True,True,True,False,True,30,MEDIUM,REPLAY_DETECTED,MONITOR
2026-10-07T01:44:04.085,0x200,SPEED,253,50,True,True,True,True,True,60,HIGH,ABNORMAL_MESSAGE_RATE|REPLAY_DETECTED,BLOCK
2026-10-07T01:44:04.092,0x100,BRAKE,99,100,True,True,True,False,True,30,MEDIUM,REPLAY_DETECTED,MONITOR
2026-10-07T01:44:04.099,0x100,BRAKE,99,100,True,True,True,False,True,30,MEDIUM,REPLAY_DETECTED,MONITOR
2026-10-07T01:44:04.099,0x120,STEERING,50,50,True,True,True,False,True,30,MEDIUM,REPLAY_DETECTED,MONITOR
2026-10-07T01:44:04.100,0x200,SPEED,253,50,True,True,True,True,False,30,MEDIUM,ABNORMAL_MESSAGE_RATE,MONITOR
2026-10-07T01:44:04.106,0x100,BRAKE,99,100,True,True,True,False,True,30,MEDIUM,REPLAY_DETECTED,MONITOR
2026-10-07T01:44:04.113,0x100,BRAKE,99,100,True,True,True,False,True,30,MEDIUM,REPLAY_DETECTED,MONITOR
2026-10-07T01:44:04.120,0x100,BRAKE,99,100,True,True,True,False,True,30,MEDIUM,REPLAY_DETECTED,MONITOR
2026-10-07T01:44:04.121,0x180,ADAS,20,20,True,True,True,False,True,30,MEDIUM,REPLAY_DETECTED,MONITOR
2026-10-07T01:44:04.121,0x200,SPEED,253,50,True,True,True,True,True,60,HIGH,ABNORMAL_MESSAGE_RATE|REPLAY_DETECTED,BLOCK
2026-10-07T01:44:04.122,0x300,INSTRUMENT,10,10,True,True,True,False,True,30,MEDIUM,REPLAY_DETECTED,MONITOR
2026-10-07T01:44:04.130,0x100,BRAKE,99,100,True,True,True,False,True,30,MEDIUM,REPLAY_DETECTED,MONITOR
2026-10-07T01:44:04.136,0x100,BRAKE,100,100,True,True,True,False,True,30,MEDIUM,REPLAY_DETECTED,MONITOR
2026-10-07T01:44:04.137,0x200,SPEED,254,50,True,True,True,True,True,60,HIGH,ABNORMAL_MESSAGE_RATE|REPLAY_DETECTED,BLOCK
2026-10-07T01:44:04.144,0x100,BRAKE,100,100,True,True,True,False,True,30,MEDIUM,REPLAY_DETECTED,MONITOR
2026-10-07T01:44:04.151,0x100,BRAKE,100,100,True,True,True,False,True,30,MEDIUM,REPLAY_DETECTED,MONITOR
2026-10-07T01:44:04.158,0x100,BRAKE,101,100,True,True,True,False,True,30,MEDIUM,REPLAY_DETECTED,MONITOR
2026-10-07T01:44:04.159,0x200,SPEED,254,50,True,True,True,True,True,60,HIGH,ABNORMAL_MESSAGE_RATE|REPLAY_DETECTED,BLOCK
2026-10-07T01:44:04.166,0x100,BRAKE,101,100,True,True,True,False,True,30,MEDIUM,REPLAY_DETECTED,MONITOR
2026-10-07T01:44:04.180,0x100,BRAKE,100,100,True,True,True,False,True,30,MEDIUM,REPLAY_DETECTED,MONITOR
2026-10-07T01:44:04.181,0x200,SPEED,253,50,True,True,True,True,True,60,HIGH,ABNORMAL_MESSAGE_RATE|REPLAY_DETECTED,BLOCK
2026-10-07T01:44:04.188,0x100,BRAKE,101,100,True,True,True,False,True,30,MEDIUM,REPLAY_DETECTED,MONITOR
2026-10-07T01:44:04.201,0x100,BRAKE,102,100,True,True,True,False,True,30,MEDIUM,REPLAY_DETECTED,MONITOR
2026-10-07T01:44:04.202,0x200,SPEED,231,50,True,True,True,True,True,60,HIGH,ABNORMAL_MESSAGE_RATE|REPLAY_DETECTED,BLOCK
2026-10-07T01:44:04.209,0x100,BRAKE,103,100,True,True,True,False,True,30,MEDIUM,REPLAY_DETECTED,MONITOR
2026-10-07T01:44:04.222,0x100,BRAKE,104,100,True,True,True,False,True,30,MEDIUM,REPLAY_DETECTED,MONITOR
2026-10-07T01:44:04.223,0x200,SPEED,180,50,True,True,True,True,True,60,HIGH,ABNORMAL_MESSAGE_RATE|REPLAY_DETECTED,BLOCK
2026-10-07T01:44:04.224,0x300,INSTRUMENT,11,10,True,True,True,False,True,30,MEDIUM,REPLAY_DETECTED,MONITOR
2026-10-07T01:44:04.230,0x100,BRAKE,105,100,True,True,True,False,True,30,MEDIUM,REPLAY_DETECTED,MONITOR
2026-10-07T01:44:04.237,0x100,BRAKE,106,100,True,True,True,False,True,30,MEDIUM,REPLAY_DETECTED,MONITOR
2026-10-07T01:44:04.238,0x200,SPEED,137,50,True,True,True,True,True,60,HIGH,ABNORMAL_MESSAGE_RATE|REPLAY_DETECTED,BLOCK
2026-10-07T01:44:04.250,0x100,BRAKE,107,100,True,True,True,False,True,30,MEDIUM,REPLAY_DETECTED,MONITOR
2026-10-07T01:44:04.257,0x100,BRAKE,108,100,True,True,True,False,True,30,MEDIUM,REPLAY_DETECTED,MONITOR
2026-10-07T01:44:04.270,0x100,BRAKE,109,100,True,True,True,False,True,30,MEDIUM,REPLAY_DETECTED,MONITOR
2026-10-07T01:44:04.271,0x180,ADAS,22,20,True,True,True,False,True,30,MEDIUM,REPLAY_DETECTED,MONITOR
2026-10-07T01:44:04.278,0x100,BRAKE,109,100,True,True,True,False,True,30,MEDIUM,REPLAY_DETECTED,MONITOR
2026-10-07T01:44:04.279,0x200,SPEED,56,50,True,True,True,False,True,30,MEDIUM,REPLAY_DETECTED,MONITOR
2026-10-07T01:44:04.292,0x100,BRAKE,108,100,True,True,True,False,True,30,MEDIUM,REPLAY_DETECTED,MONITOR
2026-10-07T01:44:04.298,0x100,BRAKE,108,100,True,True,True,False,True,30,MEDIUM,REPLAY_DETECTED,MONITOR
2026-10-07T01:44:04.299,0x200,SPEED,54,50,True,True,True,False,True,30,MEDIUM,REPLAY_DETECTED,MONITOR
2026-10-07T01:44:04.308,0x100,BRAKE,108,100,True,True,True,False,True,30,MEDIUM,REPLAY_DETECTED,MONITOR
2026-10-07T01:44:04.316,0x100,BRAKE,107,100,True,True,True,False,True,30,MEDIUM,REPLAY_DETECTED,MONITOR
2026-10-07T01:44:04.316,0x180,ADAS,21,20,True,True,True,False,True,30,MEDIUM,REPLAY_DETECTED,MONITOR
2026-10-07T01:44:04.317,0x200,SPEED,53,50,True,True,True,False,True,30,MEDIUM,REPLAY_DETECTED,MONITOR
2026-10-07T01:44:04.318,0x300,INSTRUMENT,11,10,True,True,True,False,True,30,MEDIUM,REPLAY_DETECTED,MONITOR
2026-10-07T01:44:04.330,0x100,BRAKE,106,100,True,True,True,False,True,30,MEDIUM,REPLAY_DETECTED,MONITOR
2026-10-07T01:44:04.337,0x100,BRAKE,106,100,True,True,True,False,True,30,MEDIUM,REPLAY_DETECTED,MONITOR
2026-10-07T01:44:04.349,0x100,BRAKE,105,100,True,True,True,False,True,30,MEDIUM,REPLAY_DETECTED,MONITOR
2026-10-07T01:44:04.358,0x100,BRAKE,105,100,True,True,True,False,True,30,MEDIUM,REPLAY_DETECTED,MONITOR
2026-10-07T01:44:04.359,0x200,SPEED,53,50,True,True,True,False,True,30,MEDIUM,REPLAY_DETECTED,MONITOR
2026-10-07T01:44:04.371,0x100,BRAKE,104,100,True,True,True,False,True,30,MEDIUM,REPLAY_DETECTED,MONITOR
2026-10-07T01:44:04.379,0x100,BRAKE,104,100,True,True,True,False,True,30,MEDIUM,REPLAY_DETECTED,MONITOR
2026-10-07T01:44:04.379,0x200,SPEED,53,50,True,True,True,False,True,30,MEDIUM,REPLAY_DETECTED,MONITOR
2026-10-07T01:44:04.380,0x555,ATTACKER,1,,False,True,True,True,True,100,CRITICAL,UNKNOWN_CAN_ID|ABNORMAL_MESSAGE_RATE|REPLAY_DETECTED,BLOCK_AND_ISOLATE
2026-10-07T01:44:04.387,0x100,BRAKE,104,100,True,True,True,False,True,30,MEDIUM,REPLAY_DETECTED,MONITOR
2026-10-07T01:44:04.400,0x100,BRAKE,103,100,True,True,True,False,True,30,MEDIUM,REPLAY_DETECTED,MONITOR
2026-10-07T01:44:04.401,0x200,SPEED,53,50,True,True,True,False,True,30,MEDIUM,REPLAY_DETECTED,MONITOR
2026-10-07T01:44:04.408,0x100,BRAKE,103,100,True,True,True,False,True,30,MEDIUM,REPLAY_DETECTED,MONITOR
2026-10-07T01:44:04.421,0x100,BRAKE,102,100,True,True,True,False,True,30,MEDIUM,REPLAY_DETECTED,MONITOR
2026-10-07T01:44:04.422,0x300,INSTRUMENT,10,10,True,True,True,False,True,30,MEDIUM,REPLAY_DETECTED,MONITOR
2026-10-07T01:44:04.429,0x100,BRAKE,102,100,True,True,True,False,True,30,MEDIUM,REPLAY_DETECTED,MONITOR
2026-10-07T01:44:04.436,0x100,BRAKE,102,100,True,True,True,False,True,30,MEDIUM,REPLAY_DETECTED,MONITOR
2026-10-07T01:44:04.437,0x120,STEERING,51,50,True,True,True,False,True,30,MEDIUM,REPLAY_DETECTED,MONITOR
2026-10-07T01:44:04.438,0x200,SPEED,53,50,True,True,True,False,True,30,MEDIUM,REPLAY_DETECTED,MONITOR
2026-10-07T01:44:04.446,0x100,BRAKE,101,100,True,True,True,False,True,30,MEDIUM,REPLAY_DETECTED,MONITOR
2026-10-07T01:44:04.460,0x100,BRAKE,100,100,True,True,True,False,True,30,MEDIUM,REPLAY_DETECTED,MONITOR
2026-10-07T01:44:04.461,0x120,STEERING,50,50,True,True,True,False,True,30,MEDIUM,REPLAY_DETECTED,MONITOR
2026-10-07T01:44:04.462,0x200,SPEED,52,50,True,True,True,False,True,30,MEDIUM,REPLAY_DETECTED,MONITOR
2026-10-07T01:44:04.467,0x100,BRAKE,101,100,True,True,True,False,True,30,MEDIUM,REPLAY_DETECTED,MONITOR
2026-10-07T01:44:04.480,0x100,BRAKE,100,100,True,True,True,False,True,30,MEDIUM,REPLAY_DETECTED,MONITOR
2026-10-07T01:44:04.481,0x200,SPEED,52,50,True,True,True,False,True,30,MEDIUM,REPLAY_DETECTED,MONITOR
2026-10-07T01:44:04.488,0x100,BRAKE,101,100,True,True,True,False,True,30,MEDIUM,REPLAY_DETECTED,MONITOR
2026-10-07T01:44:04.501,0x100,BRAKE,100,100,True,True,True,False,True,30,MEDIUM,REPLAY_DETECTED,MONITOR
2026-10-07T01:44:04.501,0x200,SPEED,52,50,True,True,True,False,True,30,MEDIUM,REPLAY_DETECTED,MONITOR
2026-10-07T01:44:04.508,0x100,BRAKE,100,100,True,True,True,False,True,30,MEDIUM,REPLAY_DETECTED,MONITOR
2026-10-07T01:44:04.521,0x100,BRAKE,100,100,True,True,True,False,True,30,MEDIUM,REPLAY_DETECTED,MONITOR
2026-10-07T01:44:04.522,0x300,INSTRUMENT,10,10,True,True,True,False,True,30,MEDIUM,REPLAY_DETECTED,MONITOR
2026-10-07T01:44:04.534,0x100,BRAKE,100,100,True,True,True,False,True,30,MEDIUM,REPLAY_DETECTED,MONITOR
2026-10-07T01:44:04.542,0x100,BRAKE,100,100,True,True,True,False,True,30,MEDIUM,REPLAY_DETECTED,MONITOR
2026-10-07T01:44:04.543,0x200,SPEED,52,50,True,True,True,False,True,30,MEDIUM,REPLAY_DETECTED,MONITOR
2026-10-07T01:44:04.550,0x100,BRAKE,101,100,True,True,True,False,True,30,MEDIUM,REPLAY_DETECTED,MONITOR
2026-10-07T01:44:04.559,0x100,BRAKE,100,100,True,True,True,False,True,30,MEDIUM,REPLAY_DETECTED,MONITOR
2026-10-07T01:44:04.560,0x200,SPEED,52,50,True,True,True,False,True,30,MEDIUM,REPLAY_DETECTED,MONITOR
2026-10-07T01:44:04.566,0x100,BRAKE,101,100,True,True,True,False,True,30,MEDIUM,REPLAY_DETECTED,MONITOR
2026-10-07T01:44:04.576,0x100,BRAKE,101,100,True,True,True,False,True,30,MEDIUM,REPLAY_DETECTED,MONITOR
2026-10-07T01:44:04.577,0x200,SPEED,53,50,True,True,True,False,True,30,MEDIUM,REPLAY_DETECTED,MONITOR
2026-10-07T01:44:04.591,0x100,BRAKE,101,100,True,True,True,False,True,30,MEDIUM,REPLAY_DETECTED,MONITOR
2026-10-07T01:44:04.599,0x100,BRAKE,101,100,True,True,True,False,True,30,MEDIUM,REPLAY_DETECTED,MONITOR
2026-10-07T01:44:04.600,0x200,SPEED,52,50,True,True,True,False,True,30,MEDIUM,REPLAY_DETECTED,MONITOR
2026-10-07T01:44:04.609,0x100,BRAKE,100,100,True,True,True,False,True,30,MEDIUM,REPLAY_DETECTED,MONITOR
2026-10-07T01:44:04.616,0x100,BRAKE,101,100,True,True,True,False,True,30,MEDIUM,REPLAY_DETECTED,MONITOR
2026-10-07T01:44:04.617,0x180,ADAS,21,20,True,True,True,False,True,30,MEDIUM,REPLAY_DETECTED,MONITOR
2026-10-07T01:44:04.618,0x200,SPEED,53,50,True,True,True,False,True,30,MEDIUM,REPLAY_DETECTED,MONITOR
2026-10-07T01:44:04.619,0x300,INSTRUMENT,11,10,True,True,True,False,True,30,MEDIUM,REPLAY_DETECTED,MONITOR
2026-10-07T01:44:04.632,0x100,BRAKE,101,100,True,True,True,False,True,30,MEDIUM,REPLAY_DETECTED,MONITOR
2026-10-07T01:44:04.639,0x100,BRAKE,101,100,True,True,True,False,True,30,MEDIUM,REPLAY_DETECTED,MONITOR
2026-10-07T01:44:04.639,0x120,STEERING,51,50,True,True,True,False,True,30,MEDIUM,REPLAY_DETECTED,MONITOR
2026-10-07T01:44:04.640,0x200,SPEED,53,50,True,True,True,False,True,30,MEDIUM,REPLAY_DETECTED,MONITOR
2026-10-07T01:44:04.646,0x100,BRAKE,101,100,True,True,True,False,True,30,MEDIUM,REPLAY_DETECTED,MONITOR
2026-10-07T01:44:04.659,0x100,BRAKE,101,100,True,True,True,False,True,30,MEDIUM,REPLAY_DETECTED,MONITOR
2026-10-07T01:44:04.667,0x100,BRAKE,101,100,True,True,True,False,True,30,MEDIUM,REPLAY_DETECTED,MONITOR
2026-10-07T01:44:04.669,0x180,ADAS,21,20,True,True,True,False,True,30,MEDIUM,REPLAY_DETECTED,MONITOR
2026-10-07T01:44:04.676,0x100,BRAKE,101,100,True,True,True,False,True,30,MEDIUM,REPLAY_DETECTED,MONITOR
2026-10-07T01:44:04.678,0x200,SPEED,53,50,True,True,True,False,True,30,MEDIUM,REPLAY_DETECTED,MONITOR
2026-10-07T01:44:04.693,0x100,BRAKE,101,100,True,True,True,False,True,30,MEDIUM,REPLAY_DETECTED,MONITOR
2026-10-07T01:44:04.700,0x100,BRAKE,101,100,True,True,True,False,True,30,MEDIUM,REPLAY_DETECTED,MONITOR
2026-10-07T01:44:04.702,0x200,SPEED,51,50,True,True,True,False,True,30,MEDIUM,REPLAY_DETECTED,MONITOR
2026-10-07T01:44:04.709,0x100,BRAKE,100,100,True,True,True,False,True,30,MEDIUM,REPLAY_DETECTED,MONITOR
2026-10-07T01:44:04.716,0x100,BRAKE,101,100,True,True,True,False,True,30,MEDIUM,REPLAY_DETECTED,MONITOR
2026-10-07T01:44:04.717,0x200,SPEED,52,50,True,True,True,False,True,30,MEDIUM,REPLAY_DETECTED,MONITOR
2026-10-07T01:44:04.731,0x100,BRAKE,101,100,True,True,True,False,True,30,MEDIUM,REPLAY_DETECTED,MONITOR
2026-10-07T01:44:04.738,0x100,BRAKE,101,100,True,True,True,False,True,30,MEDIUM,REPLAY_DETECTED,MONITOR
2026-10-07T01:44:04.739,0x200,SPEED,52,50,True,True,True,False,True,30,MEDIUM,REPLAY_DETECTED,MONITOR
2026-10-07T01:44:04.747,0x100,BRAKE,100,100,True,True,True,False,True,30,MEDIUM,REPLAY_DETECTED,MONITOR
2026-10-07T01:44:04.761,0x100,BRAKE,100,100,True,True,True,False,True,30,MEDIUM,REPLAY_DETECTED,MONITOR
2026-10-07T01:44:04.762,0x200,ATTACKER,53,50,True,True,True,False,True,30,MEDIUM,REPLAY_DETECTED,MONITOR
2026-10-07T01:44:04.769,0x100,BRAKE,101,100,True,True,True,False,True,30,MEDIUM,REPLAY_DETECTED,MONITOR
2026-10-07T01:44:04.777,0x100,BRAKE,101,100,True,True,True,False,True,30,MEDIUM,REPLAY_DETECTED,MONITOR
2026-10-07T01:44:04.778,0x200,SPEED,53,50,True,True,True,False,True,30,MEDIUM,REPLAY_DETECTED,MONITOR
2026-10-07T01:44:04.791,0x100,BRAKE,101,100,True,True,True,False,True,30,MEDIUM,REPLAY_DETECTED,MONITOR
2026-10-07T01:44:04.798,0x100,BRAKE,101,100,True,True,True,False,True,30,MEDIUM,REPLAY_DETECTED,MONITOR
2026-10-07T01:44:04.799,0x200,SPEED,53,50,True,True,True,False,True,30,MEDIUM,REPLAY_DETECTED,MONITOR
2026-10-07T01:44:04.812,0x100,BRAKE,100,100,True,True,True,False,True,30,MEDIUM,REPLAY_DETECTED,MONITOR
2026-10-07T01:44:04.819,0x100,BRAKE,100,100,True,True,True,False,True,30,MEDIUM,REPLAY_DETECTED,MONITOR
2026-10-07T01:44:04.820,0x200,SPEED,52,50,True,True,True,False,True,30,MEDIUM,REPLAY_DETECTED,MONITOR
2026-10-07T01:44:04.821,0x300,INSTRUMENT,10,10,True,True,True,False,True,30,MEDIUM,REPLAY_DETECTED,MONITOR
2026-10-07T01:44:04.828,0x100,BRAKE,101,100,True,True,True,False,True,30,MEDIUM,REPLAY_DETECTED,MONITOR
2026-10-07T01:44:04.843,0x100,BRAKE,100,100,True,True,True,False,True,30,MEDIUM,REPLAY_DETECTED,MONITOR
2026-10-07T01:44:04.844,0x120,STEERING,50,50,True,True,True,False,True,30,MEDIUM,REPLAY_DETECTED,MONITOR
2026-10-07T01:44:04.845,0x200,SPEED,52,50,True,True,True,False,True,30,MEDIUM,REPLAY_DETECTED,MONITOR
2026-10-07T01:44:04.851,0x100,BRAKE,100,100,True,True,True,False,True,30,MEDIUM,REPLAY_DETECTED,MONITOR
2026-10-07T01:44:04.858,0x100,BRAKE,101,100,True,True,True,False,True,30,MEDIUM,REPLAY_DETECTED,MONITOR
2026-10-07T01:44:04.859,0x200,SPEED,53,50,True,True,True,False,True,30,MEDIUM,REPLAY_DETECTED,MONITOR
2026-10-07T01:44:04.872,0x100,BRAKE,100,100,True,True,True,False,True,30,MEDIUM,REPLAY_DETECTED,MONITOR
2026-10-07T01:44:04.874,0x180,ADAS,20,20,True,True,True,False,True,30,MEDIUM,REPLAY_DETECTED,MONITOR
2026-10-07T01:44:04.881,0x100,BRAKE,100,100,True,True,True,False,True,30,MEDIUM,REPLAY_DETECTED,MONITOR
2026-10-07T01:44:04.883,0x200,SPEED,52,50,True,True,True,False,True,30,MEDIUM,REPLAY_DETECTED,MONITOR
2026-10-07T01:44:04.891,0x100,BRAKE,100,100,True,True,True,False,True,30,MEDIUM,REPLAY_DETECTED,MONITOR
2026-10-07T01:44:04.898,0x100,BRAKE,101,100,True,True,True,False,True,30,MEDIUM,REPLAY_DETECTED,MONITOR
2026-10-07T01:44:04.911,0x100,BRAKE,100,100,True,True,True,False,True,30,MEDIUM,REPLAY_DETECTED,MONITOR
2026-10-07T01:44:04.918,0x100,BRAKE,101,100,True,True,True,False,True,30,MEDIUM,REPLAY_DETECTED,MONITOR
2026-10-07T01:44:04.919,0x200,SPEED,53,50,True,True,True,False,True,30,MEDIUM,REPLAY_DETECTED,MONITOR
2026-10-07T01:44:04.920,0x300,INSTRUMENT,11,10,True,True,True,False,True,30,MEDIUM,REPLAY_DETECTED,MONITOR
2026-10-07T01:44:04.927,0x100,BRAKE,101,100,True,True,True,False,True,30,MEDIUM,REPLAY_DETECTED,MONITOR
2026-10-07T01:44:04.942,0x100,BRAKE,101,100,True,True,True,False,True,30,MEDIUM,REPLAY_DETECTED,MONITOR
2026-10-07T01:44:04.949,0x100,BRAKE,101,100,True,True,True,False,True,30,MEDIUM,REPLAY_DETECTED,MONITOR
2026-10-07T01:44:04.956,0x100,BRAKE,101,100,True,True,True,False,True,30,MEDIUM,REPLAY_DETECTED,MONITOR
2026-10-07T01:44:04.957,0x200,SPEED,53,50,True,True,True,False,True,30,MEDIUM,REPLAY_DETECTED,MONITOR
2026-10-07T01:44:04.970,0x100,BRAKE,100,100,True,True,True,False,True,30,MEDIUM,REPLAY_DETECTED,MONITOR
2026-10-07T01:44:04.971,0x180,ADAS,20,20,True,True,True,False,True,30,MEDIUM,REPLAY_DETECTED,MONITOR
2026-10-07T01:44:04.978,0x100,BRAKE,101,100,True,True,True,False,True,30,MEDIUM,REPLAY_DETECTED,MONITOR
2026-10-07T01:44:04.992,0x100,BRAKE,100,100,True,True,True,False,True,30,MEDIUM,REPLAY_DETECTED,MONITOR
2026-10-07T01:44:04.999,0x100,BRAKE,101,100,True,True,True,False,True,30,MEDIUM,REPLAY_DETECTED,MONITOR
2026-10-07T01:44:05.000,0x200,SPEED,52,50,True,True,True,False,True,30,MEDIUM,REPLAY_DETECTED,MONITOR
2026-10-07T01:44:05.008,0x100,BRAKE,101,100,True,True,True,False,True,30,MEDIUM,REPLAY_DETECTED,MONITOR
2026-10-07T01:44:05.022,0x100,BRAKE,100,100,True,True,True,False,True,30,MEDIUM,REPLAY_DETECTED,MONITOR
2026-10-07T01:44:05.026,0x200,SPEED,51,50,True,True,True,False,True,30,MEDIUM,REPLAY_DETECTED,MONITOR
2026-10-07T01:44:05.027,0x300,INSTRUMENT,10,10,True,True,True,False,True,30,MEDIUM,REPLAY_DETECTED,MONITOR
2026-10-07T01:44:05.033,0x100,BRAKE,100,100,True,True,True,False,True,30,MEDIUM,REPLAY_DETECTED,MONITOR
2026-10-07T01:44:05.040,0x100,BRAKE,101,100,True,True,True,False,True,30,MEDIUM,REPLAY_DETECTED,MONITOR
2026-10-07T01:44:05.041,0x200,SPEED,52,50,True,True,True,False,True,30,MEDIUM,REPLAY_DETECTED,MONITOR
2026-10-07T01:44:05.048,0x100,BRAKE,102,100,True,True,True,False,True,30,MEDIUM,REPLAY_DETECTED,MONITOR
2026-10-07T01:44:05.061,0x100,BRAKE,102,100,True,True,True,False,True,30,MEDIUM,REPLAY_DETECTED,MONITOR
2026-10-07T01:44:05.062,0x120,STEERING,52,50,True,True,True,False,True,30,MEDIUM,REPLAY_DETECTED,MONITOR
2026-10-07T01:44:05.062,0x200,ATTACKER,54,50,True,True,False,False,True,60,HIGH,INVALID_PAYLOAD|REPLAY_DETECTED,BLOCK
2026-10-07T01:44:05.069,0x100,BRAKE,103,100,True,True,True,False,True,30,MEDIUM,REPLAY_DETECTED,MONITOR
2026-10-07T01:44:05.070,0x180,ADAS,21,20,True,True,True,False,True,30,MEDIUM,REPLAY_DETECTED,MONITOR
2026-10-07T01:44:05.077,0x100,BRAKE,103,100,True,True,True,False,True,30,MEDIUM,REPLAY_DETECTED,MONITOR
2026-10-07T01:44:05.078,0x200,SPEED,53,50,True,True,True,False,True,30,MEDIUM,REPLAY_DETECTED,MONITOR
2026-10-07T01:44:05.092,0x100,BRAKE,102,100,True,True,True,False,True,30,MEDIUM,REPLAY_DETECTED,MONITOR
2026-10-07T01:44:05.099,0x100,BRAKE,102,100,True,True,True,False,True,30,MEDIUM,REPLAY_DETECTED,MONITOR
2026-10-07T01:44:05.101,0x120,STEERING,50,50,True,True,True,False,True,30,MEDIUM,REPLAY_DETECTED,MONITOR
2026-10-07T01:44:05.102,0x200,SPEED,52,50,True,True,True,False,True,30,MEDIUM,REPLAY_DETECTED,MONITOR
2026-10-07T01:44:05.109,0x100,BRAKE,102,100,True,True,True,False,True,30,MEDIUM,REPLAY_DETECTED,MONITOR
2026-10-07T01:44:05.121,0x100,BRAKE,101,100,True,True,True,False,True,30,MEDIUM,REPLAY_DETECTED,MONITOR
2026-10-07T01:44:05.122,0x300,INSTRUMENT,11,10,True,True,True,False,True,30,MEDIUM,REPLAY_DETECTED,MONITOR
2026-10-07T01:44:05.129,0x100,BRAKE,102,100,True,True,True,False,True,30,MEDIUM,REPLAY_DETECTED,MONITOR
2026-10-07T01:44:05.141,0x100,BRAKE,101,100,True,True,True,False,True,30,MEDIUM,REPLAY_DETECTED,MONITOR
2026-10-07T01:44:05.142,0x200,SPEED,52,50,True,True,True,False,True,30,MEDIUM,REPLAY_DETECTED,MONITOR
2026-10-07T01:44:05.149,0x100,BRAKE,101,100,True,True,True,False,True,30,MEDIUM,REPLAY_DETECTED,MONITOR
2026-10-07T01:44:05.162,0x100,BRAKE,100,100,True,True,True,False,True,30,MEDIUM,REPLAY_DETECTED,MONITOR
2026-10-07T01:44:05.162,0x200,SPEED,52,50,True,True,True,False,True,30,MEDIUM,REPLAY_DETECTED,MONITOR
2026-10-07T01:44:05.169,0x100,BRAKE,100,100,True,True,True,False,True,30,MEDIUM,REPLAY_DETECTED,MONITOR
2026-10-07T01:44:05.176,0x100,BRAKE,101,100,True,True,True,False,True,30,MEDIUM,REPLAY_DETECTED,MONITOR
2026-10-07T01:44:05.177,0x200,SPEED,53,50,True,True,True,False,True,30,MEDIUM,REPLAY_DETECTED,MONITOR
2026-10-07T01:44:05.190,0x100,BRAKE,100,100,True,True,True,False,True,30,MEDIUM,REPLAY_DETECTED,MONITOR
2026-10-07T01:44:05.198,0x100,BRAKE,101,100,True,True,True,False,True,30,MEDIUM,REPLAY_DETECTED,MONITOR
2026-10-07T01:44:05.199,0x200,SPEED,53,50,True,True,True,False,True,30,MEDIUM,REPLAY_DETECTED,MONITOR
2026-10-07T01:44:05.212,0x100,BRAKE,100,100,True,True,True,False,True,30,MEDIUM,REPLAY_DETECTED,MONITOR
2026-10-07T01:44:05.219,0x100,BRAKE,101,100,True,True,True,False,True,30,MEDIUM,REPLAY_DETECTED,MONITOR
2026-10-07T01:44:05.220,0x180,ADAS,21,20,True,True,True,False,True,30,MEDIUM,REPLAY_DETECTED,MONITOR
2026-10-07T01:44:05.221,0x200,SPEED,53,50,True,True,True,False,True,30,MEDIUM,REPLAY_DETECTED,MONITOR
2026-10-07T01:44:05.221,0x300,INSTRUMENT,11,10,True,True,True,False,True,30,MEDIUM,REPLAY_DETECTED,MONITOR
2026-10-07T01:44:05.228,0x100,BRAKE,101,100,True,True,True,False,True,30,MEDIUM,REPLAY_DETECTED,MONITOR
2026-10-07T01:44:05.243,0x100,BRAKE,100,100,True,True,True,False,True,30,MEDIUM,REPLAY_DETECTED,MONITOR
2026-10-07T01:44:05.245,0x200,SPEED,52,50,True,True,True,False,True,30,MEDIUM,REPLAY_DETECTED,MONITOR
2026-10-07T01:44:05.251,0x100,BRAKE,100,100,True,True,True,False,True,30,MEDIUM,REPLAY_DETECTED,MONITOR
2026-10-07T01:44:05.259,0x100,BRAKE,100,100,True,True,True,False,True,30,MEDIUM,REPLAY_DETECTED,MONITOR
2026-10-07T01:44:05.267,0x100,BRAKE,101,100,True,True,True,False,True,30,MEDIUM,REPLAY_DETECTED,MONITOR
2026-10-07T01:44:05.268,0x180,ADAS,21,20,True,True,True,False,True,30,MEDIUM,REPLAY_DETECTED,MONITOR
2026-10-07T01:44:05.280,0x100,BRAKE,100,100,True,True,True,False,True,30,MEDIUM,REPLAY_DETECTED,MONITOR
2026-10-07T01:44:05.282,0x200,SPEED,52,50,True,True,True,False,True,30,MEDIUM,REPLAY_DETECTED,MONITOR
2026-10-07T01:44:05.289,0x100,BRAKE,101,100,True,True,True,False,True,30,MEDIUM,REPLAY_DETECTED,MONITOR
2026-10-07T01:44:05.296,0x100,BRAKE,101,100,True,True,True,False,True,30,MEDIUM,REPLAY_DETECTED,MONITOR
2026-10-07T01:44:05.297,0x200,SPEED,53,50,True,True,True,False,True,30,MEDIUM,REPLAY_DETECTED,MONITOR
2026-10-07T01:44:05.310,0x100,BRAKE,100,100,True,True,True,False,True,30,MEDIUM,REPLAY_DETECTED,MONITOR
2026-10-07T01:44:05.317,0x100,BRAKE,100,100,True,True,True,False,True,30,MEDIUM,REPLAY_DETECTED,MONITOR
2026-10-07T01:44:05.318,0x200,SPEED,52,50,True,True,True,False,True,30,MEDIUM,REPLAY_DETECTED,MONITOR
2026-10-07T01:44:05.319,0x300,INSTRUMENT,10,10,True,True,True,False,True,30,MEDIUM,REPLAY_DETECTED,MONITOR
2026-10-07T01:44:05.326,0x100,BRAKE,101,100,True,True,True,False,True,30,MEDIUM,REPLAY_DETECTED,MONITOR
2026-10-07T01:44:05.340,0x100,BRAKE,100,100,True,True,True,False,True,30,MEDIUM,REPLAY_DETECTED,MONITOR
2026-10-07T01:44:05.347,0x100,BRAKE,101,100,True,True,True,False,True,30,MEDIUM,REPLAY_DETECTED,MONITOR
2026-10-07T01:44:05.361,0x100,BRAKE,100,100,True,True,True,False,True,30,MEDIUM,REPLAY_DETECTED,MONITOR
2026-10-07T01:44:05.362,0x200,SPEED,52,50,True,True,True,False,True,30,MEDIUM,REPLAY_DETECTED,MONITOR
2026-10-07T01:44:05.370,0x100,BRAKE,101,100,True,True,True,False,True,30,MEDIUM,REPLAY_DETECTED,MONITOR
2026-10-07T01:44:05.371,0x180,ADAS,21,20,True,True,True,False,True,30,MEDIUM,REPLAY_DETECTED,MONITOR
2026-10-07T01:44:05.378,0x100,BRAKE,101,100,True,True,True,False,True,30,MEDIUM,REPLAY_DETECTED,MONITOR
2026-10-07T01:44:05.378,0x200,SPEED,53,50,True,True,True,False,True,30,MEDIUM,REPLAY_DETECTED,MONITOR
2026-10-07T01:44:05.391,0x100,BRAKE,100,100,True,True,True,False,True,30,MEDIUM,REPLAY_DETECTED,MONITOR
2026-10-07T01:44:05.398,0x100,BRAKE,101,100,True,True,True,False,True,30,MEDIUM,REPLAY_DETECTED,MONITOR
2026-10-07T01:44:05.399,0x120,STEERING,51,50,True,True,True,False,True,30,MEDIUM,REPLAY_DETECTED,MONITOR
2026-10-07T01:44:05.400,0x200,SPEED,53,50,True,True,True,False,True,30,MEDIUM,REPLAY_DETECTED,MONITOR
2026-10-07T01:44:05.408,0x100,BRAKE,100,100,True,True,True,False,True,30,MEDIUM,REPLAY_DETECTED,MONITOR
2026-10-07T01:44:05.421,0x100,BRAKE,101,100,True,True,True,False,True,30,MEDIUM,REPLAY_DETECTED,MONITOR
2026-10-07T01:44:05.424,0x120,STEERING,50,50,True,True,True,False,True,30,MEDIUM,REPLAY_DETECTED,MONITOR
2026-10-07T01:44:05.425,0x180,ADAS,20,20,True,True,True,False,True,30,MEDIUM,REPLAY_DETECTED,MONITOR
2026-10-07T01:44:05.426,0x200,SPEED,52,50,True,True,True,False,True,30,MEDIUM,REPLAY_DETECTED,MONITOR
2026-10-07T01:44:05.426,0x300,INSTRUMENT,10,10,True,True,True,False,True,30,MEDIUM,REPLAY_DETECTED,MONITOR
2026-10-07T01:44:05.433,0x100,BRAKE,100,100,True,True,True,False,True,30,MEDIUM,REPLAY_DETECTED,MONITOR
2026-10-07T01:44:05.440,0x100,BRAKE,100,100,True,True,True,False,True,30,MEDIUM,REPLAY_DETECTED,MONITOR
2026-10-07T01:44:05.441,0x200,SPEED,52,50,True,True,True,False,True,30,MEDIUM,REPLAY_DETECTED,MONITOR
2026-10-07T01:44:05.448,0x100,BRAKE,100,100,True,True,True,False,True,30,MEDIUM,REPLAY_DETECTED,MONITOR
2026-10-07T01:44:05.462,0x100,BRAKE,100,100,True,True,True,False,True,30,MEDIUM,REPLAY_DETECTED,MONITOR
2026-10-07T01:44:05.463,0x200,SPEED,52,50,True,True,True,False,True,30,MEDIUM,REPLAY_DETECTED,MONITOR
2026-10-07T01:44:05.470,0x100,BRAKE,100,100,True,True,True,False,True,30,MEDIUM,REPLAY_DETECTED,MONITOR
2026-10-07T01:44:05.476,0x100,BRAKE,101,100,True,True,True,False,True,30,MEDIUM,REPLAY_DETECTED,MONITOR
2026-10-07T01:44:05.477,0x200,SPEED,53,50,True,True,True,False,True,30,MEDIUM,REPLAY_DETECTED,MONITOR
2026-10-07T01:44:05.490,0x100,BRAKE,100,100,True,True,True,False,True,30,MEDIUM,REPLAY_DETECTED,MONITOR
2026-10-07T01:44:05.497,0x100,BRAKE,101,100,True,True,True,False,True,30,MEDIUM,REPLAY_DETECTED,MONITOR
2026-10-07T01:44:05.498,0x200,SPEED,53,50,True,True,True,False,True,30,MEDIUM,REPLAY_DETECTED,MONITOR
2026-10-07T01:44:05.505,0x200,ATTACKER,53,50,True,True,True,False,True,30,MEDIUM,REPLAY_DETECTED,MONITOR
2026-10-07T01:44:05.505,0x200,ATTACKER,54,50,True,True,True,False,True,30,MEDIUM,REPLAY_DETECTED,MONITOR
2026-10-07T01:44:05.505,0x200,ATTACKER,55,50,True,True,True,False,True,30,MEDIUM,REPLAY_DETECTED,MONITOR
2026-10-07T01:44:05.506,0x200,ATTACKER,56,50,True,True,True,False,True,30,MEDIUM,REPLAY_DETECTED,MONITOR
2026-10-07T01:44:05.507,0x200,ATTACKER,57,50,True,True,True,False,True,30,MEDIUM,REPLAY_DETECTED,MONITOR
2026-10-07T01:44:05.507,0x200,ATTACKER,58,50,True,True,True,False,True,30,MEDIUM,REPLAY_DETECTED,MONITOR
2026-10-07T01:44:05.507,0x200,ATTACKER,59,50,True,True,True,False,True,30,MEDIUM,REPLAY_DETECTED,MONITOR
2026-10-07T01:44:05.508,0x200,ATTACKER,60,50,True,True,True,False,True,30,MEDIUM,REPLAY_DETECTED,MONITOR
2026-10-07T01:44:05.508,0x200,ATTACKER,61,50,True,True,True,False,True,30,MEDIUM,REPLAY_DETECTED,MONITOR
2026-10-07T01:44:05.508,0x200,ATTACKER,62,50,True,True,True,False,True,30,MEDIUM,REPLAY_DETECTED,MONITOR
2026-10-07T01:44:05.509,0x200,ATTACKER,63,50,True,True,True,False,True,30,MEDIUM,REPLAY_DETECTED,MONITOR
2026-10-07T01:44:05.509,0x200,ATTACKER,64,50,True,True,True,False,True,30,MEDIUM,REPLAY_DETECTED,MONITOR
2026-10-07T01:44:05.509,0x200,ATTACKER,65,50,True,True,True,False,True,30,MEDIUM,REPLAY_DETECTED,MONITOR
2026-10-07T01:44:05.510,0x200,ATTACKER,66,50,True,True,True,False,True,30,MEDIUM,REPLAY_DETECTED,MONITOR
2026-10-07T01:44:05.510,0x200,ATTACKER,67,50,True,True,True,False,True,30,MEDIUM,REPLAY_DETECTED,MONITOR
2026-10-07T01:44:05.510,0x200,ATTACKER,68,50,True,True,True,False,True,30,MEDIUM,REPLAY_DETECTED,MONITOR
2026-10-07T01:44:05.511,0x200,ATTACKER,69,50,True,True,True,False,True,30,MEDIUM,REPLAY_DETECTED,MONITOR
2026-10-07T01:44:05.511,0x200,ATTACKER,70,50,True,True,True,False,True,30,MEDIUM,REPLAY_DETECTED,MONITOR
2026-10-07T01:44:05.511,0x200,ATTACKER,71,50,True,True,True,False,True,30,MEDIUM,REPLAY_DETECTED,MONITOR
2026-10-07T01:44:05.512,0x200,ATTACKER,72,50,True,True,True,False,True,30,MEDIUM,REPLAY_DETECTED,MONITOR
2026-10-07T01:44:05.512,0x200,ATTACKER,73,50,True,True,True,False,True,30,MEDIUM,REPLAY_DETECTED,MONITOR
2026-10-07T01:44:05.512,0x200,ATTACKER,74,50,True,True,True,False,True,30,MEDIUM,REPLAY_DETECTED,MONITOR
2026-10-07T01:44:05.513,0x200,ATTACKER,75,50,True,True,True,False,True,30,MEDIUM,REPLAY_DETECTED,MONITOR
2026-10-07T01:44:05.513,0x200,ATTACKER,76,50,True,True,True,False,True,30,MEDIUM,REPLAY_DETECTED,MONITOR
2026-10-07T01:44:05.513,0x200,ATTACKER,77,50,True,True,True,False,True,30,MEDIUM,REPLAY_DETECTED,MONITOR
2026-10-07T01:44:05.514,0x200,ATTACKER,78,50,True,True,True,False,True,30,MEDIUM,REPLAY_DETECTED,MONITOR
2026-10-07T01:44:05.514,0x200,ATTACKER,79,50,True,True,True,False,True,30,MEDIUM,REPLAY_DETECTED,MONITOR
2026-10-07T01:44:05.514,0x200,ATTACKER,80,50,True,True,True,False,True,30,MEDIUM,REPLAY_DETECTED,MONITOR
2026-10-07T01:44:05.515,0x200,ATTACKER,81,50,True,True,True,False,True,30,MEDIUM,REPLAY_DETECTED,MONITOR
2026-10-07T01:44:05.515,0x200,ATTACKER,82,50,True,True,True,False,True,30,MEDIUM,REPLAY_DETECTED,MONITOR
2026-10-07T01:44:05.515,0x200,ATTACKER,83,50,True,True,True,False,True,30,MEDIUM,REPLAY_DETECTED,MONITOR
2026-10-07T01:44:05.516,0x200,ATTACKER,84,50,True,True,True,False,True,30,MEDIUM,REPLAY_DETECTED,MONITOR
2026-10-07T01:44:05.516,0x200,ATTACKER,85,50,True,True,True,False,True,30,MEDIUM,REPLAY_DETECTED,MONITOR
2026-10-07T01:44:05.516,0x200,ATTACKER,86,50,True,True,True,False,True,30,MEDIUM,REPLAY_DETECTED,MONITOR
2026-10-07T01:44:05.518,0x200,ATTACKER,87,50,True,True,True,False,True,30,MEDIUM,REPLAY_DETECTED,MONITOR
2026-10-07T01:44:05.518,0x200,ATTACKER,88,50,True,True,True,False,True,30,MEDIUM,REPLAY_DETECTED,MONITOR
2026-10-07T01:44:05.519,0x200,ATTACKER,89,50,True,True,True,False,True,30,MEDIUM,REPLAY_DETECTED,MONITOR
2026-10-07T01:44:05.520,0x200,ATTACKER,90,50,True,True,True,False,True,30,MEDIUM,REPLAY_DETECTED,MONITOR
2026-10-07T01:44:05.521,0x200,ATTACKER,91,50,True,True,True,False,True,30,MEDIUM,REPLAY_DETECTED,MONITOR
2026-10-07T01:44:05.521,0x200,ATTACKER,92,50,True,True,True,False,True,30,MEDIUM,REPLAY_DETECTED,MONITOR
2026-10-07T01:44:05.522,0x200,ATTACKER,93,50,True,True,True,False,True,30,MEDIUM,REPLAY_DETECTED,MONITOR
2026-10-07T01:44:05.522,0x200,ATTACKER,94,50,True,True,True,False,True,30,MEDIUM,REPLAY_DETECTED,MONITOR
2026-10-07T01:44:05.522,0x200,ATTACKER,94,50,True,True,True,False,True,30,MEDIUM,REPLAY_DETECTED,MONITOR
2026-10-07T01:44:05.523,0x200,ATTACKER,95,50,True,True,True,False,True,30,MEDIUM,REPLAY_DETECTED,MONITOR
2026-10-07T01:44:05.523,0x200,ATTACKER,96,50,True,True,True,False,True,30,MEDIUM,REPLAY_DETECTED,MONITOR
2026-10-07T01:44:05.524,0x200,ATTACKER,97,50,True,True,True,False,True,30,MEDIUM,REPLAY_DETECTED,MONITOR
2026-10-07T01:44:05.524,0x200,ATTACKER,98,50,True,True,True,False,True,30,MEDIUM,REPLAY_DETECTED,MONITOR
2026-10-07T01:44:05.524,0x200,ATTACKER,99,50,True,True,True,False,True,30,MEDIUM,REPLAY_DETECTED,MONITOR
2026-10-07T01:44:05.525,0x200,ATTACKER,100,50,True,True,True,False,True,30,MEDIUM,REPLAY_DETECTED,MONITOR
2026-10-07T01:44:05.525,0x200,ATTACKER,101,50,True,True,True,True,True,60,HIGH,ABNORMAL_MESSAGE_RATE|REPLAY_DETECTED,BLOCK
2026-10-07T01:44:05.525,0x200,ATTACKER,102,50,True,True,True,True,True,60,HIGH,ABNORMAL_MESSAGE_RATE|REPLAY_DETECTED,BLOCK
2026-10-07T01:44:05.526,0x200,ATTACKER,103,50,True,True,True,True,True,60,HIGH,ABNORMAL_MESSAGE_RATE|REPLAY_DETECTED,BLOCK
2026-10-07T01:44:05.526,0x200,ATTACKER,104,50,True,True,True,True,True,60,HIGH,ABNORMAL_MESSAGE_RATE|REPLAY_DETECTED,BLOCK
2026-10-07T01:44:05.526,0x200,ATTACKER,105,50,True,True,True,True,True,60,HIGH,ABNORMAL_MESSAGE_RATE|REPLAY_DETECTED,BLOCK
2026-10-07T01:44:05.527,0x200,ATTACKER,106,50,True,True,True,True,True,60,HIGH,ABNORMAL_MESSAGE_RATE|REPLAY_DETECTED,BLOCK
2026-10-07T01:44:05.527,0x200,ATTACKER,107,50,True,True,True,True,True,60,HIGH,ABNORMAL_MESSAGE_RATE|REPLAY_DETECTED,BLOCK
2026-10-07T01:44:05.527,0x200,ATTACKER,108,50,True,True,True,True,True,60,HIGH,ABNORMAL_MESSAGE_RATE|REPLAY_DETECTED,BLOCK
2026-10-07T01:44:05.528,0x200,ATTACKER,109,50,True,True,True,True,True,60,HIGH,ABNORMAL_MESSAGE_RATE|REPLAY_DETECTED,BLOCK
2026-10-07T01:44:05.528,0x200,ATTACKER,110,50,True,True,True,True,True,60,HIGH,ABNORMAL_MESSAGE_RATE|REPLAY_DETECTED,BLOCK
2026-10-07T01:44:05.528,0x200,ATTACKER,111,50,True,True,True,True,True,60,HIGH,ABNORMAL_MESSAGE_RATE|REPLAY_DETECTED,BLOCK
2026-10-07T01:44:05.529,0x200,ATTACKER,112,50,True,True,True,True,True,60,HIGH,ABNORMAL_MESSAGE_RATE|REPLAY_DETECTED,BLOCK
2026-10-07T01:44:05.529,0x200,ATTACKER,113,50,True,True,True,True,True,60,HIGH,ABNORMAL_MESSAGE_RATE|REPLAY_DETECTED,BLOCK
2026-10-07T01:44:05.529,0x200,ATTACKER,114,50,True,True,True,True,True,60,HIGH,ABNORMAL_MESSAGE_RATE|REPLAY_DETECTED,BLOCK
2026-10-07T01:44:05.530,0x200,ATTACKER,115,50,True,True,True,True,True,60,HIGH,ABNORMAL_MESSAGE_RATE|REPLAY_DETECTED,BLOCK
2026-10-07T01:44:05.530,0x200,ATTACKER,116,50,True,True,True,True,True,60,HIGH,ABNORMAL_MESSAGE_RATE|REPLAY_DETECTED,BLOCK
2026-10-07T01:44:05.530,0x200,ATTACKER,117,50,True,True,True,True,True,60,HIGH,ABNORMAL_MESSAGE_RATE|REPLAY_DETECTED,BLOCK
2026-10-07T01:44:05.531,0x200,ATTACKER,118,50,True,True,True,True,True,60,HIGH,ABNORMAL_MESSAGE_RATE|REPLAY_DETECTED,BLOCK
2026-10-07T01:44:05.531,0x200,ATTACKER,119,50,True,True,True,True,True,60,HIGH,ABNORMAL_MESSAGE_RATE|REPLAY_DETECTED,BLOCK
2026-10-07T01:44:05.531,0x200,ATTACKER,120,50,True,True,True,True,True,60,HIGH,ABNORMAL_MESSAGE_RATE|REPLAY_DETECTED,BLOCK
2026-10-07T01:44:05.532,0x200,ATTACKER,121,50,True,True,True,True,True,60,HIGH,ABNORMAL_MESSAGE_RATE|REPLAY_DETECTED,BLOCK
2026-10-07T01:44:05.532,0x200,ATTACKER,122,50,True,True,True,True,True,60,HIGH,ABNORMAL_MESSAGE_RATE|REPLAY_DETECTED,BLOCK
2026-10-07T01:44:05.532,0x200,ATTACKER,123,50,True,True,True,True,True,60,HIGH,ABNORMAL_MESSAGE_RATE|REPLAY_DETECTED,BLOCK
2026-10-07T01:44:05.532,0x200,ATTACKER,124,50,True,True,True,True,True,60,HIGH,ABNORMAL_MESSAGE_RATE|REPLAY_DETECTED,BLOCK
2026-10-07T01:44:05.533,0x200,ATTACKER,125,50,True,True,True,True,True,60,HIGH,ABNORMAL_MESSAGE_RATE|REPLAY_DETECTED,BLOCK
2026-10-07T01:44:05.533,0x200,ATTACKER,126,50,True,True,True,True,True,60,HIGH,ABNORMAL_MESSAGE_RATE|REPLAY_DETECTED,BLOCK
2026-10-07T01:44:05.533,0x200,ATTACKER,127,50,True,True,True,True,True,60,HIGH,ABNORMAL_MESSAGE_RATE|REPLAY_DETECTED,BLOCK
2026-10-07T01:44:05.534,0x200,ATTACKER,128,50,True,True,True,True,True,60,HIGH,ABNORMAL_MESSAGE_RATE|REPLAY_DETECTED,BLOCK
2026-10-07T01:44:05.534,0x200,ATTACKER,129,50,True,True,True,True,True,60,HIGH,ABNORMAL_MESSAGE_RATE|REPLAY_DETECTED,BLOCK
2026-10-07T01:44:05.534,0x200,ATTACKER,130,50,True,True,True,True,True,60,HIGH,ABNORMAL_MESSAGE_RATE|REPLAY_DETECTED,BLOCK
2026-10-07T01:44:05.535,0x200,ATTACKER,131,50,True,True,True,True,True,60,HIGH,ABNORMAL_MESSAGE_RATE|REPLAY_DETECTED,BLOCK
2026-10-07T01:44:05.535,0x200,ATTACKER,132,50,True,True,True,True,True,60,HIGH,ABNORMAL_MESSAGE_RATE|REPLAY_DETECTED,BLOCK
2026-10-07T01:44:05.535,0x200,ATTACKER,133,50,True,True,True,True,True,60,HIGH,ABNORMAL_MESSAGE_RATE|REPLAY_DETECTED,BLOCK
2026-10-07T01:44:05.536,0x200,ATTACKER,134,50,True,True,True,True,True,60,HIGH,ABNORMAL_MESSAGE_RATE|REPLAY_DETECTED,BLOCK
2026-10-07T01:44:05.536,0x200,ATTACKER,135,50,True,True,True,True,True,60,HIGH,ABNORMAL_MESSAGE_RATE|REPLAY_DETECTED,BLOCK
2026-10-07T01:44:05.536,0x200,ATTACKER,136,50,True,True,True,True,True,60,HIGH,ABNORMAL_MESSAGE_RATE|REPLAY_DETECTED,BLOCK
2026-10-07T01:44:05.537,0x200,ATTACKER,137,50,True,True,True,True,True,60,HIGH,ABNORMAL_MESSAGE_RATE|REPLAY_DETECTED,BLOCK
2026-10-07T01:44:05.537,0x200,ATTACKER,138,50,True,True,True,True,True,60,HIGH,ABNORMAL_MESSAGE_RATE|REPLAY_DETECTED,BLOCK
2026-10-07T01:44:05.537,0x200,ATTACKER,139,50,True,True,True,True,True,60,HIGH,ABNORMAL_MESSAGE_RATE|REPLAY_DETECTED,BLOCK
2026-10-07T01:44:05.538,0x200,ATTACKER,140,50,True,True,True,True,True,60,HIGH,ABNORMAL_MESSAGE_RATE|REPLAY_DETECTED,BLOCK
2026-10-07T01:44:05.538,0x200,ATTACKER,141,50,True,True,True,True,True,60,HIGH,ABNORMAL_MESSAGE_RATE|REPLAY_DETECTED,BLOCK
2026-10-07T01:44:05.538,0x200,ATTACKER,142,50,True,True,True,True,True,60,HIGH,ABNORMAL_MESSAGE_RATE|REPLAY_DETECTED,BLOCK
2026-10-07T01:44:05.539,0x200,ATTACKER,143,50,True,True,True,True,True,60,HIGH,ABNORMAL_MESSAGE_RATE|REPLAY_DETECTED,BLOCK
2026-10-07T01:44:05.539,0x200,ATTACKER,144,50,True,True,True,True,True,60,HIGH,ABNORMAL_MESSAGE_RATE|REPLAY_DETECTED,BLOCK
2026-10-07T01:44:05.540,0x200,ATTACKER,145,50,True,True,True,True,True,60,HIGH,ABNORMAL_MESSAGE_RATE|REPLAY_DETECTED,BLOCK
2026-10-07T01:44:05.540,0x200,ATTACKER,146,50,True,True,True,True,True,60,HIGH,ABNORMAL_MESSAGE_RATE|REPLAY_DETECTED,BLOCK
2026-10-07T01:44:05.540,0x200,ATTACKER,147,50,True,True,True,True,True,60,HIGH,ABNORMAL_MESSAGE_RATE|REPLAY_DETECTED,BLOCK
2026-10-07T01:44:05.541,0x200,ATTACKER,148,50,True,True,True,True,True,60,HIGH,ABNORMAL_MESSAGE_RATE|REPLAY_DETECTED,BLOCK
2026-10-07T01:44:05.541,0x200,ATTACKER,149,50,True,True,True,True,True,60,HIGH,ABNORMAL_MESSAGE_RATE|REPLAY_DETECTED,BLOCK
2026-10-07T01:44:05.541,0x200,ATTACKER,150,50,True,True,True,True,True,60,HIGH,ABNORMAL_MESSAGE_RATE|REPLAY_DETECTED,BLOCK
2026-10-07T01:44:05.542,0x200,ATTACKER,151,50,True,True,True,True,True,60,HIGH,ABNORMAL_MESSAGE_RATE|REPLAY_DETECTED,BLOCK
2026-10-07T01:44:05.542,0x200,ATTACKER,152,50,True,True,True,True,True,60,HIGH,ABNORMAL_MESSAGE_RATE|REPLAY_DETECTED,BLOCK
2026-10-07T01:44:05.542,0x200,ATTACKER,153,50,True,True,True,True,True,60,HIGH,ABNORMAL_MESSAGE_RATE|REPLAY_DETECTED,BLOCK
2026-10-07T01:44:05.543,0x200,ATTACKER,154,50,True,True,True,True,True,60,HIGH,ABNORMAL_MESSAGE_RATE|REPLAY_DETECTED,BLOCK
2026-10-07T01:44:05.543,0x200,ATTACKER,155,50,True,True,True,True,True,60,HIGH,ABNORMAL_MESSAGE_RATE|REPLAY_DETECTED,BLOCK
2026-10-07T01:44:05.543,0x200,ATTACKER,155,50,True,True,True,True,True,60,HIGH,ABNORMAL_MESSAGE_RATE|REPLAY_DETECTED,BLOCK
2026-10-07T01:44:05.544,0x200,ATTACKER,156,50,True,True,True,True,True,60,HIGH,ABNORMAL_MESSAGE_RATE|REPLAY_DETECTED,BLOCK
2026-10-07T01:44:05.544,0x200,ATTACKER,157,50,True,True,True,True,True,60,HIGH,ABNORMAL_MESSAGE_RATE|REPLAY_DETECTED,BLOCK
2026-10-07T01:44:05.544,0x200,ATTACKER,158,50,True,True,True,True,True,60,HIGH,ABNORMAL_MESSAGE_RATE|REPLAY_DETECTED,BLOCK
2026-10-07T01:44:05.545,0x200,ATTACKER,159,50,True,True,True,True,True,60,HIGH,ABNORMAL_MESSAGE_RATE|REPLAY_DETECTED,BLOCK
2026-10-07T01:44:05.545,0x200,ATTACKER,160,50,True,True,True,True,True,60,HIGH,ABNORMAL_MESSAGE_RATE|REPLAY_DETECTED,BLOCK
2026-10-07T01:44:05.545,0x200,ATTACKER,161,50,True,True,True,True,True,60,HIGH,ABNORMAL_MESSAGE_RATE|REPLAY_DETECTED,BLOCK
2026-10-07T01:44:05.546,0x200,ATTACKER,162,50,True,True,True,True,True,60,HIGH,ABNORMAL_MESSAGE_RATE|REPLAY_DETECTED,BLOCK
2026-10-07T01:44:05.546,0x200,ATTACKER,163,50,True,True,True,True,True,60,HIGH,ABNORMAL_MESSAGE_RATE|REPLAY_DETECTED,BLOCK
2026-10-07T01:44:05.546,0x200,ATTACKER,164,50,True,True,True,True,True,60,HIGH,ABNORMAL_MESSAGE_RATE|REPLAY_DETECTED,BLOCK
2026-10-07T01:44:05.547,0x200,ATTACKER,165,50,True,True,True,True,True,60,HIGH,ABNORMAL_MESSAGE_RATE|REPLAY_DETECTED,BLOCK
2026-10-07T01:44:05.547,0x200,ATTACKER,166,50,True,True,True,True,True,60,HIGH,ABNORMAL_MESSAGE_RATE|REPLAY_DETECTED,BLOCK
2026-10-07T01:44:05.547,0x200,ATTACKER,167,50,True,True,True,True,True,60,HIGH,ABNORMAL_MESSAGE_RATE|REPLAY_DETECTED,BLOCK
2026-10-07T01:44:05.548,0x200,ATTACKER,168,50,True,True,True,True,True,60,HIGH,ABNORMAL_MESSAGE_RATE|REPLAY_DETECTED,BLOCK
2026-10-07T01:44:05.548,0x200,ATTACKER,169,50,True,True,True,True,True,60,HIGH,ABNORMAL_MESSAGE_RATE|REPLAY_DETECTED,BLOCK
2026-10-07T01:44:05.548,0x200,ATTACKER,170,50,True,True,True,True,True,60,HIGH,ABNORMAL_MESSAGE_RATE|REPLAY_DETECTED,BLOCK
2026-10-07T01:44:05.549,0x200,ATTACKER,171,50,True,True,True,True,True,60,HIGH,ABNORMAL_MESSAGE_RATE|REPLAY_DETECTED,BLOCK
2026-10-07T01:44:05.549,0x200,ATTACKER,172,50,True,True,True,True,True,60,HIGH,ABNORMAL_MESSAGE_RATE|REPLAY_DETECTED,BLOCK
2026-10-07T01:44:05.549,0x200,ATTACKER,173,50,True,True,True,True,True,60,HIGH,ABNORMAL_MESSAGE_RATE|REPLAY_DETECTED,BLOCK
2026-10-07T01:44:05.550,0x200,ATTACKER,174,50,True,True,True,True,True,60,HIGH,ABNORMAL_MESSAGE_RATE|REPLAY_DETECTED,BLOCK
2026-10-07T01:44:05.550,0x200,ATTACKER,175,50,True,True,True,True,True,60,HIGH,ABNORMAL_MESSAGE_RATE|REPLAY_DETECTED,BLOCK
2026-10-07T01:44:05.550,0x200,ATTACKER,176,50,True,True,True,True,True,60,HIGH,ABNORMAL_MESSAGE_RATE|REPLAY_DETECTED,BLOCK
2026-10-07T01:44:05.551,0x200,ATTACKER,177,50,True,True,True,True,True,60,HIGH,ABNORMAL_MESSAGE_RATE|REPLAY_DETECTED,BLOCK
2026-10-07T01:44:05.551,0x200,ATTACKER,178,50,True,True,True,True,True,60,HIGH,ABNORMAL_MESSAGE_RATE|REPLAY_DETECTED,BLOCK
2026-10-07T01:44:05.551,0x200,ATTACKER,179,50,True,True,True,True,True,60,HIGH,ABNORMAL_MESSAGE_RATE|REPLAY_DETECTED,BLOCK
2026-10-07T01:44:05.552,0x200,ATTACKER,180,50,True,True,True,True,True,60,HIGH,ABNORMAL_MESSAGE_RATE|REPLAY_DETECTED,BLOCK
2026-10-07T01:44:05.552,0x200,ATTACKER,181,50,True,True,True,True,True,60,HIGH,ABNORMAL_MESSAGE_RATE|REPLAY_DETECTED,BLOCK
2026-10-07T01:44:05.552,0x200,ATTACKER,182,50,True,True,True,True,True,60,HIGH,ABNORMAL_MESSAGE_RATE|REPLAY_DETECTED,BLOCK
2026-10-07T01:44:05.553,0x200,ATTACKER,183,50,True,True,True,True,True,60,HIGH,ABNORMAL_MESSAGE_RATE|REPLAY_DETECTED,BLOCK
2026-10-07T01:44:05.553,0x200,ATTACKER,184,50,True,True,True,True,True,60,HIGH,ABNORMAL_MESSAGE_RATE|REPLAY_DETECTED,BLOCK
2026-10-07T01:44:05.553,0x200,ATTACKER,185,50,True,True,True,True,True,60,HIGH,ABNORMAL_MESSAGE_RATE|REPLAY_DETECTED,BLOCK
2026-10-07T01:44:05.554,0x200,ATTACKER,186,50,True,True,True,True,True,60,HIGH,ABNORMAL_MESSAGE_RATE|REPLAY_DETECTED,BLOCK
2026-10-07T01:44:05.554,0x200,ATTACKER,187,50,True,True,True,True,True,60,HIGH,ABNORMAL_MESSAGE_RATE|REPLAY_DETECTED,BLOCK
2026-10-07T01:44:05.554,0x200,ATTACKER,188,50,True,True,True,True,True,60,HIGH,ABNORMAL_MESSAGE_RATE|REPLAY_DETECTED,BLOCK
2026-10-07T01:44:05.555,0x200,ATTACKER,189,50,True,True,True,True,True,60,HIGH,ABNORMAL_MESSAGE_RATE|REPLAY_DETECTED,BLOCK
2026-10-07T01:44:05.555,0x200,ATTACKER,190,50,True,True,True,True,True,60,HIGH,ABNORMAL_MESSAGE_RATE|REPLAY_DETECTED,BLOCK
2026-10-07T01:44:05.555,0x200,ATTACKER,191,50,True,True,True,True,True,60,HIGH,ABNORMAL_MESSAGE_RATE|REPLAY_DETECTED,BLOCK
2026-10-07T01:44:05.556,0x200,ATTACKER,192,50,True,True,True,True,True,60,HIGH,ABNORMAL_MESSAGE_RATE|REPLAY_DETECTED,BLOCK
2026-10-07T01:44:05.556,0x200,ATTACKER,193,50,True,True,True,True,True,60,HIGH,ABNORMAL_MESSAGE_RATE|REPLAY_DETECTED,BLOCK
2026-10-07T01:44:05.557,0x200,ATTACKER,194,50,True,True,True,True,True,60,HIGH,ABNORMAL_MESSAGE_RATE|REPLAY_DETECTED,BLOCK
2026-10-07T01:44:05.557,0x200,ATTACKER,195,50,True,True,True,True,True,60,HIGH,ABNORMAL_MESSAGE_RATE|REPLAY_DETECTED,BLOCK
2026-10-07T01:44:05.557,0x200,ATTACKER,196,50,True,True,True,True,True,60,HIGH,ABNORMAL_MESSAGE_RATE|REPLAY_DETECTED,BLOCK
2026-10-07T01:44:05.558,0x200,ATTACKER,197,50,True,True,True,True,True,60,HIGH,ABNORMAL_MESSAGE_RATE|REPLAY_DETECTED,BLOCK
2026-10-07T01:44:05.558,0x200,ATTACKER,198,50,True,True,True,True,True,60,HIGH,ABNORMAL_MESSAGE_RATE|REPLAY_DETECTED,BLOCK
2026-10-07T01:44:05.558,0x200,ATTACKER,199,50,True,True,True,True,True,60,HIGH,ABNORMAL_MESSAGE_RATE|REPLAY_DETECTED,BLOCK
2026-10-07T01:44:05.559,0x200,ATTACKER,200,50,True,True,True,True,True,60,HIGH,ABNORMAL_MESSAGE_RATE|REPLAY_DETECTED,BLOCK
2026-10-07T01:44:05.559,0x200,ATTACKER,201,50,True,True,True,True,True,60,HIGH,ABNORMAL_MESSAGE_RATE|REPLAY_DETECTED,BLOCK
2026-10-07T01:44:05.559,0x200,ATTACKER,202,50,True,True,True,True,True,60,HIGH,ABNORMAL_MESSAGE_RATE|REPLAY_DETECTED,BLOCK
2026-10-07T01:44:05.560,0x200,ATTACKER,203,50,True,True,True,True,True,60,HIGH,ABNORMAL_MESSAGE_RATE|REPLAY_DETECTED,BLOCK
2026-10-07T01:44:05.560,0x200,ATTACKER,204,50,True,True,True,True,True,60,HIGH,ABNORMAL_MESSAGE_RATE|REPLAY_DETECTED,BLOCK
2026-10-07T01:44:05.560,0x200,ATTACKER,204,50,True,True,True,True,True,60,HIGH,ABNORMAL_MESSAGE_RATE|REPLAY_DETECTED,BLOCK
2026-10-07T01:44:05.561,0x200,ATTACKER,205,50,True,True,True,True,True,60,HIGH,ABNORMAL_MESSAGE_RATE|REPLAY_DETECTED,BLOCK
2026-10-07T01:44:05.561,0x200,ATTACKER,206,50,True,True,True,True,True,60,HIGH,ABNORMAL_MESSAGE_RATE|REPLAY_DETECTED,BLOCK
2026-10-07T01:44:05.561,0x200,ATTACKER,207,50,True,True,True,True,True,60,HIGH,ABNORMAL_MESSAGE_RATE|REPLAY_DETECTED,BLOCK
2026-10-07T01:44:05.562,0x200,ATTACKER,208,50,True,True,True,True,True,60,HIGH,ABNORMAL_MESSAGE_RATE|REPLAY_DETECTED,BLOCK
2026-10-07T01:44:05.562,0x200,ATTACKER,209,50,True,True,True,True,True,60,HIGH,ABNORMAL_MESSAGE_RATE|REPLAY_DETECTED,BLOCK
2026-10-07T01:44:05.563,0x200,ATTACKER,210,50,True,True,True,True,True,60,HIGH,ABNORMAL_MESSAGE_RATE|REPLAY_DETECTED,BLOCK
2026-10-07T01:44:05.563,0x200,ATTACKER,211,50,True,True,True,True,True,60,HIGH,ABNORMAL_MESSAGE_RATE|REPLAY_DETECTED,BLOCK
2026-10-07T01:44:05.563,0x200,ATTACKER,212,50,True,True,True,True,True,60,HIGH,ABNORMAL_MESSAGE_RATE|REPLAY_DETECTED,BLOCK
2026-10-07T01:44:05.564,0x200,ATTACKER,213,50,True,True,True,True,True,60,HIGH,ABNORMAL_MESSAGE_RATE|REPLAY_DETECTED,BLOCK
2026-10-07T01:44:05.564,0x200,ATTACKER,214,50,True,True,True,True,True,60,HIGH,ABNORMAL_MESSAGE_RATE|REPLAY_DETECTED,BLOCK
2026-10-07T01:44:05.564,0x200,ATTACKER,215,50,True,True,True,True,True,60,HIGH,ABNORMAL_MESSAGE_RATE|REPLAY_DETECTED,BLOCK
2026-10-07T01:44:05.564,0x200,ATTACKER,216,50,True,True,True,True,True,60,HIGH,ABNORMAL_MESSAGE_RATE|REPLAY_DETECTED,BLOCK
2026-10-07T01:44:05.565,0x200,ATTACKER,217,50,True,True,True,True,True,60,HIGH,ABNORMAL_MESSAGE_RATE|REPLAY_DETECTED,BLOCK
2026-10-07T01:44:05.565,0x200,ATTACKER,218,50,True,True,True,True,True,60,HIGH,ABNORMAL_MESSAGE_RATE|REPLAY_DETECTED,BLOCK
2026-10-07T01:44:05.565,0x200,ATTACKER,219,50,True,True,True,True,True,60,HIGH,ABNORMAL_MESSAGE_RATE|REPLAY_DETECTED,BLOCK
2026-10-07T01:44:05.566,0x200,ATTACKER,220,50,True,True,True,True,True,60,HIGH,ABNORMAL_MESSAGE_RATE|REPLAY_DETECTED,BLOCK
2026-10-07T01:44:05.566,0x200,ATTACKER,221,50,True,True,True,True,True,60,HIGH,ABNORMAL_MESSAGE_RATE|REPLAY_DETECTED,BLOCK
2026-10-07T01:44:05.566,0x200,ATTACKER,222,50,True,True,True,True,True,60,HIGH,ABNORMAL_MESSAGE_RATE|REPLAY_DETECTED,BLOCK
2026-10-07T01:44:05.567,0x200,ATTACKER,223,50,True,True,True,True,True,60,HIGH,ABNORMAL_MESSAGE_RATE|REPLAY_DETECTED,BLOCK
2026-10-07T01:44:05.567,0x200,ATTACKER,224,50,True,True,True,True,True,60,HIGH,ABNORMAL_MESSAGE_RATE|REPLAY_DETECTED,BLOCK
2026-10-07T01:44:05.567,0x200,ATTACKER,225,50,True,True,True,True,True,60,HIGH,ABNORMAL_MESSAGE_RATE|REPLAY_DETECTED,BLOCK
2026-10-07T01:44:05.568,0x200,ATTACKER,226,50,True,True,True,True,True,60,HIGH,ABNORMAL_MESSAGE_RATE|REPLAY_DETECTED,BLOCK
2026-10-07T01:44:05.568,0x200,ATTACKER,227,50,True,True,True,True,True,60,HIGH,ABNORMAL_MESSAGE_RATE|REPLAY_DETECTED,BLOCK
2026-10-07T01:44:05.568,0x200,ATTACKER,228,50,True,True,True,True,True,60,HIGH,ABNORMAL_MESSAGE_RATE|REPLAY_DETECTED,BLOCK
2026-10-07T01:44:05.569,0x200,ATTACKER,229,50,True,True,True,True,True,60,HIGH,ABNORMAL_MESSAGE_RATE|REPLAY_DETECTED,BLOCK
2026-10-07T01:44:05.569,0x200,ATTACKER,230,50,True,True,True,True,True,60,HIGH,ABNORMAL_MESSAGE_RATE|REPLAY_DETECTED,BLOCK
2026-10-07T01:44:05.569,0x200,ATTACKER,231,50,True,True,True,True,True,60,HIGH,ABNORMAL_MESSAGE_RATE|REPLAY_DETECTED,BLOCK
2026-10-07T01:44:05.570,0x200,ATTACKER,232,50,True,True,True,True,True,60,HIGH,ABNORMAL_MESSAGE_RATE|REPLAY_DETECTED,BLOCK
2026-10-07T01:44:05.570,0x200,ATTACKER,233,50,True,True,True,True,True,60,HIGH,ABNORMAL_MESSAGE_RATE|REPLAY_DETECTED,BLOCK
2026-10-07T01:44:05.570,0x200,ATTACKER,234,50,True,True,True,True,True,60,HIGH,ABNORMAL_MESSAGE_RATE|REPLAY_DETECTED,BLOCK
2026-10-07T01:44:05.571,0x200,ATTACKER,235,50,True,True,True,True,True,60,HIGH,ABNORMAL_MESSAGE_RATE|REPLAY_DETECTED,BLOCK
2026-10-07T01:44:05.571,0x200,ATTACKER,236,50,True,True,True,True,True,60,HIGH,ABNORMAL_MESSAGE_RATE|REPLAY_DETECTED,BLOCK
2026-10-07T01:44:05.571,0x200,ATTACKER,237,50,True,True,True,True,True,60,HIGH,ABNORMAL_MESSAGE_RATE|REPLAY_DETECTED,BLOCK
2026-10-07T01:44:05.572,0x200,ATTACKER,238,50,True,True,True,True,True,60,HIGH,ABNORMAL_MESSAGE_RATE|REPLAY_DETECTED,BLOCK
2026-10-07T01:44:05.572,0x200,ATTACKER,239,50,True,True,True,True,True,60,HIGH,ABNORMAL_MESSAGE_RATE|REPLAY_DETECTED,BLOCK
2026-10-07T01:44:05.572,0x200,ATTACKER,240,50,True,True,True,True,True,60,HIGH,ABNORMAL_MESSAGE_RATE|REPLAY_DETECTED,BLOCK
2026-10-07T01:44:05.573,0x200,ATTACKER,241,50,True,True,True,True,True,60,HIGH,ABNORMAL_MESSAGE_RATE|REPLAY_DETECTED,BLOCK
2026-10-07T01:44:05.573,0x200,ATTACKER,242,50,True,True,True,True,True,60,HIGH,ABNORMAL_MESSAGE_RATE|REPLAY_DETECTED,BLOCK
2026-10-07T01:44:05.574,0x200,ATTACKER,243,50,True,True,True,True,True,60,HIGH,ABNORMAL_MESSAGE_RATE|REPLAY_DETECTED,BLOCK
2026-10-07T01:44:05.574,0x200,ATTACKER,244,50,True,True,True,True,True,60,HIGH,ABNORMAL_MESSAGE_RATE|REPLAY_DETECTED,BLOCK
2026-10-07T01:44:05.574,0x200,ATTACKER,245,50,True,True,True,True,True,60,HIGH,ABNORMAL_MESSAGE_RATE|REPLAY_DETECTED,BLOCK
2026-10-07T01:44:05.574,0x200,ATTACKER,246,50,True,True,True,True,True,60,HIGH,ABNORMAL_MESSAGE_RATE|REPLAY_DETECTED,BLOCK
2026-10-07T01:44:05.575,0x200,ATTACKER,247,50,True,True,True,True,True,60,HIGH,ABNORMAL_MESSAGE_RATE|REPLAY_DETECTED,BLOCK
2026-10-07T01:44:05.575,0x200,ATTACKER,248,50,True,True,True,True,True,60,HIGH,ABNORMAL_MESSAGE_RATE|REPLAY_DETECTED,BLOCK
2026-10-07T01:44:05.575,0x200,ATTACKER,249,50,True,True,True,True,True,60,HIGH,ABNORMAL_MESSAGE_RATE|REPLAY_DETECTED,BLOCK
2026-10-07T01:44:05.576,0x200,ATTACKER,250,50,True,True,True,True,True,60,HIGH,ABNORMAL_MESSAGE_RATE|REPLAY_DETECTED,BLOCK
2026-10-07T01:44:05.582,0x100,BRAKE,93,100,True,True,True,False,True,30,MEDIUM,REPLAY_DETECTED,MONITOR
2026-10-07T01:44:05.582,0x120,STEERING,47,50,True,True,True,False,True,30,MEDIUM,REPLAY_DETECTED,MONITOR
2026-10-07T01:44:05.582,0x200,SPEED,250,50,True,True,True,True,True,60,HIGH,ABNORMAL_MESSAGE_RATE|REPLAY_DETECTED,BLOCK
2026-10-07T01:44:05.583,0x300,INSTRUMENT,10,10,True,True,True,False,True,30,MEDIUM,REPLAY_DETECTED,MONITOR
2026-10-07T01:44:05.589,0x100,BRAKE,94,100,True,True,True,False,True,30,MEDIUM,REPLAY_DETECTED,MONITOR
2026-10-07T01:44:05.589,0x120,STEERING,48,50,True,True,True,False,True,30,MEDIUM,REPLAY_DETECTED,MONITOR
2026-10-07T01:44:05.590,0x200,SPEED,251,50,True,True,True,True,True,60,HIGH,ABNORMAL_MESSAGE_RATE|REPLAY_DETECTED,BLOCK
2026-10-07T01:44:05.596,0x100,BRAKE,94,100,True,True,True,False,True,30,MEDIUM,REPLAY_DETECTED,MONITOR
2026-10-07T01:44:05.597,0x200,SPEED,252,50,True,True,True,True,True,60,HIGH,ABNORMAL_MESSAGE_RATE|REPLAY_DETECTED,BLOCK
2026-10-07T01:44:05.603,0x100,BRAKE,94,100,True,True,True,False,True,30,MEDIUM,REPLAY_DETECTED,MONITOR
2026-10-07T01:44:05.604,0x200,SPEED,252,50,True,True,True,True,True,60,HIGH,ABNORMAL_MESSAGE_RATE|REPLAY_DETECTED,BLOCK
2026-10-07T01:44:05.610,0x100,BRAKE,94,100,True,True,True,False,True,30,MEDIUM,REPLAY_DETECTED,MONITOR
2026-10-07T01:44:05.611,0x200,SPEED,253,50,True,True,True,True,True,60,HIGH,ABNORMAL_MESSAGE_RATE|REPLAY_DETECTED,BLOCK
2026-10-07T01:44:05.617,0x100,BRAKE,94,100,True,True,True,False,True,30,MEDIUM,REPLAY_DETECTED,MONITOR
2026-10-07T01:44:05.617,0x200,SPEED,254,50,True,True,True,True,True,60,HIGH,ABNORMAL_MESSAGE_RATE|REPLAY_DETECTED,BLOCK
2026-10-07T01:44:05.617,0x300,INSTRUMENT,11,10,True,True,True,False,True,30,MEDIUM,REPLAY_DETECTED,MONITOR
2026-10-07T01:44:05.624,0x100,BRAKE,95,100,True,True,True,False,True,30,MEDIUM,REPLAY_DETECTED,MONITOR
2026-10-07T01:44:05.631,0x100,BRAKE,96,100,True,True,True,False,True,30,MEDIUM,REPLAY_DETECTED,MONITOR
2026-10-07T01:44:05.637,0x100,BRAKE,96,100,True,True,True,False,True,30,MEDIUM,REPLAY_DETECTED,MONITOR
2026-10-07T01:44:05.638,0x200,SPEED,254,50,True,True,True,True,True,60,HIGH,ABNORMAL_MESSAGE_RATE|REPLAY_DETECTED,BLOCK
2026-10-07T01:44:05.644,0x100,BRAKE,96,100,True,True,True,False,True,30,MEDIUM,REPLAY_DETECTED,MONITOR
2026-10-07T01:44:05.651,0x100,BRAKE,96,100,True,True,True,False,True,30,MEDIUM,REPLAY_DETECTED,MONITOR
2026-10-07T01:44:05.658,0x100,BRAKE,97,100,True,True,True,False,True,30,MEDIUM,REPLAY_DETECTED,MONITOR
2026-10-07T01:44:05.658,0x200,SPEED,254,50,True,True,True,True,True,60,HIGH,ABNORMAL_MESSAGE_RATE|REPLAY_DETECTED,BLOCK
2026-10-07T01:44:05.665,0x100,BRAKE,97,100,True,True,True,False,True,30,MEDIUM,REPLAY_DETECTED,MONITOR
2026-10-07T01:44:05.671,0x100,BRAKE,97,100,True,True,True,False,True,30,MEDIUM,REPLAY_DETECTED,MONITOR
2026-10-07T01:44:05.678,0x100,BRAKE,97,100,True,True,True,False,True,30,MEDIUM,REPLAY_DETECTED,MONITOR
2026-10-07T01:44:05.679,0x200,SPEED,253,50,True,True,True,True,True,60,HIGH,ABNORMAL_MESSAGE_RATE|REPLAY_DETECTED,BLOCK
2026-10-07T01:44:05.685,0x100,BRAKE,98,100,True,True,True,False,True,30,MEDIUM,REPLAY_DETECTED,MONITOR
2026-10-07T01:44:05.691,0x100,BRAKE,99,100,True,True,True,False,True,30,MEDIUM,REPLAY_DETECTED,MONITOR
2026-10-07T01:44:05.698,0x100,BRAKE,99,100,True,True,True,False,True,30,MEDIUM,REPLAY_DETECTED,MONITOR
2026-10-07T01:44:05.698,0x200,SPEED,254,50,True,True,True,True,True,60,HIGH,ABNORMAL_MESSAGE_RATE|REPLAY_DETECTED,BLOCK
2026-10-07T01:44:05.704,0x100,BRAKE,99,100,True,True,True,False,True,30,MEDIUM,REPLAY_DETECTED,MONITOR
2026-10-07T01:44:05.711,0x100,BRAKE,99,100,True,True,True,False,True,30,MEDIUM,REPLAY_DETECTED,MONITOR
2026-10-07T01:44:05.718,0x100,BRAKE,99,100,True,True,True,False,True,30,MEDIUM,REPLAY_DETECTED,MONITOR
2026-10-07T01:44:05.719,0x120,STEERING,50,50,True,True,True,False,True,30,MEDIUM,REPLAY_DETECTED,MONITOR
2026-10-07T01:44:05.720,0x180,ADAS,20,20,True,True,True,False,True,30,MEDIUM,REPLAY_DETECTED,MONITOR
2026-10-07T01:44:05.721,0x200,SPEED,253,50,True,True,True,True,True,60,HIGH,ABNORMAL_MESSAGE_RATE|REPLAY_DETECTED,BLOCK
2026-10-07T01:44:05.722,0x300,INSTRUMENT,10,10,True,True,True,False,True,30,MEDIUM,REPLAY_DETECTED,MONITOR
2026-10-07T01:44:05.730,0x100,BRAKE,100,100,True,True,True,False,True,30,MEDIUM,REPLAY_DETECTED,MONITOR
2026-10-07T01:44:05.738,0x100,BRAKE,100,100,True,True,True,False,True,30,MEDIUM,REPLAY_DETECTED,MONITOR
2026-10-07T01:44:05.738,0x200,SPEED,254,50,True,True,True,True,True,60,HIGH,ABNORMAL_MESSAGE_RATE|REPLAY_DETECTED,BLOCK
2026-10-07T01:44:05.744,0x100,BRAKE,100,100,True,True,True,False,True,30,MEDIUM,REPLAY_DETECTED,MONITOR
2026-10-07T01:44:05.750,0x100,BRAKE,100,100,True,True,True,False,True,30,MEDIUM,REPLAY_DETECTED,MONITOR
2026-10-07T01:44:05.757,0x100,BRAKE,101,100,True,True,True,False,True,30,MEDIUM,REPLAY_DETECTED,MONITOR
2026-10-07T01:44:05.757,0x200,SPEED,254,50,True,True,True,True,True,60,HIGH,ABNORMAL_MESSAGE_RATE|REPLAY_DETECTED,BLOCK
2026-10-07T01:44:05.768,0x100,BRAKE,101,100,True,True,True,False,True,30,MEDIUM,REPLAY_DETECTED,MONITOR
2026-10-07T01:44:05.769,0x180,ADAS,21,20,True,True,True,False,True,30,MEDIUM,REPLAY_DETECTED,MONITOR
2026-10-07T01:44:05.780,0x100,BRAKE,100,100,True,True,True,False,True,30,MEDIUM,REPLAY_DETECTED,MONITOR
2026-10-07T01:44:05.781,0x200,SPEED,252,50,True,True,True,True,False,30,MEDIUM,ABNORMAL_MESSAGE_RATE,MONITOR
2026-10-07T01:44:05.788,0x100,BRAKE,101,100,True,True,True,False,True,30,MEDIUM,REPLAY_DETECTED,MONITOR
2026-10-07T01:44:05.800,0x100,BRAKE,100,100,True,True,True,False,True,30,MEDIUM,REPLAY_DETECTED,MONITOR
2026-10-07T01:44:05.801,0x200,SPEED,252,50,True,True,True,True,True,60,HIGH,ABNORMAL_MESSAGE_RATE|REPLAY_DETECTED,BLOCK
2026-10-07T01:44:05.807,0x100,BRAKE,101,100,True,True,True,False,True,30,MEDIUM,REPLAY_DETECTED,MONITOR
2026-10-07T01:44:05.821,0x100,BRAKE,100,100,True,True,True,False,True,30,MEDIUM,REPLAY_DETECTED,MONITOR
2026-10-07T01:44:05.823,0x180,ADAS,20,20,True,True,True,False,True,30,MEDIUM,REPLAY_DETECTED,MONITOR
2026-10-07T01:44:05.824,0x200,SPEED,252,50,True,True,True,True,True,60,HIGH,ABNORMAL_MESSAGE_RATE|REPLAY_DETECTED,BLOCK
2026-10-07T01:44:05.825,0x300,INSTRUMENT,10,10,True,True,True,False,True,30,MEDIUM,REPLAY_DETECTED,MONITOR
2026-10-07T01:44:05.831,0x100,BRAKE,100,100,True,True,True,False,True,30,MEDIUM,REPLAY_DETECTED,MONITOR
2026-10-07T01:44:05.838,0x100,BRAKE,101,100,True,True,True,False,True,30,MEDIUM,REPLAY_DETECTED,MONITOR
2026-10-07T01:44:05.839,0x200,SPEED,253,50,True,True,True,True,True,60,HIGH,ABNORMAL_MESSAGE_RATE|REPLAY_DETECTED,BLOCK
2026-10-07T01:44:05.847,0x100,BRAKE,101,100,True,True,True,False,True,30,MEDIUM,REPLAY_DETECTED,MONITOR
2026-10-07T01:44:05.860,0x100,BRAKE,100,100,True,True,True,False,True,30,MEDIUM,REPLAY_DETECTED,MONITOR
2026-10-07T01:44:05.861,0x200,SPEED,252,50,True,True,True,True,False,30,MEDIUM,ABNORMAL_MESSAGE_RATE,MONITOR
2026-10-07T01:44:05.868,0x100,BRAKE,101,100,True,True,True,False,True,30,MEDIUM,REPLAY_DETECTED,MONITOR
2026-10-07T01:44:05.868,0x180,ADAS,21,20,True,True,True,False,True,30,MEDIUM,REPLAY_DETECTED,MONITOR
2026-10-07T01:44:05.882,0x100,BRAKE,100,100,True,True,True,False,True,30,MEDIUM,REPLAY_DETECTED,MONITOR
2026-10-07T01:44:05.883,0x200,SPEED,252,50,True,True,True,True,False,30,MEDIUM,ABNORMAL_MESSAGE_RATE,MONITOR
2026-10-07T01:44:05.892,0x100,BRAKE,100,100,True,True,True,False,True,30,MEDIUM,REPLAY_DETECTED,MONITOR
2026-10-07T01:44:05.900,0x100,BRAKE,100,100,True,True,True,False,True,30,MEDIUM,REPLAY_DETECTED,MONITOR
2026-10-07T01:44:05.900,0x200,SPEED,252,50,True,True,True,True,True,60,HIGH,ABNORMAL_MESSAGE_RATE|REPLAY_DETECTED,BLOCK
2026-10-07T01:44:05.907,0x100,BRAKE,101,100,True,True,True,False,True,30,MEDIUM,REPLAY_DETECTED,MONITOR
2026-10-07T01:44:05.920,0x100,BRAKE,100,100,True,True,True,False,True,30,MEDIUM,REPLAY_DETECTED,MONITOR
2026-10-07T01:44:05.921,0x180,ADAS,20,20,True,True,True,False,True,30,MEDIUM,REPLAY_DETECTED,MONITOR
2026-10-07T01:44:05.922,0x200,SPEED,252,50,True,True,True,True,True,60,HIGH,ABNORMAL_MESSAGE_RATE|REPLAY_DETECTED,BLOCK
2026-10-07T01:44:05.927,0x300,INSTRUMENT,10,10,True,True,True,False,True,30,MEDIUM,REPLAY_DETECTED,MONITOR
2026-10-07T01:44:05.934,0x100,BRAKE,100,100,True,True,True,False,True,30,MEDIUM,REPLAY_DETECTED,MONITOR
2026-10-07T01:44:05.941,0x100,BRAKE,101,100,True,True,True,False,True,30,MEDIUM,REPLAY_DETECTED,MONITOR
2026-10-07T01:44:05.943,0x200,SPEED,253,50,True,True,True,True,True,60,HIGH,ABNORMAL_MESSAGE_RATE|REPLAY_DETECTED,BLOCK
2026-10-07T01:44:05.950,0x100,BRAKE,100,100,True,True,True,False,True,30,MEDIUM,REPLAY_DETECTED,MONITOR
2026-10-07T01:44:05.959,0x100,BRAKE,100,100,True,True,True,False,True,30,MEDIUM,REPLAY_DETECTED,MONITOR
2026-10-07T01:44:05.960,0x200,SPEED,252,50,True,True,True,True,True,60,HIGH,ABNORMAL_MESSAGE_RATE|REPLAY_DETECTED,BLOCK
2026-10-07T01:44:05.967,0x100,BRAKE,101,100,True,True,True,False,True,30,MEDIUM,REPLAY_DETECTED,MONITOR
2026-10-07T01:44:05.968,0x180,ADAS,21,20,True,True,True,False,True,30,MEDIUM,REPLAY_DETECTED,MONITOR
2026-10-07T01:44:05.981,0x100,BRAKE,100,100,True,True,True,False,True,30,MEDIUM,REPLAY_DETECTED,MONITOR
2026-10-07T01:44:05.982,0x200,SPEED,252,50,True,True,True,True,True,60,HIGH,ABNORMAL_MESSAGE_RATE|REPLAY_DETECTED,BLOCK
2026-10-07T01:44:05.989,0x100,BRAKE,101,100,True,True,True,False,True,30,MEDIUM,REPLAY_DETECTED,MONITOR
2026-10-07T01:44:05.996,0x100,BRAKE,101,100,True,True,True,False,True,30,MEDIUM,REPLAY_DETECTED,MONITOR
2026-10-07T01:44:05.997,0x200,SPEED,253,50,True,True,True,True,True,60,HIGH,ABNORMAL_MESSAGE_RATE|REPLAY_DETECTED,BLOCK
2026-10-07T01:44:06.010,0x100,BRAKE,100,100,True,True,True,False,True,30,MEDIUM,REPLAY_DETECTED,MONITOR
2026-10-07T01:44:06.017,0x100,BRAKE,101,100,True,True,True,False,True,30,MEDIUM,REPLAY_DETECTED,MONITOR
2026-10-07T01:44:06.018,0x180,ADAS,21,20,True,True,True,False,True,30,MEDIUM,REPLAY_DETECTED,MONITOR
2026-10-07T01:44:06.019,0x200,SPEED,253,50,True,True,True,True,True,60,HIGH,ABNORMAL_MESSAGE_RATE|REPLAY_DETECTED,BLOCK
2026-10-07T01:44:06.019,0x300,INSTRUMENT,11,10,True,True,True,False,True,30,MEDIUM,REPLAY_DETECTED,MONITOR
2026-10-07T01:44:06.026,0x100,BRAKE,101,100,True,True,True,False,True,30,MEDIUM,REPLAY_DETECTED,MONITOR
2026-10-07T01:44:06.042,0x100,BRAKE,100,100,True,True,True,False,True,30,MEDIUM,REPLAY_DETECTED,MONITOR
2026-10-07T01:44:06.043,0x200,SPEED,252,50,True,True,True,True,False,30,MEDIUM,ABNORMAL_MESSAGE_RATE,MONITOR
2026-10-07T01:44:06.050,0x100,BRAKE,100,100,True,True,True,False,True,30,MEDIUM,REPLAY_DETECTED,MONITOR
2026-10-07T01:44:06.058,0x100,BRAKE,101,100,True,True,True,False,True,30,MEDIUM,REPLAY_DETECTED,MONITOR
2026-10-07T01:44:06.058,0x200,SPEED,253,50,True,True,True,True,False,30,MEDIUM,ABNORMAL_MESSAGE_RATE,MONITOR
2026-10-07T01:44:06.071,0x100,BRAKE,100,100,True,True,True,False,True,30,MEDIUM,REPLAY_DETECTED,MONITOR
2026-10-07T01:44:06.074,0x180,ADAS,20,20,True,True,True,False,True,30,MEDIUM,REPLAY_DETECTED,MONITOR
2026-10-07T01:44:06.081,0x100,BRAKE,100,100,True,True,True,False,True,30,MEDIUM,REPLAY_DETECTED,MONITOR
2026-10-07T01:44:06.082,0x200,SPEED,251,50,True,True,True,True,False,30,MEDIUM,ABNORMAL_MESSAGE_RATE,MONITOR
2026-10-07T01:44:06.093,0x100,BRAKE,100,100,True,True,True,False,True,30,MEDIUM,REPLAY_DETECTED,MONITOR
2026-10-07T01:44:06.100,0x100,BRAKE,100,100,True,True,True,False,True,30,MEDIUM,REPLAY_DETECTED,MONITOR
2026-10-07T01:44:06.101,0x120,STEERING,50,50,True,True,True,False,True,30,MEDIUM,REPLAY_DETECTED,MONITOR
2026-10-07T01:44:06.102,0x200,SPEED,251,50,True,True,True,True,False,30,MEDIUM,ABNORMAL_MESSAGE_RATE,MONITOR
2026-10-07T01:44:06.109,0x100,BRAKE,100,100,True,True,True,False,True,30,MEDIUM,REPLAY_DETECTED,MONITOR
2026-10-07T01:44:06.117,0x100,BRAKE,101,100,True,True,True,False,True,30,MEDIUM,REPLAY_DETECTED,MONITOR
2026-10-07T01:44:06.118,0x120,STEERING,51,50,True,True,True,False,True,30,MEDIUM,REPLAY_DETECTED,MONITOR
2026-10-07T01:44:06.118,0x200,SPEED,252,50,True,True,True,True,True,60,HIGH,ABNORMAL_MESSAGE_RATE|REPLAY_DETECTED,BLOCK
2026-10-07T01:44:06.131,0x100,BRAKE,100,100,True,True,True,False,True,30,MEDIUM,REPLAY_DETECTED,MONITOR
2026-10-07T01:44:06.141,0x100,BRAKE,101,100,True,True,True,False,True,30,MEDIUM,REPLAY_DETECTED,MONITOR
2026-10-07T01:44:06.142,0x200,SPEED,252,50,True,True,True,True,True,60,HIGH,ABNORMAL_MESSAGE_RATE|REPLAY_DETECTED,BLOCK
2026-10-07T01:44:06.149,0x100,BRAKE,101,100,True,True,True,False,True,30,MEDIUM,REPLAY_DETECTED,MONITOR
2026-10-07T01:44:06.158,0x100,BRAKE,101,100,True,True,True,False,True,30,MEDIUM,REPLAY_DETECTED,MONITOR
2026-10-07T01:44:06.159,0x200,SPEED,252,50,True,True,True,True,True,60,HIGH,ABNORMAL_MESSAGE_RATE|REPLAY_DETECTED,BLOCK
2026-10-07T01:44:06.171,0x100,BRAKE,100,100,True,True,True,False,True,30,MEDIUM,REPLAY_DETECTED,MONITOR
2026-10-07T01:44:06.172,0x180,ADAS,20,20,True,True,True,False,True,30,MEDIUM,REPLAY_DETECTED,MONITOR
2026-10-07T01:44:06.180,0x100,BRAKE,100,100,True,True,True,False,True,30,MEDIUM,REPLAY_DETECTED,MONITOR
2026-10-07T01:44:06.181,0x200,SPEED,251,50,True,True,True,True,True,60,HIGH,ABNORMAL_MESSAGE_RATE|REPLAY_DETECTED,BLOCK
2026-10-07T01:44:06.187,0x100,BRAKE,101,100,True,True,True,False,True,30,MEDIUM,REPLAY_DETECTED,MONITOR
2026-10-07T01:44:06.201,0x100,BRAKE,100,100,True,True,True,False,True,30,MEDIUM,REPLAY_DETECTED,MONITOR
2026-10-07T01:44:06.202,0x200,SPEED,251,50,True,True,True,True,True,60,HIGH,ABNORMAL_MESSAGE_RATE|REPLAY_DETECTED,BLOCK
2026-10-07T01:44:06.209,0x100,BRAKE,101,100,True,True,True,False,True,30,MEDIUM,REPLAY_DETECTED,MONITOR
2026-10-07T01:44:06.217,0x100,BRAKE,101,100,True,True,True,False,True,30,MEDIUM,REPLAY_DETECTED,MONITOR
2026-10-07T01:44:06.218,0x200,SPEED,252,50,True,True,True,True,False,30,MEDIUM,ABNORMAL_MESSAGE_RATE,MONITOR
2026-10-07T01:44:06.218,0x300,INSTRUMENT,11,10,True,True,True,False,True,30,MEDIUM,REPLAY_DETECTED,MONITOR
2026-10-07T01:44:06.230,0x100,BRAKE,100,100,True,True,True,False,True,30,MEDIUM,REPLAY_DETECTED,MONITOR
2026-10-07T01:44:06.237,0x100,BRAKE,101,100,True,True,True,False,True,30,MEDIUM,REPLAY_DETECTED,MONITOR
2026-10-07T01:44:06.238,0x120,STEERING,51,50,True,True,True,False,True,30,MEDIUM,REPLAY_DETECTED,MONITOR
2026-10-07T01:44:06.238,0x200,SPEED,252,50,True,True,True,True,True,60,HIGH,ABNORMAL_MESSAGE_RATE|REPLAY_DETECTED,BLOCK
2026-10-07T01:44:06.252,0x100,BRAKE,100,100,True,True,True,False,True,30,MEDIUM,REPLAY_DETECTED,MONITOR
2026-10-07T01:44:06.259,0x100,BRAKE,101,100,True,True,True,False,True,30,MEDIUM,REPLAY_DETECTED,MONITOR
2026-10-07T01:44:06.260,0x200,SPEED,252,50,True,True,True,True,True,60,HIGH,ABNORMAL_MESSAGE_RATE|REPLAY_DETECTED,BLOCK
2026-10-07T01:44:06.267,0x100,BRAKE,100,100,True,True,True,False,True,30,MEDIUM,REPLAY_DETECTED,MONITOR
2026-10-07T01:44:06.268,0x180,ADAS,20,20,True,True,True,False,True,30,MEDIUM,REPLAY_DETECTED,MONITOR
2026-10-07T01:44:06.280,0x100,BRAKE,101,100,True,True,True,False,True,30,MEDIUM,REPLAY_DETECTED,MONITOR
2026-10-07T01:44:06.281,0x200,SPEED,252,50,True,True,True,True,False,30,MEDIUM,ABNORMAL_MESSAGE_RATE,MONITOR
2026-10-07T01:44:06.288,0x100,BRAKE,101,100,True,True,True,False,True,30,MEDIUM,REPLAY_DETECTED,MONITOR
2026-10-07T01:44:06.299,0x100,BRAKE,100,100,True,True,True,False,True,30,MEDIUM,REPLAY_DETECTED,MONITOR
2026-10-07T01:44:06.300,0x120,STEERING,50,50,True,True,True,False,True,30,MEDIUM,REPLAY_DETECTED,MONITOR
2026-10-07T01:44:06.301,0x200,SPEED,251,50,True,True,True,True,True,60,HIGH,ABNORMAL_MESSAGE_RATE|REPLAY_DETECTED,BLOCK
2026-10-07T01:44:06.308,0x100,BRAKE,101,100,True,True,True,False,True,30,MEDIUM,REPLAY_DETECTED,MONITOR
2026-10-07T01:44:06.321,0x100,BRAKE,100,100,True,True,True,False,True,30,MEDIUM,REPLAY_DETECTED,MONITOR
2026-10-07T01:44:06.324,0x200,SPEED,251,50,True,True,True,True,True,60,HIGH,ABNORMAL_MESSAGE_RATE|REPLAY_DETECTED,BLOCK
2026-10-07T01:44:06.324,0x300,INSTRUMENT,10,10,True,True,True,False,True,30,MEDIUM,REPLAY_DETECTED,MONITOR
2026-10-07T01:44:06.325,0x200,ATTACKER,252,50,True,True,True,True,False,30,MEDIUM,ABNORMAL_MESSAGE_RATE,MONITOR
2026-10-07T01:44:06.326,0x555,ATTACKER,1,,False,True,True,True,True,100,CRITICAL,UNKNOWN_CAN_ID|ABNORMAL_MESSAGE_RATE|REPLAY_DETECTED,BLOCK_AND_ISOLATE
2026-10-07T01:44:06.332,0x100,BRAKE,100,100,True,True,True,False,True,30,MEDIUM,REPLAY_DETECTED,MONITOR
2026-10-07T01:44:06.341,0x100,BRAKE,100,100,True,True,True,False,True,30,MEDIUM,REPLAY_DETECTED,MONITOR
2026-10-07T01:44:06.342,0x200,SPEED,252,50,True,True,True,True,True,60,HIGH,ABNORMAL_MESSAGE_RATE|REPLAY_DETECTED,BLOCK
2026-10-07T01:44:06.348,0x100,BRAKE,100,100,True,True,True,False,True,30,MEDIUM,REPLAY_DETECTED,MONITOR
2026-10-07T01:44:06.357,0x100,BRAKE,101,100,True,True,True,False,True,30,MEDIUM,REPLAY_DETECTED,MONITOR
2026-10-07T01:44:06.357,0x200,SPEED,253,50,True,True,True,True,True,60,HIGH,ABNORMAL_MESSAGE_RATE|REPLAY_DETECTED,BLOCK
2026-10-07T01:44:06.370,0x100,BRAKE,100,100,True,True,True,False,True,30,MEDIUM,REPLAY_DETECTED,MONITOR
2026-10-07T01:44:06.373,0x180,ADAS,20,20,True,True,True,False,True,30,MEDIUM,REPLAY_DETECTED,MONITOR
2026-10-07T01:44:06.380,0x100,BRAKE,100,100,True,True,True,False,True,30,MEDIUM,REPLAY_DETECTED,MONITOR
2026-10-07T01:44:06.381,0x200,SPEED,252,50,True,True,True,True,False,30,MEDIUM,ABNORMAL_MESSAGE_RATE,MONITOR
2026-10-07T01:44:06.388,0x100,BRAKE,101,100,True,True,True,False,True,30,MEDIUM,REPLAY_DETECTED,MONITOR
2026-10-07T01:44:06.399,0x100,BRAKE,100,100,True,True,True,False,True,30,MEDIUM,REPLAY_DETECTED,MONITOR
2026-10-07T01:44:06.400,0x200,SPEED,252,50,True,True,True,True,True,60,HIGH,ABNORMAL_MESSAGE_RATE|REPLAY_DETECTED,BLOCK
2026-10-07T01:44:06.409,0x100,BRAKE,100,100,True,True,True,False,True,30,MEDIUM,REPLAY_DETECTED,MONITOR
2026-10-07T01:44:06.416,0x100,BRAKE,101,100,True,True,True,False,True,30,MEDIUM,REPLAY_DETECTED,MONITOR
2026-10-07T01:44:06.417,0x200,SPEED,253,50,True,True,True,True,True,60,HIGH,ABNORMAL_MESSAGE_RATE|REPLAY_DETECTED,BLOCK
2026-10-07T01:44:06.418,0x300,INSTRUMENT,11,10,True,True,True,False,True,30,MEDIUM,REPLAY_DETECTED,MONITOR
2026-10-07T01:44:06.431,0x100,BRAKE,101,100,True,True,True,False,True,30,MEDIUM,REPLAY_DETECTED,MONITOR
2026-10-07T01:44:06.438,0x100,BRAKE,101,100,True,True,True,False,True,30,MEDIUM,REPLAY_DETECTED,MONITOR
2026-10-07T01:44:06.443,0x200,SPEED,252,50,True,True,True,True,True,60,HIGH,ABNORMAL_MESSAGE_RATE|REPLAY_DETECTED,BLOCK
2026-10-07T01:44:06.450,0x100,BRAKE,100,100,True,True,True,False,True,30,MEDIUM,REPLAY_DETECTED,MONITOR
2026-10-07T01:44:06.459,0x100,BRAKE,101,100,True,True,True,False,True,30,MEDIUM,REPLAY_DETECTED,MONITOR
2026-10-07T01:44:06.459,0x120,STEERING,51,50,True,True,True,False,True,30,MEDIUM,REPLAY_DETECTED,MONITOR
2026-10-07T01:44:06.460,0x200,SPEED,253,50,True,True,True,True,False,30,MEDIUM,ABNORMAL_MESSAGE_RATE,MONITOR
2026-10-07T01:44:06.467,0x100,BRAKE,101,100,True,True,True,False,True,30,MEDIUM,REPLAY_DETECTED,MONITOR
2026-10-07T01:44:06.468,0x180,ADAS,21,20,True,True,True,False,True,30,MEDIUM,REPLAY_DETECTED,MONITOR
2026-10-07T01:44:06.481,0x100,BRAKE,100,100,True,True,True,False,True,30,MEDIUM,REPLAY_DETECTED,MONITOR
2026-10-07T01:44:06.482,0x200,SPEED,252,50,True,True,True,True,True,60,HIGH,ABNORMAL_MESSAGE_RATE|REPLAY_DETECTED,BLOCK
2026-10-07T01:44:06.489,0x100,BRAKE,101,100,True,True,True,False,True,30,MEDIUM,REPLAY_DETECTED,MONITOR
2026-10-07T01:44:06.493,0x200,ATTACKER,253,50,True,True,False,True,True,90,CRITICAL,ABNORMAL_MESSAGE_RATE|INVALID_PAYLOAD|REPLAY_DETECTED,BLOCK_AND_ISOLATE
2026-10-07T01:44:06.500,0x100,BRAKE,100,100,True,True,True,False,True,30,MEDIUM,REPLAY_DETECTED,MONITOR
2026-10-07T01:44:06.501,0x120,STEERING,50,50,True,True,True,False,True,30,MEDIUM,REPLAY_DETECTED,MONITOR
2026-10-07T01:44:06.501,0x200,SPEED,253,50,True,True,True,True,True,60,HIGH,ABNORMAL_MESSAGE_RATE|REPLAY_DETECTED,BLOCK
2026-10-07T01:44:06.508,0x100,BRAKE,101,100,True,True,True,False,True,30,MEDIUM,REPLAY_DETECTED,MONITOR
2026-10-07T01:44:06.522,0x100,BRAKE,102,100,True,True,True,False,True,30,MEDIUM,REPLAY_DETECTED,MONITOR
2026-10-07T01:44:06.524,0x200,SPEED,208,50,True,True,True,True,False,30,MEDIUM,ABNORMAL_MESSAGE_RATE,MONITOR
2026-10-07T01:44:06.531,0x100,BRAKE,103,100,True,True,True,False,True,30,MEDIUM,REPLAY_DETECTED,MONITOR
2026-10-07T01:44:06.538,0x100,BRAKE,104,100,True,True,True,False,True,30,MEDIUM,REPLAY_DETECTED,MONITOR
2026-10-07T01:44:06.539,0x200,SPEED,163,50,True,True,True,True,True,60,HIGH,ABNORMAL_MESSAGE_RATE|REPLAY_DETECTED,BLOCK
2026-10-07T01:44:06.546,0x100,BRAKE,105,100,True,True,True,False,True,30,MEDIUM,REPLAY_DETECTED,MONITOR
2026-10-07T01:44:06.560,0x100,BRAKE,106,100,True,True,True,False,True,30,MEDIUM,REPLAY_DETECTED,MONITOR
2026-10-07T01:44:06.561,0x200,SPEED,99,50,True,True,True,False,True,30,MEDIUM,REPLAY_DETECTED,MONITOR
2026-10-07T01:44:06.568,0x100,BRAKE,107,100,True,True,True,False,True,30,MEDIUM,REPLAY_DETECTED,MONITOR
2026-10-07T01:44:06.569,0x180,ADAS,22,20,True,True,True,False,True,30,MEDIUM,REPLAY_DETECTED,MONITOR
2026-10-07T01:44:06.576,0x100,BRAKE,108,100,True,True,True,False,True,30,MEDIUM,REPLAY_DETECTED,MONITOR
2026-10-07T01:44:06.577,0x200,SPEED,56,50,True,True,True,False,True,30,MEDIUM,REPLAY_DETECTED,MONITOR
2026-10-07T01:44:06.590,0x100,BRAKE,107,100,True,True,True,False,True,30,MEDIUM,REPLAY_DETECTED,MONITOR
2026-10-07T01:44:06.597,0x100,BRAKE,107,100,True,True,True,False,True,30,MEDIUM,REPLAY_DETECTED,MONITOR
2026-10-07T01:44:06.598,0x200,SPEED,54,50,True,True,True,False,True,30,MEDIUM,REPLAY_DETECTED,MONITOR
2026-10-07T01:44:06.611,0x100,BRAKE,106,100,True,True,True,False,True,30,MEDIUM,REPLAY_DETECTED,MONITOR
2026-10-07T01:44:06.618,0x100,BRAKE,106,100,True,True,True,False,True,30,MEDIUM,REPLAY_DETECTED,MONITOR
2026-10-07T01:44:06.619,0x200,SPEED,52,50,True,True,True,False,True,30,MEDIUM,REPLAY_DETECTED,MONITOR
2026-10-07T01:44:06.619,0x300,INSTRUMENT,10,10,True,True,True,False,True,30,MEDIUM,REPLAY_DETECTED,MONITOR
2026-10-07T01:44:06.626,0x100,BRAKE,106,100,True,True,True,False,True,30,MEDIUM,REPLAY_DETECTED,MONITOR
2026-10-07T01:44:06.640,0x100,BRAKE,105,100,True,True,True,False,True,30,MEDIUM,REPLAY_DETECTED,MONITOR
2026-10-07T01:44:06.641,0x120,STEERING,50,50,True,True,True,False,True,30,MEDIUM,REPLAY_DETECTED,MONITOR
2026-10-07T01:44:06.647,0x100,BRAKE,105,100,True,True,True,False,True,30,MEDIUM,REPLAY_DETECTED,MONITOR
2026-10-07T01:44:06.661,0x100,BRAKE,104,100,True,True,True,False,True,30,MEDIUM,REPLAY_DETECTED,MONITOR
2026-10-07T01:44:06.662,0x200,SPEED,52,50,True,True,True,False,True,30,MEDIUM,REPLAY_DETECTED,MONITOR
2026-10-07T01:44:06.669,0x100,BRAKE,104,100,True,True,True,False,True,30,MEDIUM,REPLAY_DETECTED,MONITOR
2026-10-07T01:44:06.670,0x180,ADAS,21,20,True,True,True,False,True,30,MEDIUM,REPLAY_DETECTED,MONITOR
2026-10-07T01:44:06.677,0x100,BRAKE,104,100,True,True,True,False,True,30,MEDIUM,REPLAY_DETECTED,MONITOR
2026-10-07T01:44:06.678,0x200,SPEED,53,50,True,True,True,False,True,30,MEDIUM,REPLAY_DETECTED,MONITOR
2026-10-07T01:44:06.693,0x100,BRAKE,102,100,True,True,True,False,True,30,MEDIUM,REPLAY_DETECTED,MONITOR
2026-10-07T01:44:06.700,0x100,BRAKE,102,100,True,True,True,False,True,30,MEDIUM,REPLAY_DETECTED,MONITOR
2026-10-07T01:44:06.701,0x200,SPEED,52,50,True,True,True,False,True,30,MEDIUM,REPLAY_DETECTED,MONITOR
2026-10-07T01:44:06.709,0x100,BRAKE,102,100,True,True,True,False,True,30,MEDIUM,REPLAY_DETECTED,MONITOR
2026-10-07T01:44:06.716,0x100,BRAKE,102,100,True,True,True,False,True,30,MEDIUM,REPLAY_DETECTED,MONITOR
2026-10-07T01:44:06.717,0x200,SPEED,53,50,True,True,True,False,True,30,MEDIUM,REPLAY_DETECTED,MONITOR
2026-10-07T01:44:06.717,0x300,INSTRUMENT,11,10,True,True,True,False,True,30,MEDIUM,REPLAY_DETECTED,MONITOR
2026-10-07T01:44:06.730,0x100,BRAKE,101,100,True,True,True,False,True,30,MEDIUM,REPLAY_DETECTED,MONITOR
2026-10-07T01:44:06.737,0x100,BRAKE,102,100,True,True,True,False,True,30,MEDIUM,REPLAY_DETECTED,MONITOR
2026-10-07T01:44:06.737,0x200,SPEED,53,50,True,True,True,False,True,30,MEDIUM,REPLAY_DETECTED,MONITOR
2026-10-07T01:44:06.750,0x100,BRAKE,101,100,True,True,True,False,True,30,MEDIUM,REPLAY_DETECTED,MONITOR
2026-10-07T01:44:06.758,0x100,BRAKE,100,100,True,True,True,False,True,30,MEDIUM,REPLAY_DETECTED,MONITOR
2026-10-07T01:44:06.771,0x100,BRAKE,100,100,True,True,True,False,True,30,MEDIUM,REPLAY_DETECTED,MONITOR
2026-10-07T01:44:06.779,0x100,BRAKE,101,100,True,True,True,False,True,30,MEDIUM,REPLAY_DETECTED,MONITOR
2026-10-07T01:44:06.780,0x200,SPEED,53,50,True,True,True,False,True,30,MEDIUM,REPLAY_DETECTED,MONITOR
2026-10-07T01:44:06.787,0x100,BRAKE,101,100,True,True,True,False,True,30,MEDIUM,REPLAY_DETECTED,MONITOR
2026-10-07T01:44:06.799,0x100,BRAKE,101,100,True,True,True,False,True,30,MEDIUM,REPLAY_DETECTED,MONITOR
2026-10-07T01:44:06.799,0x200,SPEED,53,50,True,True,True,False,True,30,MEDIUM,REPLAY_DETECTED,MONITOR
2026-10-07T01:44:06.812,0x100,BRAKE,100,100,True,True,True,False,True,30,MEDIUM,REPLAY_DETECTED,MONITOR
2026-10-07T01:44:06.818,0x100,BRAKE,101,100,True,True,True,False,True,30,MEDIUM,REPLAY_DETECTED,MONITOR
2026-10-07T01:44:06.819,0x180,ADAS,21,20,True,True,True,False,True,30,MEDIUM,REPLAY_DETECTED,MONITOR
2026-10-07T01:44:06.820,0x200,SPEED,53,50,True,True,True,False,True,30,MEDIUM,REPLAY_DETECTED,MONITOR
2026-10-07T01:44:06.820,0x300,INSTRUMENT,11,10,True,True,True,False,True,30,MEDIUM,REPLAY_DETECTED,MONITOR
2026-10-07T01:44:06.827,0x100,BRAKE,101,100,True,True,True,False,True,30,MEDIUM,REPLAY_DETECTED,MONITOR
2026-10-07T01:44:06.839,0x100,BRAKE,100,100,True,True,True,False,True,30,MEDIUM,REPLAY_DETECTED,MONITOR
2026-10-07T01:44:06.840,0x200,SPEED,52,50,True,True,True,False,True,30,MEDIUM,REPLAY_DETECTED,MONITOR
2026-10-07T01:44:06.848,0x100,BRAKE,100,100,True,True,True,False,True,30,MEDIUM,REPLAY_DETECTED,MONITOR
2026-10-07T01:44:06.861,0x100,BRAKE,100,100,True,True,True,False,True,30,MEDIUM,REPLAY_DETECTED,MONITOR
2026-10-07T01:44:06.868,0x100,BRAKE,101,100,True,True,True,False,True,30,MEDIUM,REPLAY_DETECTED,MONITOR
2026-10-07T01:44:06.881,0x100,BRAKE,101,100,True,True,True,False,True,30,MEDIUM,REPLAY_DETECTED,MONITOR
2026-10-07T01:44:06.887,0x100,BRAKE,101,100,True,True,True,False,True,30,MEDIUM,REPLAY_DETECTED,MONITOR
2026-10-07T01:44:06.900,0x100,BRAKE,100,100,True,True,True,False,True,30,MEDIUM,REPLAY_DETECTED,MONITOR
2026-10-07T01:44:06.907,0x100,BRAKE,101,100,True,True,True,False,True,30,MEDIUM,REPLAY_DETECTED,MONITOR
